Item,Address,Latitude,Longitude
0,"2746 NE 45TH ST, SEATTLE, WA 98105, USA",47.6621552,-122.2964032
1,"1906 N 34TH ST, SEATTLE, WA 98103, USA",47.6481547,-122.3345878
2,"2125 TERRY AVE, SEATTLE, WA 98121, USA",47.6182484,-122.3374281
3,"1001 FAIRVIEW AVE N, 1700A, SEATTLE, WA 98109, USA",,
4,"1225 1ST AVE, SEATTLE, WA 98101, USA",47.6066387,-122.3383038
5,"15364 NE 96TH PL, REDMOND, WA 98052, USA",47.6870248,-122.1343502
6,"18114 E VALLEY HWY, KENT, WA 98032, USA",47.4399068,-122.2210309
7,"7638 NE BOTHELL WAY, KENMORE, WA 98028, USA",47.7577588,-122.2376299
8,"775 NW GILMAN BLVD, STE G, ISSAQUAH, WA 98027, USA",,
9,"18000 INTERNATIONAL BLVD BLVD S, SEATAC, WA 98188, USA",,
10,"900 BELLEVUE WAY NE, Bellevue, WA 98004, USA",47.6182444,-122.1999667
11,"255 S KING ST, SEATTLE, WA 98104, USA",47.5978862,-122.3309887
12,"2305 EASTLAKE AVE E, SEATTLE, WA 98102, USA",47.6399433,-122.3260931
13,"3601 FREMONT AVE N, 101, SEATTLE, WA 98103, USA",47.6515391,-122.3504629
14,"1102 4TH AVE, SEATTLE, WA 98101, USA",47.6070851,-122.3335699
15,"7729 RAINIER AVE S, SEATTLE, WA 98118, USA",47.5327753,-122.270324
16,"9211 DELRIDGE WAY SW, SEATTLE, WA 98106, USA",47.5206083,-122.358351
17,"19600 144TH AVE NE, WOODINVILLE, WA 98072, USA",47.7695619,-122.1476588
18,"4512 KLAHANIE DR SW, SAMMAMISH, WA 98029, USA",,
19,"14148 NE 190TH ST, WOODINVILLE, WA 98072, USA",47.7650665,-122.1510149
20,"11901 NE VILLAGE PL, 171, KIRKLAND, WA 98034, USA",,
21,"610 TERRY AVE N, 170, SEATTLE, WA 98109, USA",,
22,"1329 N 45TH ST, 109, SEATTLE, WA 98103, USA",,
23,"1401 BROADWAY, SEATTLE, WA 98122, USA",47.6131116,-122.3209687
24,"101 NICKERSON ST, A, SEATTLE, WA 98109, USA",,
25,"8738 RAINIER AVE S, SEATTLE, WA 98118, USA",47.5241981,-122.2696959
26,"13701 NE 171ST ST, WOODINVILLE, WA 98072, USA",47.7506051,-122.1560165
27,"2120 6TH AVE, SEATTLE, WA 98121, USA",47.6158005,-122.3403323
28,"8315 S 212TH ST, Kent, WA 98032, USA",47.4121248,-122.2291108
29,"2701 E CHERRY ST, SEATTLE, WA 98122, USA",47.6077573,-122.2975349
30,"11851 GLENDALE WAY S, SEATTLE, WA 98168, USA",,
31,"12506 LAKE CITY WAY NE, SEATTLE, WA 98125, USA",47.7195575,-122.294775
32,"2237 2ND AVE, SEATTLE, WA 98121, USA",47.613843,-122.34564
33,"1525 13TH AVE, kitchen 102, Seattle, WA 98122, USA",,
34,"12702 RENTON AVE S, SEATTLE, WA 98178, USA",47.4901512,-122.2379021
35,"14611 1ST AVE S, BURIEN, WA 98168, USA",47.4717523,-122.3343191
36,"1908 3RD AVE, Seattle, WA 98101, USA",47.6120244,-122.3399314
37,"22406 PACIFIC HWY S, DES MOINES, WA 98198, USA",47.4003321,-122.2968019
38,"1800 NE 44TH ST, 100, Renton, WA 98056, USA",,
39,"14525 148th AVE NE, 112, Woodinville, WA 98072, USA",,
40,"2323 N 45TH ST, SEATTLE, WA 98103, USA",47.6612651,-122.330356
41,"2121 TERRY AVE, #104, SEATTLE, WA 98121, USA",,
42,"1718 N 45TH ST, Seattle, WA 98103, USA",47.6615191,-122.3367749
43,"1913 N 45TH ST, Seattle, WA 98103, USA",47.6612815,-122.3344363
44,"4300 LEARY WAY NW, Seattle, WA 98107, USA",47.6591053,-122.3645009
45,"311 NE 103rd ST, SEATTLE, WA 98125, USA",47.7029915,-122.3250769
46,"10705 SE CARR RD, Renton, WA 98055, USA",47.4442763,-122.1979318
47,"1502 QUEEN ANNE AVE N, Seattle, WA 98109, USA",47.6325273,-122.356675
48,"10146 MAIN ST, BELLEVUE, WA 98004, USA",47.6102672,-122.204395
49,"2201 N 56TH ST, SEATTLE, WA 98103, USA",47.6686092,-122.3326924
50,"663 S WELLER ST, SEATTLE, WA 98104, USA",47.5974028,-122.3244966
51,"5700 M L KING JR WAY S, SEATTLE, WA 98118, USA",,
52,"4710 UNIVERSITY WAY NE, SEATTLE, WA 98105, USA",47.6633636,-122.3126504
53,"11657 DES MOINES MEMORIAL DR S, SEATTLE, WA 98168, USA",,
54,"17801 INTERNATIONAL BLVD, BC-01, SEATAC, WA 98158, USA",,
55,"1607 Queen Anne AVE N, Seattle, WA 98109, USA",47.6338944,-122.3574338
56,"34041 MILITARY RD S, AUBURN, WA 98001, USA",47.2959719,-122.2740175
57,"1600 SW HOLDEN ST, Seattle, WA 98106, USA",47.5340103,-122.3554088
58,"2904 S KENT DES MOINES RD, DES MOINES, WA 98198, USA",47.3953219,-122.296612
59,"3120 S 176TH ST, SEATTLE, WA 98188, USA",47.8391737,-122.3017624
60,"5900 PHINNEY AVE N, Seattle, WA 98103, USA",47.6720351,-122.3539296
61,"6111 24TH AVE NW, SEATTLE, WA 98107, USA",47.6735518,-122.3880933
62,"103 15TH AVE E, Seattle, WA 98112, USA",47.6186766,-122.3131867
63,"4812 ERSKINE WAY SW, SEATTLE, WA 98116, USA",47.5588188,-122.3871369
64,"3939 STONE WAY N, Seattle, WA 98103, USA",47.655088,-122.3429182
65,"7314 AURORA AVE N, Seattle, WA 98103, USA",47.6826094,-122.3440187
66,"21454 PACIFIC HWY S, Seattle, WA 98198, USA",,
67,"711 WASHINGTON AVE N, KENT, WA 98032, USA",47.3870482,-122.2480087
68,"1522 E MADISON ST, Seattle, WA 98122, USA",47.6150837,-122.311833
69,"2353 140TH AVE NE, BELLEVUE, WA 98005, USA",47.6311606,-122.154433
70,"13335 100TH AVE NE, Kirkland, WA 98034, USA",47.720411,-122.2083707
71,"1302 8TH ST NE, AUBURN, WA 98002, USA",47.3148628,-122.2132847
72,"12355 15TH AVE NE, Seattle, WA 98125, USA",47.7191041,-122.3132196
73,"14501 JUANITA WOODINVILLE WAY NE, Bothell, WA 98011, USA",47.733194,-122.195209
74,"28719 MILITARY RD S, FEDERAL WAY, WA 98003, USA",47.343741,-122.3019102
75,"2429 HARBOR AVE SW, SEATTLE, WA 98126, USA",47.5813955,-122.3734596
76,"680 STRANDER BLVD, TUKWILA, WA 98188, USA",47.4578334,-122.2446056
77,"2202 AUBURN WAY N, Auburn, WA 98002, USA",47.3267256,-122.2209883
78,"20008 PACIFIC HWY S, SEATTLE, WA 98198, USA",,
73,"14501 JUANITA WOODINVILLE WAY NE, Bothell, WA 98011, USA",47.733192,-122.19521
79,"4020 NE 4th ST, #A, RENTON, WA 98056, USA",,
80,"17615 108TH AVE SE, RENTON, WA 98055, USA",47.444646,-122.1974679
81,"1602 A ST SE, Auburn, WA 98002, USA",47.2938249,-122.2284225
82,"819 VIRGINIA ST, C-1, SEATTLE, WA 98101, USA",,
83,"810 3RD AVE, 820, SEATTLE, WA 98104, USA",,
84,"100 BELLEVUE WAY SE, BELLEVUE, WA 98004, USA",47.6095292,-122.2011035
85,"1105 NE 47th ST, SEATTLE, WA 98105, USA",47.6629954,-122.316088
86,"22422 83RD AVE S, KENT, WA 98032, USA",47.400657,-122.2293133
87,"12400 SE 312TH ST, AUBURN, WA 98092, USA",47.3229935,-122.1757219
88,"2415 GRIFFIN AVE, ENUMCLAW, WA 98022, USA",47.2068835,-122.0005975
89,"10255 SE 240TH ST, KENT, WA 98031, USA",47.3864719,-122.2028349
90,"20727 108TH AVE SE, KENT, WA 98031, USA",47.4162652,-122.1976155
91,"18010 E VALLEY HWY, KENT, WA 98032, USA",47.4407691,-122.2201132
92,"1208 CENTRAL AVE N, KENT, WA 98032, USA",47.3967457,-122.2274989
93,"31980 MILITARY RD S, AUBURN, WA 98001, USA",47.3153158,-122.2832706
94,"1830 MINOR AVE, SEATTLE, WA 98101, USA",47.6176102,-122.3316247
95,"34727 PACIFIC HWY S, FEDERAL WAY, WA 98003, USA",47.2905647,-122.3175357
96,"18012 WEST VALLEY HWY S, KENT, WA 98032, USA",47.3658622,-122.249474
97,"4312 SW ADMIRAL WAY SW, Seattle, WA 98116, USA",,
98,"16506 5TH AVE NE, SHORELINE, WA 98155, USA",47.7489542,-122.323478
99,"9126 ROOSEVELT WAY NE, Seattle, WA 98115, USA",47.6956415,-122.3172262
100,"11505 SE 168TH ST, RENTON, WA 98055, USA",47.4519465,-122.186566
101,"1232 N 185TH ST, SHORELINE, WA 98133, USA",47.7636327,-122.3425759
102,"26007 PACIFIC HWY S, DES MOINES, WA 98198, USA",47.3683896,-122.3046201
103,"16920 15TH AVE NE, SHORELINE, WA 98155, USA",47.7518117,-122.3127327
104,"12848 M L KING JR WAY S, SEATTLE, WA 98178, USA",,
105,"3200 NW 54TH ST, Seattle, WA 98107, USA",47.6677862,-122.3987022
106,"8250 LAKE CITY WAY NE, SEATTLE, WA 98115, USA",47.6889605,-122.3096153
107,"9 NICKERSON ST, Seattle, WA 98109, USA",47.6492094,-122.3572829
108,"8316 164TH AVE NE, REDMOND, WA 98052, USA",47.6769425,-122.1211174
109,"1308 N 30TH ST, Renton, WA 98056, USA",47.5187689,-122.2009188
110,"15 148TH AVE NE, Bellevue, WA 98007, USA",47.6100777,-122.1435884
111,"5040 148TH AVE NE, Redmond, WA 98052, USA",47.6545127,-122.1424597
112,"14340 124TH AVE NE, Kirkland, WA 98034, USA",47.7310548,-122.1748958
113,"13923 NE 175TH ST, Woodinville, WA 98072, USA",47.754008,-122.1532938
114,"362 DENNY WAY, Seattle, WA 98109, USA",47.618745,-122.3494439
115,"1550 NW MARKET ST, SEATTLE, WA 98107, USA",47.669023,-122.3785643
116,"300 N 125TH ST, Seattle, WA 98133, USA",47.7198819,-122.35524
117,"304 N 36TH ST, Seattle, WA 98103, USA",47.6527049,-122.3551766
118,"101 NE 50TH ST, Seattle, WA 98105, USA",47.6645928,-122.3279655
119,"14462 34TH AVE S, Seattle, WA 98168, USA",47.5259588,-122.2893622
120,"9041 DELRIDGE WAY SW, Seattle, WA 98106, USA",47.5217649,-122.3596917
121,"13131 SE 240TH ST, KENT, WA 98031, USA",47.3865123,-122.1659717
122,"14207 TUKWILA INTERNATIONAL BLVD, TUKWILA, WA 98168, USA",47.4757711,-122.2842103
123,"3702 AUBURN WAY N, Auburn, WA 98002, USA",47.3405085,-122.2217618
124,"31006 PACIFIC HWY S, Federal Way, WA 98003, USA",47.3239697,-122.3127297
125,"3801 CALIFORNIA AVE SW, Seattle, WA 98116, USA",47.5699231,-122.3873061
126,"4026 A ST SE, Auburn, WA 98002, USA",47.2722166,-122.2283017
127,"404 SUNSET BLVD N, Renton, WA 98057, USA",47.4886315,-122.1938011
128,"511 S CENTRAL AVE, Kent, WA 98032, USA",47.3774872,-122.2312588
129,"2100 N NORTHGATE WAY, Seattle, WA 98133, USA",47.7090241,-122.3334949
130,"1200 SW 43RD ST, RENTON, WA 98057, USA",47.4415925,-122.2334663
131,"31207 124TH AVE SE, Auburn, WA 98092, USA",47.3223117,-122.1765272
132,"19023 INTERNATIONAL BLVD, TUKWILA, WA 98188, USA",47.4665503,-122.2881936
133,"27232 Maple Valley Black Diamond Rd SE, Maple Valley, WA 98038, USA",47.3582782,-122.0203699
134,"1539 21ST AVE SE, AUBURN, WA 98002, USA",,
135,"32935 1ST AVE S, FEDERAL WAY, WA 98003, USA",47.3080842,-122.3345162
136,"1481 W MEEKER ST, Kent, WA 98032, USA",47.3816114,-122.2531099
137,"104 SW 312TH ST, FEDERAL WAY, WA 98023, USA",47.3228149,-122.3351156
138,"2801 ALASKAN WAY, #105, Seattle, WA 98121, USA",47.6147937,-122.3550746
139,"7401 GREENWOOD AVE N, Seattle, WA 98103, USA",47.6826633,-122.3554886
140,"7108 Beacon AVE S, Seattle, WA 98108, USA",47.5387217,-122.2954153
141,"14257 DES MOINES MEMORIAL DR S, Seattle, WA 98168, USA",,
142,"12807 DES MOINES MEMORIAL DR S, Seattle, WA 98168, USA",,
143,"1111 17TH ST SE, AUBURN, WA 98002, USA",47.2940795,-122.2139824
144,"31509 3RD AVE, 120, BLACK DIAMOND, WA 98010, USA",,
145,"25915 PACIFIC HWY S, DES MOINES, WA 98198, USA",47.3695532,-122.3042098
146,"6600 M L KING JR WAY S, SEATTLE, WA 98118, USA",,
147,"2600 SOUTHCENTER MALL, FC6, TUKWILA, WA 98188, USA",,
148,"24823 PACIFIC HWY S, 101, KENT, WA 98032, USA",,
149,"1412 E UNION ST, SEATTLE, WA 98122, USA",47.6130656,-122.3135826
150,"916 S 3rd ST, RENTON, WA 98057, USA",47.4797705,-122.204959
151,"84 YESLER WAY, SEATTLE, WA 98104, USA",47.6018664,-122.3350847
152,"1341 SOUTHCENTER MALL, #1610, TUKWILA, WA 98188, USA",,
153,"31503 PACIFIC HWY S, FEDERAL WAY, WA 98003, USA",47.3199037,-122.3154476
154,"14701 NE 20TH ST, BELLEVUE, WA 98007, USA",47.6274111,-122.1440156
155,"15009 AURORA AVE N, SHORELINE, WA 98133, USA",47.7367762,-122.3449431
156,"33320 PACIFIC HWY S, Federal Way, WA 98003, USA",47.3022639,-122.3127946
157,"719 NW MARKET ST, Seattle, WA 98107, USA",47.6683388,-122.365676
158,"3861 1ST AVE S, C, SEATTLE, WA 98134, USA",,
159,"901 5TH AVE, 500, Seattle, WA 98164, USA",,
160,"909 SW 152ND ST, BURIEN, WA 98166, USA",47.4666633,-122.3463658
161,"18230 E VALLEY HWY, KENT, WA 98032, USA",47.4384511,-122.2200873
162,"5604 DELRIDGE WAY SW, SEATTLE, WA 98106, USA",47.551771,-122.3628703
163,"5600 DELRIDGE WAY SW, SEATTLE, WA 98106, USA",47.551794,-122.362868
164,"17801 INTERNATIONAL BLVD, C, SEATAC, WA 98158, USA",,
165,"8002 NE BOTHELL WAY, KENMORE, WA 98028, USA",47.7559632,-122.2329602
166,"720 CENTRAL AVE N, KENT, WA 98032, USA",47.3872351,-122.2306749
167,"2034 NW 56TH ST, #150, SEATTLE, WA 98107, USA",,
168,"4225 SW ALASKA ST, SEATTLE, WA 98116, USA",47.5609212,-122.3862425
169,"1418 NW 70TH ST, SEATTLE, WA 98117, USA",47.6796262,-122.3745013
170,"7405 168th AVE NE, #140, REDMOND, WA 98052, USA",47.6701435,-122.1168307
171,"18348 REDMOND WAY, REDMOND, WA 98052, USA",47.6623909,-122.0955807
172,"501 2ND AVE W, 100, SEATTLE, WA 98119, USA",,
173,"800 SENECA ST, 103, SEATTLE, WA 98101, USA",,
174,"1823 TERRY AVE, #102, SEATTLE, WA 98101, USA",,
175,"1433 11TH AVE, SEATTLE, WA 98122, USA",47.6137858,-122.3183611
176,"711 WESTLAKE AVE N, SEATTLE, WA 98109, USA",47.6260615,-122.3391062
177,"2525 6TH AVE, SEATTLE, WA 98121, USA",47.6183709,-122.3453892
178,"5240 UNIVERSITY WAY NE, D, SEATTLE, WA 98105, USA",47.6678482,-122.3128098
179,"8810 152ND ST NE, REDMOND, WA 98052, USA",,
180,"667 S KING ST, SEATTLE, WA 98104, USA",47.5982421,-122.3242722
181,"419 6TH AVE S, SEATTLE, WA 98104, USA",47.5985406,-122.3265321
182,"818 E PIKE ST, SEATTLE, WA 98122, USA",47.6142084,-122.3210992
183,"305 A ST SE, AUBURN, WA 98002, USA",47.3045888,-122.2291067
184,"1740 1st AVE S, A, SEATTLE, WA 98134, USA",,
185,"3923 AIRPORT WAY S, SEATTLE, WA 98108, USA",47.5682184,-122.3229608
186,"6902 RAINIER AVE S, SEATTLE, WA 98118, USA",47.5405602,-122.2711928
187,"9452 35TH AVE SW, Seattle, WA 98126, USA",47.5177149,-122.3763997
188,"1404 A ST SE, AUBURN, WA 98002, USA",47.2957279,-122.2286158
189,"6901 MARTIN LUTHER KING JR WAY S, A, Seattle, WA 98118, USA",47.5405546,-122.2831658
190,"12932 SE KENT KANGLEY RD, KENT, WA 98030, USA",47.3600787,-122.16764
191,"14401 GREENWOOD AVE N, SEATTLE, WA 98133, USA",47.7333351,-122.3559855
192,"10406 GREENWOOD AVE N, SEATTLE, WA 98133, USA",47.7045123,-122.3553243
193,"12343 LAKE CITY WAY NE, Seattle, WA 98125, USA",47.7186757,-122.29588
194,"9730 NE 119TH WAY, KIRKLAND, WA 98034, USA",47.7070245,-122.2117774
195,"5463 LEARY AVE NW, SEATTLE, WA 98107, USA",47.6681849,-122.384243
196,"22406 PACIFIC HWY S, 104, DES MOINES, WA 98198, USA",,
197,"7726 CENTER BLVD, #135, SNOQUALMIE, WA 98065, USA",,
198,"1802 BELLEVUE AVE, SEATTLE, WA 98122, USA",47.6179196,-122.3266027
199,"116 SW 148TH ST, D-190, BURIEN, WA 98166, USA",,
200,"4309 S HENDERSON ST, SEATTLE, WA 98118, USA",47.5229353,-122.2788686
201,"2402 A ST SE, Auburn, WA 98002, USA",47.287199,-122.228526
202,"4515 15TH AVE S, SEATTLE, WA 98108, USA",47.5630348,-122.3138815
203,"3218 RAINIER AVE S, SEATTLE, WA 98144, USA",47.5745026,-122.294613
204,"15311 33RD AVE S, 141, SEATAC, WA 98188, USA",,
205,"12333 Lake City WAY NE, Seattle, WA 98125, USA",47.7183757,-122.2960687
206,"14855 TUKWILA INTERNATIONAL BLVD S, TUKWILA, WA 98168, USA",,
207,"6546 CALIFORNIA AVE SW, Seattle, WA 98136, USA",47.5432986,-122.386848
208,"3003 CALIFORNIA AVE SW, Seattle, WA 98116, USA",47.5766807,-122.3870246
209,"5100 32ND ST SE, AUBURN, WA 98092, USA",47.2793765,-122.1634489
210,"22309 7TH AVE S, DES MOINES, WA 98198, USA",47.4014753,-122.326366
211,"721 M ST NE, #103, AUBURN, WA 98002, USA",,
212,"8552 GREENWOOD AVE N, SEATTLE, WA 98103, USA",47.6914777,-122.355109
213,"11801 NE 160TH ST, STE A, Bothell, WA 98011, USA",47.7434001,-122.1837092
214,"2225 4TH AVE, C, Seattle, WA 98121, USA",,
215,"117 YALE AVE N, SEATTLE, WA 98109, USA",47.6191192,-122.3307912
216,"4026 148TH AVE NE, REDMOND, WA 98052, USA",47.6462147,-122.1427549
217,"6016 NE BOTHELL WAY, KENMORE, WA 98028, USA",47.7583752,-122.2634995
218,"625 W JAMES ST, KENT, WA 98032, USA",47.38766,-122.2400038
219,"625 W JAMES ST, Kent, WA 98032, USA",47.38766,-122.2400038
220,"13055 LAKE CITY WAY NE, SEATTLE, WA 98125, USA",47.7245353,-122.2930858
221,"2423 1ST AVE, SEATTLE, WA 98121, USA",47.6143812,-122.3488117
222,"6621 211TH ST, KENT, WA 98032, USA",47.413067,-122.2512089
223,"11747 124TH AVE NE, Kirkland, WA 98034, USA",47.705693,-122.1762753
224,"16918 25TH AVE NE, LAKE FOREST PARK, WA 98155, USA",47.7516352,-122.3025138
225,"500 CENTRAL WAY, KIRKLAND, WA 98033, USA",47.6791432,-122.1985483
226,"15665 NELSON PL, TUKWILA, WA 98188, USA",47.4620815,-122.2437896
227,"25626 102nd PL SE, KENT, WA 98030, USA",47.3719479,-122.2039939
228,"5910 PHINNEY AVE N, Seattle, WA 98103, USA",47.6721718,-122.3541824
229,"13590 NE VILLAGE SQUARE DR, 1040, WOODINVILLE, WA 98072, USA",,
230,"6110 28TH AVE NW, SEATTLE, WA 98107, USA",47.6734665,-122.3915569
231,"11065 8TH AVE S, Seattle, WA 98168, USA",47.5032596,-122.3236374
232,"1635 SW 304TH ST, Federal Way, WA 98003, USA",47.3286363,-122.3568945
233,"621 37TH ST NW, Auburn, WA 98001, USA",47.3408801,-122.2378759
234,"2123 E UNION ST, SEATTLE, WA 98122, USA",47.6127907,-122.3038368
235,"1500A Pike Place, Seattle, WA 98101, USA",47.6090614,-122.341188
236,"4100 SW ADMIRAL WAY, SEATTLE, WA 98116, USA",47.5814746,-122.3842733
237,"2347 CALIFORNIA AVE SW, Seattle, WA 98116, USA",47.5815431,-122.387013
238,"2343 CALIFORNIA AVE, SEATTLE, WA 98116, USA",47.5819689,-122.3869421
239,"2306 CALIFORNIA AVE SW, Seattle, WA 98116, USA",47.5826988,-122.3862243
240,"10515 GREENWOOD AVE N, SEATTLE, WA 98133, USA",47.705633,-122.355731
241,"5520 108TH AVE NE, KIRKLAND, WA 98033, USA",47.6577562,-122.1917099
242,"2003 WESTERN AVE, C, SEATTLE, WA 98121, USA",47.6106494,-122.3447373
243,"11411 139TH PL NE, Redmond, WA 98052, USA",47.7032844,-122.1566384
244,"2021 7TH AVE, SEATTLE, WA 98121, USA",47.6149491,-122.3383874
245,"7755 E MARGINAL WAY, SEATTLE, WA 98108, USA",47.5319629,-122.3158854
246,"900 LOGAN AVE N, RENTON, WA 98057, USA",47.4934391,-122.2072252
247,"100 MERCER ST, SEATTLE, WA 98109, USA",47.6247689,-122.3550584
248,"2320 42ND AVE SW, SEATTLE, WA 98116, USA",47.5821383,-122.3847864
249,"5250 40TH AVE NE, SEATTLE, WA 98105, USA",47.6681887,-122.2836182
250,"301 228TH AVE SE, SAMMAMISH, WA 98074, USA",47.6064264,-122.0355898
251,"2755 77TH AVE SE, MERCER ISLAND, WA 98040, USA",47.5852667,-122.2358743
252,"8532 15TH AVE NW, SEATTLE, WA 98117, USA",47.6917957,-122.3761102
253,"10611 NE 68th ST, KIRKLAND, WA 98033, USA",47.6658576,-122.1972297
254,"15000 NE 24TH ST, REDMOND, WA 98052, USA",47.6324859,-122.1401516
255,"3830 34TH AVE W, SEATTLE, WA 98199, USA",47.655287,-122.4004457
256,"17801 108TH AVE SE, RENTON, WA 98055, USA",47.4429304,-122.199362
257,"33702 21ST AVE SW, Federal Way, WA 98023, USA",47.2979565,-122.3589037
258,"801 AUBURN WAY N, AUBURN, WA 98002, USA",47.3152511,-122.2262805
259,"25250 PACIFIC HWY S, KENT, WA 98032, USA",47.3742327,-122.2980913
260,"2041 148TH AVE NE, BELLEVUE, WA 98007, USA",47.6289306,-122.1447173
261,"14300 1ST AVE S, BURIEN, WA 98168, USA",47.4753251,-122.332298
262,"12221 120TH AVE NE, KIRKLAND, WA 98034, USA",47.7077168,-122.1842004
263,"365 RENTON CENTER WAY SW, RENTON, WA 98057, USA",,
264,"16735 SE 272ND ST, COVINGTON, WA 98042, USA",47.3570379,-122.1181628
265,"6100 E LAKE SAMMAMISH PKWY SE, ISSAQUAH, WA 98029, USA",47.54803,-122.04003
266,"26520 MAPLE VALLEY BLK DIAMOND RD, MAPLE VALLEY, WA 98038, USA",,
267,"26916 MAPLE VALLEY BLK DIAMOND RD SE, MAPLE VALLEY, WA 98038, USA",,
268,"2100 QUEEN ANNE AVE N, SEATTLE, WA 98109, USA",47.637562,-122.356814
269,"152 ROOSEVELT AVE, ENUMCLAW, WA 98022, USA",47.1981605,-121.9799269
270,"101 AUBURN WAY S, AUBURN, WA 98002, USA",47.3062886,-122.2275157
271,"210 WASHINGTON AVE S, KENT, WA 98032, USA",47.3803887,-122.2466416
272,"1423 NW MARKET ST, SEATTLE, WA 98107, USA",47.6683256,-122.3756739
273,"4011 S 164TH ST, SeaTac, WA 98188, USA",47.4556881,-122.2824448
274,"3820 RAINIER AVE S, SEATTLE, WA 98118, USA",47.568114,-122.2887331
275,"460 SW MOUNT SI BLVD, NORTH BEND, WA 98045, USA",47.4875269,-121.7913755
276,"7300 ROOSEVELT WAY NE, SEATTLE, WA 98115, USA",47.6818402,-122.3169374
277,"1410 E JOHN ST, SEATTLE, WA 98112, USA",47.620432,-122.3131575
278,"1207 S 320TH ST, FEDERAL WAY, WA 98003, USA",47.3150814,-122.3173631
279,"200 S 3RD ST, RENTON, WA 98057, USA",47.4800957,-122.2144561
280,"14020 MAIN ST NE, DUVALL, WA 98019, USA",47.7263039,-121.984962
281,"300 BELLEVUE WAY NE, BELLEVUE, WA 98004, USA",47.6130141,-122.200834
282,"300 BELLEVUE WAY, BELLEVUE, WA 98004, USA",47.6131232,-122.2013922
283,"735 NW GILMAN BLVD, ISSAQUAH, WA 98027, USA",47.5414952,-122.048116
284,"138 SW 148TH ST, BURIEN, WA 98166, USA",47.4714257,-122.3366749
285,"9620 28TH AVE SW, SEATTLE, WA 98126, USA",47.5166201,-122.366715
286,"13101 SE KENT KANGLEY RD, KENT, WA 98030, USA",47.3567315,-122.1667755
287,"2201 E MADISON ST, SEATTLE, WA 98112, USA",47.6180059,-122.3036798
288,"10020 NE 137TH ST, KIRKLAND, WA 98034, USA",47.7236368,-122.2063788
289,"2622 CALIFORNIA AVE SW, SEATTLE, WA 98116, USA",47.5799847,-122.3860269
290,"4732 BROOKLYN AVE NE, SEATTLE, WA 98105, USA",47.6642286,-122.313887
291,"1451 HIGHLANDS DR NE, ISSAQUAH, WA 98029, USA",47.5413496,-122.0196304
292,"4300 NE 4TH ST, RENTON, WA 98059, USA",47.4900235,-122.1614531
293,"17171 Bothell WAY NE, Lake Forest, WA 98155, USA",47.7528271,-122.280156
294,"6850 NE BOTHELL WAY, KENMORE, WA 98028, USA",47.7583642,-122.2471602
295,"7340 35TH AVE NE, SEATTLE, WA 98115, USA",47.6825972,-122.2893962
296,"20830 108TH AVE SE, KENT, WA 98031, USA",47.415142,-122.1955804
297,"1645 140TH AVE, BELLEVUE, WA 98005, USA",47.6257713,-122.1550311
298,"17202 15th AVE NE, Shoreline, WA 98155, USA",47.7543852,-122.3127912
299,"17230 140th AVE SE, RENTON, WA 98058, USA",47.4472893,-122.1527464
300,"19150 NE WOODINVILLE DUVALL RD, WOODINVILLE, WA 98077, USA",47.7562034,-122.0818405
301,"630 228TH AVE NE, SAMMAMISH, WA 98074, USA",47.6153623,-122.033514
302,"6911 COAL CREEK PKWY SE, NEWCASTLE, WA 98059, USA",47.5394931,-122.1677599
303,"17023 SE 272ND ST, COVINGTON, WA 98042, USA",47.3564068,-122.115029
304,"1000 E JAMES WAY, SEATTLE, WA 98122, USA",47.6083461,-122.3190043
305,"12318 15TH AVE NE, SEATTLE, WA 98125, USA",47.7180447,-122.3119641
306,"110 CENTRAL WAY, KIRKLAND, WA 98033, USA",47.6765902,-122.2078154
307,"25684 104TH AVE SE, Kent, WA 98030, USA",47.3709213,-122.2011431
308,"10836 E MARGINAL WAY S, TUKWILA, WA 98168, USA",47.5053628,-122.2895326
309,"25636 Pacific Hwy Suite C13, KENT, WA 98032, USA",,
310,"17801 INTERNATIONAL BLVD, ConA, SEATAC, WA 98158, USA",,
311,"4610 MARTIN LUTHER KING JR WAY S, SEATTLE, WA 98108, USA",47.5618124,-122.293619
312,"35109 PACIFIC HWY S, Federal Way, WA 98003, USA",47.2864814,-122.3203795
313,"126 WASHINGTON AVE N, KENT, WA 98032, USA",47.382018,-122.2462288
314,"1048 NE PARK DR, ISSAQUAH, WA 98029, USA",47.5438259,-122.0151297
315,"504 RAMSAY WAY, #107, KENT, WA 98032, USA",47.3851822,-122.2345692
316,"17168 REDMOND WAY, Redmond, WA 98052, USA",47.6711846,-122.1119375
317,"100 REPUBLICAN ST, SEATTLE, WA 98109, USA",47.6233699,-122.3552244
318,"18505 BOTHELL WAY NE, Bothell, WA 98011, USA",47.7620539,-122.2079668
319,"2800 E CHERRY ST, Seattle, WA 98122, USA",47.6081869,-122.2958481
320,"8530 122ND AVE NE, #B2, KIRKLAND, WA 98033, USA",,
321,"1303 NE BOAT ST, SEATTLE, WA 98105, USA",47.65158,-122.3143295
322,"14510 NE 20TH ST, BELLEVUE, WA 98007, USA",47.6294219,-122.1465573
323,"1508 NE 117TH ST, SEATTLE, WA 98125, USA",47.7141176,-122.3120669
324,"1630 DUVALL AVE NE, #G, RENTON, WA 98059, USA",,
325,"95 S Jackson ST, 300, Seattle, WA 98104, USA",,
326,"14450 WOODINVILLE-REDMOND RD NE, 109, WOODINVILLE, WA 98072, USA",,
327,"17010 INTERNATIONAL BLVD, SEA TAC, WA 98188, USA",,
328,"4005 AIRPORT WAY S, SEATTLE, WA 98108, USA",47.5677825,-122.3228918
329,"4001 AIRPORT WAY S, Seattle, WA 98108, USA",47.5679203,-122.3228984
330,"13176 NEWCASTLE COMMONS DR, B, NEWCASTLE, WA 98059, USA",,
331,"1052 NE PARK DR, #302, ISSAQUAH, WA 98029, USA",,
332,"31246 PACIFIC HWY S, Federal Way, WA 98003, USA",47.3213693,-122.312904
333,"7347 35TH AVE NE, Seattle, WA 98115, USA",47.6829019,-122.290871
334,"3928 S GRAHAM ST, SEATTLE, WA 98118, USA",47.5465855,-122.2821024
335,"1833 BROADWAY, SEATTLE, WA 98122, USA",47.6179931,-122.3209666
336,"27040 Pacific HWY S, Kent, WA 98032, USA",47.3582805,-122.3080228
337,"170 KING ST, SEATTLE, WA 98104, USA",47.598432,-122.332055
338,"2303 N 45TH ST, Seattle, WA 98103, USA",47.6612631,-122.3311202
339,"27040A PACIFIC HWY S, KENT, WA 98032, USA",,
340,"81 S TOBIN ST, RENTON, WA 98057, USA",47.4836817,-122.216555
341,"4135 UNIVERSITY WAY NE, Seattle, WA 98105, USA",47.6579357,-122.3133901
342,"4541 UNIVERSITY WAY NE, Seattle, WA 98105, USA",47.6624501,-122.3132863
343,"4139 UNIVERSITY WAY NE, Seattle, WA 98105, USA",47.6579998,-122.3133884
344,"8601 RAINIER AVE S, SEATTLE, WA 98118, USA",47.5256237,-122.2709224
345,"12302 NE 8TH ST, Bellevue, WA 98005, USA",47.6177486,-122.1766449
346,"1 LAKE ST, KIRKLAND, WA 98033, USA",47.6756509,-122.2068162
347,"19235 INTERNATIONAL BLVD, SEATAC, WA 98188, USA",47.429637,-122.296263
348," SEA-TAC AIRPORT, ConD, Seattle, WA 98158, USA",,
349,"19300 INTERNATIONAL BLVD, SEATAC, WA 98158, USA",47.4291785,-122.2930808
350,"17801 INTERNATIONAL BLVD, 1, SEATAC, WA 98158, USA",47.4439852,-122.3024708
351,"1301 SW 16th ST, Renton, WA 98057, USA",47.4647479,-122.2346405
352,"23852 SE KENT KANGLEY RD NW, 323, MAPLE VALLEY, WA 98038, USA",,
353,"23852 SE KENT KANGLEY RD, 323, MAPLE VALLEY, WA 98038, USA",,
354,"7912 7TH AVE S, SEATTLE, WA 98108, USA",47.5316724,-122.3250758
355,"501 3RD AVE, SEATTLE, WA 98104, USA",47.6020817,-122.3310408
356,"10004 SW BANK RD, VASHON ISLAND, WA 98070, USA",47.4475961,-122.4620197
357,"2302 1ST AVE, SEATTLE, WA 98121, USA",47.6136323,-122.346621
358,"3624 LEARY WAY NW, Seattle, WA 98107, USA",47.6540138,-122.3596631
359,"18025 NE 116TH TER, Redmond, WA 98052, USA",,
360,"21851 MARINE VIEW DR S, DES MOINES, WA 98198, USA",47.4059513,-122.3253064
361,"4621 NE SUNSET BLVD, Renton, WA 98059, USA",47.5036984,-122.1573342
362,"2550 32ND AVE W, Seattle, WA 98199, USA",47.6425131,-122.397942
363,"17171 BOTHELL WAY NE, LAKE FOREST PARK, WA 98155, USA",47.754757,-122.28032
364,"3925 236TH AVE NE, REDMOND, WA 98053, USA",47.6454131,-122.026641
365,"17801 INTERNATIONAL BLVD, SEATAC, WA 98158, USA",47.4417426,-122.3009614
366,"629 PIKE ST, SEATTLE, WA 98101, USA",47.6113383,-122.3334588
367,"2800 NE 200TH ST, SHORELINE, WA 98155, USA",47.7744818,-122.3003364
368,"850 NW 85TH ST, Seattle, WA 98117, USA",47.6908235,-122.3674327
369,"10256 16TH AVE SW, A, Seattle, WA 98146, USA",,
370,"4423 RAINIER AVE S, SEATTLE, WA 98118, USA",47.56356,-122.2882528
371,"10115 MAIN ST, BOTHELL, WA 98011, USA",47.7599499,-122.2047651
372,"11212 NE 112TH ST, Kirkland, WA 98033, USA",47.7013177,-122.1921924
373,"1410 18TH AVE, SEATTLE, WA 98122, USA",47.6132641,-122.308691
374,"17140 135TH AVE NE, WOODINVILLE, WA 98072, USA",47.7523227,-122.1589696
375,"137 SW 153RD ST, BURIEN, WA 98166, USA",47.4656635,-122.3354217
376,"2425 4TH AVE S, SEATTLE, WA 98134, USA",47.581026,-122.3295429
377,"14300 AURORA AVE N, SEATTLE, WA 98133, USA",47.732502,-122.3446327
378,"17832 108TH AVE SE, RENTON, WA 98055, USA",47.442126,-122.1964556
379,"14820 AMBAUM BLVD SW, BURIEN, WA 98166, USA",47.4696247,-122.3463029
380,"85 PIKE ST, Seattle, WA 98101, USA",47.6085012,-122.340675
381,"21904 MARINE VIEW DR S, B, DES MOINES, WA 98198, USA",,
382,"450 NE 100TH ST, SEATTLE, WA 98125, USA",47.7018157,-122.3235387
383,"2742 ALKI AVE SW, 100, SEATTLE, WA 98116, USA",47.5788221,-122.4112033
384,"5000 SW SPOKANE ST, SEATTLE, WA 98116, USA",47.5725888,-122.3966079
385,"4701 SW ADMIRAL WAY, SEATTLE, WA 98116, USA",47.5808745,-122.392074
386,"4736 40TH AVE SW, Seattle, WA 98116, USA",47.5600035,-122.3824681
387,"2808 ALKI AVE SW, SEATTLE, WA 98116, USA",47.5783826,-122.412378
388,"2666 ALKI AVE SW, SEATTLE, WA 98116, USA",47.5795494,-122.4087986
389,"11264 20TH AVE S, BURIEN, WA 98168, USA",47.5009783,-122.3072158
390,"1205 S VALE ST, SEATTLE, WA 98108, USA",47.54902,-122.3171131
391,"22303 MARINE VIEW DR S, DES MOINES, WA 98198, USA",47.401713,-122.3248285
392,"1645 140TH AVE NE, BELLEVUE, WA 98005, USA",47.6257713,-122.1550311
393,"4605 NE 4TH ST, #4, RENTON, WA 98059, USA",,
394,"4214 UNIVERSITY WAY NE, Seattle, WA 98105, USA",47.6587941,-122.3130382
395,"12404 42ND AVE S, Seattle, WA 98168, USA",47.5150416,-122.2807418
396,"7650 SE 27TH ST, STE 100, MERCER ISLAND, WA 98040, USA",,
397,"1712 N 45TH ST, SEATTLE, WA 98103, USA",47.6614949,-122.3369848
398,"15220 NE SHEN ST, REDMOND, WA 98052, USA",47.6354314,-122.137358
399,"19030 28TH AVE S, SEATAC, WA 98188, USA",47.4322339,-122.2974928
400,"1811 HOWARD RD, 106, AUBURN, WA 98002, USA",,
401,"600 5TH AVE S, 511, SEATTLE, WA 98104, USA",,
402,"310 MILWAUKEE BLVD N, Pacific, WA 98047, USA",47.2710196,-122.2485859
403,"4545 17TH AVE NE, Seattle, WA 98105, USA",47.6620969,-122.3093859
404,"2106 NE 47TH ST, SEATTLE, WA 98105, USA",47.6633187,-122.3049984
405,"1805 NE 47TH ST, Seattle, WA 98105, USA",47.6627945,-122.3081163
406,"4510 21ST AVE NE, Seattle, WA 98105, USA",47.6616739,-122.3051502
407,"4710 19TH AVE NE, Seattle, WA 98105, USA",47.6632933,-122.3068132
408,"1616 NE 50TH ST, SEATTLE, WA 98105, USA",47.6650866,-122.3100246
409,"201 E MEEKER ST, KENT, WA 98032, USA",47.3817307,-122.2322041
410,"617 BROADWAY E, SEATTLE, WA 98102, USA",47.6248147,-122.3211555
411,"801 E THOMAS ST, A, SEATTLE, WA 98102, USA",,
412,"1528 NW MARKET ST, SEATTLE, WA 98107, USA",47.6688524,-122.3778728
413,"1629 QUEEN ANNE AVE N, SEATTLE, WA 98109, USA",47.6344754,-122.3573688
414,"17171 Bothell WAY NE, #906, Lake Forest Park, WA 98155, USA",,
415,"7617 AURORA AVE N, SEATTLE, WA 98103, USA",47.684568,-122.3447119
416,"6966 COAL CREEK PKWY SE, NEWCASTLE, WA 98059, USA",47.5382199,-122.1652909
417,"10822 ROOSEVELT WAY NE, Seattle, WA 98125, USA",47.7082253,-122.317389
418,"1537 DUVALL AVE NE, Renton, WA 98059, USA",47.5061673,-122.1572593
419,"17450 SE 272ND ST, COVINGTON, WA 98042, USA",47.3585792,-122.1077847
420,"17200 140TH AVE SE, Renton, WA 98058, USA",47.4485215,-122.1537127
421,"401 ELLINGSON RD, PACIFIC, WA 98047, USA",47.2721647,-122.256925
422,"21020 84TH AVE S, Kent, WA 98032, USA",47.4130781,-122.2278235
423,"12206 JUANITA DR NE, KIRKLAND, WA 98034, USA",47.7098807,-122.2375222
424,"15505 MAIN ST NE, Duvall, WA 98019, USA",47.740351,-121.9863959
425,"18333 BOTHELL WAY NE, #105, BOTHELL, WA 98011, USA",,
426,"5210 ROOSEVELT WAY NE, Seattle, WA 98105, USA",47.6667783,-122.317145
427,"2205 7TH AVE, SEATTLE, WA 98121, USA",47.6167987,-122.3410074
428,"2121 8TH AVE, SEATTLE, WA 98121, USA",47.6166473,-122.3390636
429,"16331 NE 72ND WAY, REDMOND, WA 98052, USA",47.6696834,-122.1421154
430,"320 108TH AVE NE, BELLEVUE, WA 98004, USA",47.6132814,-122.1958121
431,"18460 NE 76TH ST, REDMOND, WA 98052, USA",47.6732074,-122.0943812
432,"18340 NE 76TH ST, REDMOND, WA 98052, USA",47.6732039,-122.0955543
433,"325 9TH AVE N, SEATTLE, WA 98109, USA",47.6215436,-122.340142
434,"207 BOREN AVE N, SEATTLE, WA 98109, USA",47.6203412,-122.3362548
435,"325 EASTLAKE AVE E, 2, SEATTLE, WA 98109, USA",,
436,"2031 7TH AVE, SEATTLE, WA 98121, USA",47.6153429,-122.3388873
437,"2101 7TH AVE, SEATTLE, WA 98121, USA",47.6155767,-122.3395343
438,"2200 7TH AVE, SEATTLE, WA 98121, USA",47.616738,-122.340113
439,"10450 NE 10TH ST, BELLEVUE, WA 98004, USA",47.6197325,-122.2004775
440,"10550 NE 10TH ST, BELLEVUE, WA 98004, USA",47.6197343,-122.1996526
441,"400 9TH AVE N, SEATTLE, WA 98109, USA",47.6221812,-122.3393449
442,"440 TERRY AVE N, SEATTLE, WA 98109, USA",47.6229503,-122.3365149
443,"345 BOREN AVE, SEATTLE, WA 98109, USA",47.6046579,-122.3210043
444,"2121 7TH AVE, SEATTLE, WA 98121, USA",47.6160394,-122.3401372
445,"425 106TH AVE NE, BELLEVUE, WA 98004, USA",47.614232,-122.1994308
446,"500 BOREN AVE N, SEATTLE, WA 98109, USA",47.623696,-122.3354646
447,"13537 AURORA AVE N, SEATTLE, WA 98133, USA",47.7278337,-122.3458213
448,"11710 118th AVE NE, B, KIRKLAND, WA 98034, USA",,
449,"515 WESTLAKE AVE N, SEATTLE, WA 98109, USA",47.6242924,-122.3391187
450,"6401 12TH AVE NE, Seattle, WA 98115, USA",47.6752743,-122.3166359
451,"1260 MERCER ST, SEATTLE, WA 98109, USA",47.6246462,-122.331293
452,"13201 AURORA AVE N, B, SEATTLE, WA 98133, USA",,
453,"500 9th AVE N, SEATTLE, WA 98109, USA",47.6238491,-122.3391194
454,"202 WESTLAKE AVE N, SEATTLE, WA 98109, USA",47.620128,-122.3380725
455,"7400 166TH AVE NE, REDMOND, WA 98052, USA",47.6703944,-122.1182519
456,"6244 185th AVE NE, Redmond, WA 98052, USA",47.6614778,-122.0941683
457,"2301 5TH AVE, SEATTLE, WA 98121, USA",47.6162157,-122.3439861
458,"555 108TH AVE NE, BELLEVUE, WA 98004, USA",47.6148804,-122.1968646
459,"555 108th AVE NE, BELLEVUE, WA 98004, USA",47.6148804,-122.1968646
460,"85 106TH AVE NE, BELLEVUE, WA 98004, USA",47.6109371,-122.1989456
461,"12521 128TH LN NE, KIRKLAND, WA 98034, USA",47.7129216,-122.1711992
462,"333 108TH AVE NE, BELLEVUE, WA 98004, USA",47.6136167,-122.1970275
463,"321 TERRY AVE N, SEATTLE, WA 98109, USA",47.6214504,-122.3375495
464,"426 TERRY AVE N, SEATTLE, WA 98109, USA",47.6226138,-122.3362007
465,"6050 E MARGINAL WAY S, SEATTLE, WA 98108, USA",47.5468145,-122.3319667
466,"20202 84TH AVE S, KENT, WA 98032, USA",47.4197592,-122.2266197
467,"1802 A ST SE, E, AUBURN, WA 98002, USA",,
468,"4351 8TH AVE NW, SEATTLE, WA 98107, USA",47.6602161,-122.3665815
469,"1513 W MEEKER ST, KENT, WA 98032, USA",47.3815106,-122.2540727
470,"11626 DES MOINES MEMORIAL DR S, BURIEN, WA 98168, USA",47.4989557,-122.3070211
471,"1525 A ST NE, AUBURN, WA 98002, USA",47.321908,-122.2295311
472,"14356 AURORA AVE N, SEATTLE, WA 98133, USA",47.7339391,-122.3445722
473,"13590 NE VILLAGE SQUARE DR, 1010, WOODINVILLE, WA 98072, USA",,
474,"19501 144TH AVE NE, C-400, WOODINVILLE, WA 98072, USA",,
475,"12609 AMBAUM BLVD SW, BURIEN, WA 98146, USA",47.4899473,-122.3504845
476,"3600 SOUTHCENTER PKWY, TUKWILA, WA 98188, USA",47.4389015,-122.2616822
477,"3505 FACTORIA BLVD SE, Bellevue, WA 98006, USA",47.5789855,-122.1701152
478,"426 RAMSEY WAY, KENT, WA 98032, USA",,
479,"10006 AURORA AVE N, Seattle, WA 98133, USA",47.7017152,-122.3425001
480,"600 PINE ST, SEATTLE, WA 98101, USA",47.6125289,-122.335194
481,"17640 GARDEN WAY NE, Woodinville, WA 98072, USA",47.7559095,-122.1541641
482,"14615 15TH AVE NE, SHORELINE, WA 98155, USA",47.7351869,-122.3130742
483,"520 S King ST, SEATTLE, WA 98104, USA",47.5984623,-122.3267286
484,"219 BROADWAY E, SEATTLE, WA 98102, USA",47.6205327,-122.321342
485,"2818 Thorndyke AVE W, SEATTLE, WA 98199, USA",47.6452134,-122.3826051
486,"5503 M L KING JR WAY S, SEATTLE, WA 98118, USA",,
487,"15321 MAIN ST NE, 201, DUVALL, WA 98019, USA",,
488,"16114 NE 87th st 16114 NE 87th st, redmond, WA 98052, USA",,
489,"2201 140TH AVE NE, BELLEVUE, WA 98005, USA",47.6298491,-122.1544147
490,"553 28TH AVE, SEATTLE, WA 98122, USA",47.6075736,-122.2959758
491,"2536 ALKI AVE SW, SEATTLE, WA 98116, USA",47.5804548,-122.4066648
492,"18394 REDMOND WAY, REDMOND, WA 98052, USA",47.662089,-122.0952947
493,"26035 104TH AVE SE, KENT, WA 98030, USA",47.3676704,-122.204808
494,"2331 140TH AVE NE, A1, BELLEVUE, WA 98005, USA",,
495,"7520 35TH AVE NE, SEATTLE, WA 98115, USA",47.683759,-122.2902078
496,"2401 S PLUM ST, SEATTLE, WA 98144, USA",47.5853694,-122.3014504
497,"235 SUMMIT AVE E, SEATTLE, WA 98102, USA",47.6207259,-122.325462
498,"1106 8TH AVE AV, Seattle, WA 98101, USA",,
499,"1424 11TH AVE, E, SEATTLE, WA 98122, USA",,
500,"19510 144TH AVE NE, C-1, WOODINVILLE, WA 98072, USA",,
501,"2121 1ST AVE, 105, SEATTLE, WA 98121, USA",,
502,"5306 BALLARD AVE NW, SEATTLE, WA 98107, USA",47.6666919,-122.3831346
503,"1600 7TH AVE, #105, SEATTLE, WA 98101, USA",47.6133741,-122.3346773
504,"1115 12TH AVE, SEATTLE, WA 98122, USA",47.6120238,-122.316993
505,"2003 WESTERN AVE, 110A, SEATTLE, WA 98121, USA",47.6109176,-122.344591
506,"1087 LAKE WASHINGTON BLVD N, RENTON, WA 98056, USA",47.5036349,-122.2043924
507,"4530 UNIVERSITY WAY NE, Seattle, WA 98105, USA",47.6622151,-122.3129367
508,"5327 BALLARD AVE NW, SEATTLE, WA 98107, USA",47.6670338,-122.384168
509,"28717 PACIFIC HWY S, FEDERAL WAY, WA 98003, USA",47.3438613,-122.3126963
510,"938 110TH AVE NE, 1, BELLEVUE, WA 98004, USA",,
511,"20010 BALLINGER WAY NE, SHORELINE, WA 98155, USA",47.7751193,-122.309343
512,"150 SW 160TH ST, BURIEN, WA 98166, USA",47.459955,-122.3362182
513,"26220 116TH AVE SE, #103, KENT, WA 98030, USA",,
514,"2 B ST SE, AUBURN, WA 98002, USA",47.3072733,-122.2273196
515,"12621 RENTON AVE S, #C, SEATTLE, WA 98178, USA",,
516,"2323 SW 336 ST, Federal Way, WA 98023, USA",,
517,"1830 130TH AVE NE, BELLEVUE, WA 98005, USA",47.6269561,-122.1665603
518,"3809 NE 4TH ST, RENTON, WA 98056, USA",47.4882718,-122.1671753
519,"601 SW 153RD ST, Seattle, WA 98166, USA",47.465724,-122.3422091
520,"3438 Stoluckquamish LN, Arlington, WA 98223, USA",48.2135319,-122.1848541
521,"717 SW 148TH ST, Burien, WA 98166, USA",47.4700975,-122.3439135
522,"8412 GREENWOOD AVE N, Seattle, WA 98103, USA",47.6902592,-122.3551066
523,"1041 S KING ST, SEATTLE, WA 98104, USA",47.598233,-122.3178326
524,"4611 36TH AVE SW, SEATTLE, WA 98126, USA",47.5617127,-122.3777685
525,"7691 SE 27TH ST, Mercer Island, WA 98040, USA",47.586441,-122.2353367
526,"10735 AURORA AVE N, SEATTLE, WA 98133, USA",47.7077766,-122.3452543
527,"14625 NE 24TH ST, BELLEVUE, WA 98007, USA",47.6307257,-122.1451624
528,"15600 NE 8TH ST, O16, BELLEVUE, WA 98008, USA",,
529,"1900 W NICKERSON ST, SEATTLE, WA 98119, USA",47.657156,-122.3797826
530,"2201 ALASKAN WAY, Seattle, WA 98121, USA",47.6107103,-122.347917
531,"135 LAKE ST S, Kirkland, WA 98033, USA",47.6742361,-122.206514
532,"421 S 227TH ST, DES MOINES, WA 98198, USA",47.397433,-122.3286503
533,"2524 16TH AVE, SEATTLE, WA 98144, USA",47.580325,-122.3112932
534,"1640 S 318TH ST, STE A, FEDERAL WAY, WA 98003, USA",,
535,"17651 1st AVE S, 105, NORMANDY PARK, WA 98148, USA",,
536,"123 SW 152ND ST, BURIEN, WA 98166, USA",47.4666873,-122.3349141
537,"801 C ST SW, Auburn, WA 98001, USA",47.3006436,-122.2327529
538,"12637 NE WOODINVILLE DR, 102, WOODINVILLE, WA 98072, USA",,
539,"314 BROADWAY E, SEATTLE, WA 98102, USA",47.6215894,-122.3205911
540,"324 BROADWAY E, SEATTLE, WA 98102, USA",47.6218549,-122.320498
541,"3312 AUBURN WAY S, #E, AUBURN, WA 98092, USA",,
542,"17610 99TH AVE SW, VASHON ISLAND, WA 98070, USA",,
543,"621 BROADWAY E, SEATTLE, WA 98102, USA",47.6249444,-122.3212821
544,"96 FRONT ST N, Issaquah, WA 98027, USA",47.5312742,-122.0363832
545,"9000 HOLMAN RD NW, SEATTLE, WA 98117, USA",47.6944719,-122.3750567
546,"25414 104th AVE SE, 4, KENT, WA 98030, USA",,
547,"516 228TH AVE NE, SAMMAMISH, WA 98074, USA",47.6141923,-122.0337539
548,"10120 SE 260TH ST, 106, KENT, WA 98030, USA",,
549,"2245 148TH AVE NE, BELLEVUE, WA 98007, USA",47.6307687,-122.1449426
550,"17250 REDMOND WAY, REDMOND, WA 98052, USA",47.6708704,-122.1108842
551,"14125 SE 171ST WAY, RENTON, WA 98058, USA",47.446867,-122.152258
552,"15025 SE 117TH ST, Renton, WA 98059, USA",47.4971403,-122.1388805
553,"456 SW MT SI BLVD, North Bend, WA 98045, USA",47.4884141,-121.7915891
554,"11523 AVONDALE RD NE, 107, REDMOND, WA 98052, USA",,
555,"1441 D ST NE, AUBURN, WA 98002, USA",47.3198579,-122.2248809
556,"17790 SOUTHCENTER PKWY, SEATTLE, WA 98188, USA",,
557,"1801 S 320TH ST, FEDERAL WAY, WA 98003, USA",47.3147845,-122.3104264
558,"375 SE GRADY WAY, C, RENTON, WA 98057, USA",,
559,"3520 FACTORIA BLVD SE, BELLEVUE, WA 98006, USA",47.5788612,-122.1683452
560,"13856 BEL RED RD, BELLEVUE, WA 98005, USA",47.624202,-122.1549714
561,"17024 SE 272ND ST, COVINGTON, WA 98042, USA",47.358441,-122.1139952
562,"25442 104TH AVE SE, KENT, WA 98030, USA",47.3737845,-122.2018499
563,"2801 ALASKAN WAY, SEATTLE, WA 98121, USA",47.6147937,-122.3550746
564,"405 W MERCER ST, Seattle, WA 98119, USA",47.6244475,-122.3622299
565,"900 NE 65TH ST, B, SEATTLE, WA 98115, USA",47.6759615,-122.3180522
566,"800 CONVENTION PL, Seattle, WA 98101, USA",47.6111654,-122.3319931
567,"800 CONVENTION PL, FLOOR, SEATTLE, WA 98101, USA",,
568,"800 CONVENTION PL, SEATTLE, WA 98101, USA",47.6111654,-122.3319931
569,"17045 SOUTHCENTER PKWY, TUKWILA, WA 98188, USA",47.4504492,-122.2632356
570,"5401 20TH AVE NW, Seattle, WA 98107, USA",47.6675017,-122.3823175
571,"5240 UNIVERSITY WAY NE, #A, SEATTLE, WA 98105, USA",47.6676581,-122.312813
572,"10246 MAIN ST, C, BELLEVUE, WA 98004, USA",,
573,"12053 124TH AVE NE, Kirkland, WA 98034, USA",47.7063918,-122.1771013
574,"3701 SW 104TH ST, SEATTLE, WA 98146, USA",47.5095509,-122.378908
575,"140 15TH AVE NE, AUBURN, WA 98002, USA",,
576,"15115 NE 24TH ST, REDMOND, WA 98052, USA",47.6312908,-122.1390416
577,"705 SW MT SI BLVD, North Bend, WA 98045, USA",47.4869539,-121.79313
578,"34404 16TH AVE S, FEDERAL WAY, WA 98003, USA",47.2932694,-122.3128648
579,"15822 1ST AVE S, Seattle, WA 98148, USA",47.5228934,-122.3348648
580,"6610 S 211TH ST, KENT, WA 98032, USA",47.4132674,-122.251313
581,"4700 SW DASH POINT RD, FEDERAL WAY, WA 98023, USA",47.3271584,-122.3922538
582,"7200 164TH AVE NE, REDMOND, WA 98052, USA",47.6688283,-122.1203414
583,"17821 1ST AVE S, NORMANDY PARK, WA 98148, USA",47.4427639,-122.3347656
584,"5607 RAINIER AVE S, SEATTLE, WA 98118, USA",47.5516932,-122.2782189
585,"27 15TH ST NE, Auburn, WA 98002, USA",47.3211481,-122.2292388
586,"1403 NW SAMMAMISH RD, Issaquah, WA 98027, USA",47.5516,-122.0596298
587,"7301 DELRIDGE WAY SW, SEATTLE, WA 98106, USA",47.5371169,-122.3616287
588,"5620 M L KING JR WAY S, Seattle, WA 98118, USA",,
589,"950 N 85TH ST, SEATTLE, WA 98103, USA",47.6908754,-122.3451304
590,"2900 NE 3RD ST, Renton, WA 98056, USA",47.487844,-122.1798968
591,"27202 PACIFIC HWY S, FEDERAL WAY, WA 98003, USA",47.357775,-122.309268
592,"665 23RD AVE, Seattle, WA 98122, USA",47.6078426,-122.3032724
593,"35505 PACIFIC HWY S, FEDERAL WAY, WA 98003, USA",47.2835456,-122.3216471
594,"13055 NE 70TH PL, Kirkland, WA 98033, USA",47.6665906,-122.1644387
595,"11611 NE 8TH ST, Bellevue, WA 98005, USA",47.6169262,-122.1848777
596,"800 FRONT ST N, ISSAQUAH, WA 98027, USA",47.5384797,-122.0361889
597,"24001 PACIFIC HWY S, Kent, WA 98032, USA",47.3863641,-122.2962856
598,"31855 PACIFIC HWY S, Federal Way, WA 98003, USA",47.3154094,-122.3138383
599,"9015 WILLOWS RD NE, Redmond, WA 98052, USA",47.6824204,-122.143529
600,"24014 116TH AVE SE, KENT, WA 98030, USA",47.3867109,-122.1866688
601,"13948 NE 20TH ST, BELLEVUE, WA 98005, USA",47.6282401,-122.154312
602,"1901 NE 205TH ST, SHORELINE, WA 98155, USA",47.7770857,-122.3078342
603,"3648 AUBURN WAY N, AUBURN, WA 98002, USA",47.3397757,-122.2221895
604,"3910 S 320TH ST, Auburn, WA 98001, USA",47.3154689,-122.2842283
605,"11450 NE 124TH ST, KIRKLAND, WA 98034, USA",47.711674,-122.1870718
606,"13023 NE 175TH ST, Woodinville, WA 98072, USA",47.7541902,-122.165849
607,"15252 PACIFIC HWY S, Seattle, WA 98188, USA",,
608,"312 ROOSEVELT AVE, ENUMCLAW, WA 98022, USA",47.1988502,-121.9820465
609,"15520 NE WOODINVILLE DUVALL RD, Woodinville, WA 98072, USA",47.761642,-122.1324224
610,"16616 NE 32ND ST, BELLEVUE, WA 98008, USA",47.6394233,-122.1179457
611,"334 1ST AVE N, SEATTLE, WA 98109, USA",47.6219014,-122.3539905
612,"4500 9TH AVE NE, SEATTLE, WA 98105, USA",47.6616999,-122.3181103
613,"4058 FACTORIA SQUARE MALL SE, H2, BELLEVUE, WA 98006, USA",,
614,"112 W 2ND ST, NORTH BEND, WA 98045, USA",47.4958564,-121.7850979
615,"221 1ST AVE S, Seattle, WA 98104, USA",47.600165,-122.3344018
616,"1101 ALASKAN WAY, 201, Seattle, WA 98101, USA",,
617,"12033 124TH AVE NE, KIRKLAND, WA 98034, USA",47.706318,-122.1766564
618,"23822 104TH AVE SE, KENT, WA 98031, USA",47.3881522,-122.2021018
619,"6412 PHINNEY AVE N, SEATTLE, WA 98103, USA",47.675858,-122.354144
620,"5041 RAINIER AVE S, 102, SEATTLE, WA 98118, USA",47.5560341,-122.283918
621,"2012 S 320TH ST, C, FEDERAL WAY, WA 98003, USA",,
622,"6717 ROOSEVELT WAY NE, 1, SEATTLE, WA 98115, USA",,
623,"2201 EASTLAKE AVE E, A, SEATTLE, WA 98102, USA",47.6384288,-122.3261181
624,"19151 144TH AVE NE, 1, WOODINVILLE, WA 98072, USA",,
625,"33429 SE REDMOND FALL CITY RD, FALL CITY, WA 98024, USA",47.5685365,-121.8931772
626,"3801 STONE WAY N, SEATTLE, WA 98103, USA",47.6531846,-122.3435513
627,"906 Alaskan Way, 103, Seattle, WA 98104, USA",,
628,"3121 E MADISON ST, #101, Seattle, WA 98112, USA",,
629,"14419 GREENWOOD AVE N, #C, SEATTLE, WA 98133, USA",,
630,"6725 NE ARROWHEAD DR, KENMORE, WA 98028, USA",47.7366823,-122.2516986
631,"731 WESTLAKE AVE N, SEATTLE, WA 98109, USA",47.6264312,-122.3394539
632,"12348 NE 115TH PL, KIRKLAND, WA 98033, USA",47.7030103,-122.1762157
633,"915 E PINE ST, Seattle, WA 98122, USA",47.6151211,-122.3198707
634,"14959 NE 95TH ST, Redmond, WA 98052, USA",47.6858174,-122.1411223
635,"238 CENTRAL WAY, KIRKLAND, WA 98033, USA",47.6772895,-122.2043543
636,"29231 132ND AVE SE, AUBURN, WA 98092, USA",47.3393927,-122.1656522
637,"2311 CALIFORNIA AVE SW, Seattle, WA 98116, USA",47.5825553,-122.3866909
638,"2523 5th AVE, SEATTLE, WA 98121, USA",47.6177081,-122.3462629
639,"1099 STEWART ST, 102, SEATTLE, WA 98101, USA",47.6167442,-122.3326615
640,"101 STEWART ST, 102, Seattle, WA 98101, USA",,
641,"10601 S 16th AVE SW, SEATTLE, WA 98146, USA",47.5083874,-122.3554483
642,"4711 CALIFORNIA AVE SW, Seattle, WA 98116, USA",47.5607163,-122.3870227
643,"22204 MARINE VIEW DR S, DES MOINES, WA 98198, USA",47.4030178,-122.3242567
644,"2690 76TH AVE SE, #101, MERCER ISLAND, WA 98040, USA",,
645,"310 WASHINGTON AVE N, #107, KENT, WA 98032, USA",,
646,"5405 LEARY AVE N, B, SEATTLE, WA 98107, USA",,
647,"8506 5TH AVE NE, Seattle, WA 98115, USA",47.6906435,-122.322634
648,"10400 NE 4TH ST, #3100, BELLEVUE, WA 98004, USA",,
649,"33610 21ST AVE SW, FEDERAL WAY, WA 98023, USA",47.3002606,-122.3593475
650,"655A S JACKSON ST, SEATTLE, WA 98104, USA",47.5992105,-122.3313097
651,"35415 21ST AVE SW, FEDERAL WAY, WA 98023, USA",47.2840369,-122.3617621
652,"209 2ND AVE S, SEATTLE, WA 98104, USA",47.6005131,-122.331795
653,"4119 4TH AVE S, SEATTLE, WA 98134, USA",47.5666746,-122.3300151
654,"16717 SE 292nd ST, 101, COVINGTON, WA 98042, USA",,
655,"701 5TH AVE, Seattle, WA 98104, USA",47.6045429,-122.3307181
656,"14515 NE 20TH ST, BELLEVUE, WA 98007, USA",47.6274742,-122.1466098
657,"13200 AURORA AVE N, STE A, SEATTLE, WA 98133, USA",,
658,"14409 GREENWOOD AVE N, SEATTLE, WA 98133, USA",47.7335143,-122.3560251
659,"25644 104TH AVE SE, KENT, WA 98030, USA",47.3712687,-122.2017094
660,"1111 EXPEDIA GROUP WAY W, SEATTLE, WA 98119, USA",47.6284196,-122.3748587
661,"1428 W MEEKER ST, 102, KENT, WA 98032, USA",,
662,"320 E MEEKER ST, 102, KENT, WA 98030, USA",,
663,"2209 4TH AVE, SEATTLE, WA 98121, USA",47.6146717,-122.343103
664,"4920 S GENESEE ST, SEATTLE, WA 98118, USA",47.5642671,-122.2710127
665,"2253 N 56TH ST, #2, SEATTLE, WA 98103, USA",,
666,"401 N 36TH ST, 102, SEATTLE, WA 98103, USA",,
667,"2802 RAINIER AVE S, Seattle, WA 98144, USA",47.5780321,-122.2974007
668,"2010 4TH AVE, SEATTLE, WA 98121, USA",47.6132678,-122.3401956
669,"5507 17th AVE NW, seattle, WA 98107, USA",47.6689997,-122.3790665
670,"6464 185TH AVE NE, REDMOND, WA 98052, USA",47.6632304,-122.0934429
671,"14432 MILITARY RD S, 1, Seattle, WA 98168, USA",,
672,"19600 144th AVE NE, Woodinville, WA 98072, USA",47.7695619,-122.1476588
673,"851 Steveson AVE, ENUMCLAW, WA 98022, USA",,
674,"1517 PIKE PL, SEATTLE, WA 98101, USA",47.6088145,-122.3412989
675,"22340 MARINE VIEW DR S, #A, DES MOINES, WA 98198, USA",,
676,"959 E MAIN ST, Auburn, WA 98002, USA",47.3082089,-122.2164447
677,"7200 WOODLAWN AVE NE, SEATTLE, WA 98115, USA",47.6806719,-122.3245931
678,"10900 NE 4TH ST, FL 10, BELLEVUE, WA 98004, USA",,
679,"1411 N 45th ST, SEATTLE, WA 98103, USA",47.6611861,-122.3400772
680,"1035 116Th AVE NE, BELLEVUE, WA 98004, USA",47.6197003,-122.1863891
681,"93 PIKE ST, 101, SEATTLE, WA 98101, USA",,
682,"7006 Greenwood AVE N, 101, SEATTLE, WA 98103, USA",47.6798999,-122.3551072
683,"1715 12TH AVE, 100, SEATTLE, WA 98122, USA",,
684,"5000 AUBURN WAY S, Auburn, WA 98092, USA",47.2798499,-122.164617
685,"1501 AUBURN WAY N, AUBURN, WA 98002, USA",47.3212075,-122.2223549
686,"711 E MAIN ST, AUBURN, WA 98002, USA",47.3085955,-122.2197048
687,"711 MAIN ST E, AUBURN, WA 98002, USA",47.3085955,-122.2197048
688,"28900 124TH AVE SE, AUBURN, WA 98092, USA",47.3421111,-122.1708773
689,"1439 AUBURN WAY N, Auburn, WA 98002, USA",47.3203118,-122.2216291
690,"501 ORAVETZ RD, Auburn, WA 98092, USA",47.2684456,-122.2216303
691,"201 AUBURN WAY S, AUBURN, WA 98002, USA",47.3053474,-122.2262695
692,"28900 124th AVE SE, AUBURN, WA 98092, USA",47.3421111,-122.1708773
693,"801 4TH ST NE, AUBURN, WA 98002, USA",47.311078,-122.219291
694,"1156 AUBURN WAY S, Auburn, WA 98002, USA",47.2976462,-122.2176401
695,"407 AUBURN WAY S, AUBURN, WA 98002, USA",47.3039355,-122.2261148
696,"5148 AUBURN WAY N, AUBURN, WA 98002, USA",47.3522509,-122.2279879
697,"4798 AUBURN WAY N, AUBURN, WA 98002, USA",47.349785,-122.225343
698,"1119 E MAIN ST, AUBURN, WA 98002, USA",47.3084044,-122.2142975
699,"3045 180TH AVE NE, Redmond, WA 98052, USA",47.6376436,-122.10169
700,"2904 228TH AVE SE, SAMMAMISH, WA 98075, USA",47.5840601,-122.0347286
701,"19110 DES MOINES MEMORIAL DR S, Seattle, WA 98148, USA",47.4315275,-122.3179793
702,"546 SOUTHCENTER MALL, TUKWILA, WA 98188, USA",47.4587523,-122.2589136
703,"575 BELLEVUE SQ, 2040, BELLEVUE, WA 98004, USA",,
704,"1101 OUTLET COLLECTION DR, 2, AUBURN, WA 98001, USA",,
705,"1101 OUTLET COLLECTION DR SW, 4, AUBURN, WA 98001, USA",,
706,"22504 MARINE VIEW DR S, DES MOINES, WA 98198, USA",47.4003486,-122.3239864
707,"21080 108TH AVE SE, Kent, WA 98031, USA",47.4135537,-122.1966684
708,"8408 AURORA AVE N, Seattle, WA 98103, USA",47.6899923,-122.3446989
709,"16708 AURORA AVE N, SHORELINE, WA 98133, USA",47.7507236,-122.3449407
710,"8914 AURORA AVE N, Seattle, WA 98103, USA",47.6933988,-122.3443755
711,"13201 AURORA AVE N, Seattle, WA 98133, USA",47.7257297,-122.3467182
712,"10504 AURORA AVE N, Seattle, WA 98133, USA",47.7060059,-122.3445904
713,"20003 AURORA AVE N, SHORELINE, WA 98133, USA",47.774333,-122.346473
714,"425 SW 152ND ST, Seattle, WA 98166, USA",,
715,"17311 140TH AVE NE, WOODINVILLE, WA 98072, USA",47.7533541,-122.1535456
716,"6726 GREENWOOD AVE N, SEATTLE, WA 98103, USA",47.6785062,-122.3551088
717,"1404 1ST ST, ENUMCLAW, WA 98022, USA",47.2016111,-121.9892385
718,"3215 LIND AVE SW, RENTON, WA 98057, USA",47.4530711,-122.2236281
719,"12950 WILLOWS RD NE, KIRKLAND, WA 98034, USA",47.717067,-122.1527369
720,"202 N DIVISION ST, AUBURN, WA 98001, USA",47.309911,-122.2292128
721,"4103 2ND AVE S, 800, SEATTLE, WA 98134, USA",,
722,"3844 1ST AVE S, SEATTLE, WA 98134, USA",47.5687284,-122.3336353
723,"8629 120TH AVE NE, KIRKLAND, WA 98033, USA",47.6807676,-122.1810864
724,"12505 GREENWOOD AVE N, SEATTLE, WA 98133, USA",47.7208614,-122.35677
725,"101 116TH AVE SE, BELLEVUE, WA 98004, USA",47.6093874,-122.1868295
726,"11605 132ND AVE NE, KIRKLAND, WA 98034, USA",47.7047485,-122.1673289
727,"7060 OBERTO DR, KENT, WA 98032, USA",47.3888053,-122.2466308
728,"1590 A ST NE, AUBURN, WA 98002, USA",47.3225425,-122.2282046
729,"9709 3RD AVE NE, 400, SEATTLE, WA 98115, USA",47.6992997,-122.327393
730,"555 S RENTON VILLAGE PL, RENTON, WA 98057, USA",47.4690887,-122.2113791
731,"7000 HIGHLAND PARK WAY SW, SEATTLE, WA 98106, USA",47.5392977,-122.3440889
732,"1737 AIRPORT WAY S, SEATTLE, WA 98134, USA",47.5871668,-122.3221338
733,"35301 SE CENTER ST, SNOQUALMIE, WA 98065, USA",47.5265542,-121.8692884
734,"1131 SW KLICKITAT WAY, SEATTLE, WA 98134, USA",47.5700154,-122.3470201
735,"3650 131st AVE SE, BELLEVUE, WA 98006, USA",47.578209,-122.1650854
736,"34931 SE DOUGLAS ST, SNOQUALMIE, WA 98065, USA",47.5263764,-121.8736702
737,"2005 AIRPORT WAY S, SEATTLE, WA 98134, USA",47.5845209,-122.321605
738,"13210 NE 124TH ST, KIRKLAND, WA 98034, USA",47.7113497,-122.166475
739,"10700 27TH AVE S, SEATTLE, WA 98168, USA",47.5402219,-122.2981074
740,"20001 NORTH CREEK PKWY, A, BOTHELL, WA 98011, USA",,
741,"12034 134TH CT NE, REDMOND, WA 98052, USA",47.7088622,-122.1602083
742,"19255 WOODINVILLE SNOHOMISH RD, WOODINVILLE, WA 98072, USA",47.7669909,-122.1545438
743,"1101 OUTLET COLLECTION WAY SW, 1133, AUBURN, WA 98001, USA",,
744,"107 15TH AVE E, SEATTLE, WA 98112, USA",47.6188119,-122.312901
745,"2330 E Union ST, SEATTLE, WA 98122, USA",47.6131079,-122.3017779
746,"4555 UNIVERSITY WAY NE, SEATTLE, WA 98105, USA",47.6628699,-122.3132802
747,"6727 M L KING JR WAY S, SEATTLE, WA 98118, USA",,
748,"12832 NE 14TH PL, BELLEVUE, WA 98005, USA",47.6234964,-122.1689348
749,"1202 N 155TH ST, SHORELINE, WA 98133, USA",47.7417443,-122.3437375
750,"1532 Pike PL, seattle, WA 98101, USA",47.6093678,-122.3414718
751,"11002 1ST AVE S, Suite A, SEATTLE, WA 98168, USA",,
752,"108 FACTORY AVE N, RENTON, WA 98057, USA",47.4843229,-122.1979445
753,"727 E PIKE ST, Seattle, WA 98122, USA",47.613953,-122.3222886
754,"6464 MARTIN LUTHER KING JR WAY S, 103, Seattle, WA 98118, USA",,
755,"6464 MLK JR WAY S, 104, SEATTLE, WA 98118, USA",,
756,"2020 S 320TH ST, FEDERAL WAY, WA 98003, USA",47.3161046,-122.3070789
757,"11431 NE 124TH ST, KIRKLAND, WA 98034, USA",47.7109444,-122.1876824
758,"153 SW 157TH ST, Seattle, WA 98166, USA",,
759,"25633 102ND PL SE, KENT, WA 98030, USA",47.3716618,-122.2053158
760,"17555 SOUTHCENTER PKWY, Seattle, WA 98188, USA",,
761,"2711 E MADISON ST, SEATTLE, WA 98112, USA",47.6227273,-122.2970133
762,"13024 NEWCASTLE WAY, #3, NEWCASTLE, WA 98059, USA",,
763,"22501 MARINE VIEW DR S, Seattle, WA 98198, USA",47.4002883,-122.3249268
764,"2232 QUEEN ANNE AVE N, SEATTLE, WA 98109, USA",47.6394154,-122.3566453
765,"627 SW 152ND ST, B, BURIEN, WA 98166, USA",,
766,"1875 NW POPLAR WAY, #3, ISSAQUAH, WA 98027, USA",,
767,"15003 AMBAUM BLVD SW, BURIEN, WA 98166, USA",47.4682964,-122.3463599
768,"4105 Leary WAY NW, Seattle, WA 98107, USA",47.6573167,-122.3634479
769,"421 E THOMAS ST, SEATTLE, WA 98102, USA",47.6207302,-122.325587
770,"3921 LINDEN AVE N, SEATTLE, WA 98103, USA",47.6551611,-122.3491482
771,"12920 SE 38TH ST, BELLEVUE, WA 98006, USA",47.5765917,-122.167289
772,"3625 132ND AVE SE, BELLEVUE, WA 98006, USA",47.5786457,-122.1652953
773,"550 12TH AVE, SEATTLE, WA 98122, USA",47.6070112,-122.3165028
774,"2685 NE 46TH ST, SEATTLE, WA 98105, USA",47.6616353,-122.2979979
775,"500 TERRY AVE N, SEATTLE, WA 98109, USA",47.623384,-122.3368824
776,"6951 M L KING JR WAY S, SEATTLE, WA 98118, USA",,
777,"1529 14TH AVE, SEATTLE, WA 98122, USA",47.6149618,-122.314424
778,"124 S WASHINGTON ST, SEATTLE, WA 98104, USA",47.6010034,-122.3331484
779,"10410 GREENWOOD AVE N, #B, SEATTLE, WA 98133, USA",47.7048953,-122.3549905
780,"401 CEDAR ST, SEATTLE, WA 98121, USA",47.6178325,-122.3477283
781,"6855 176TH AVE NE, 205, REDMOND, WA 98052, USA",,
782,"18134 VASHON HWY SW, VASHON ISLAND, WA 98070, USA",,
783,"86 PINE ST, Seattle, WA 98101, USA",47.6098967,-122.3413181
784,"12330 LAKE CITY WAY NE, SEATTLE, WA 98125, USA",47.7182759,-122.2955772
785,"1729 1ST AVE S, SEATTLE, WA 98134, USA",47.5873336,-122.334451
786,"4310 FREMONT AVE N, SEATTLE, WA 98103, USA",47.6598077,-122.3498927
787,"4520 UNION BAY PL NE, SEATTLE, WA 98105, USA",47.6621395,-122.2933778
788,"80 YESLER WAY, SEATTLE, WA 98104, USA",47.6018668,-122.3351491
789,"5100 BALLARD AVE NW, SEATTLE, WA 98107, USA",47.6646073,-122.3808628
790,"819 5TH AVE N, SEATTLE, WA 98109, USA",47.6269337,-122.347734
791,"1525 E OLIVE WAY, B-1, SEATTLE, WA 98122, USA",,
792,"17801 INTERNATIONAL BLVD, NS-25, SEATAC, WA 98158, USA",,
793,"509 7TH AVE S, SEATTLE, WA 98104, USA",47.5979221,-122.3239179
794,"19501 144TH AVE NE, F100, WOODINVILLE, WA 98072, USA",,
795,"13590 NE VILLAGE SQUARE DR, 1025, WOODINVILLE, WA 98072, USA",,
796,"31511 PACIFIC HWY S, FEDERAL WAY, WA 98003, USA",47.3195645,-122.3153174
797,"10609 SE 240TH ST, KENT, WA 98031, USA",47.3866183,-122.1992875
798,"1295 N 205TH ST, SHORELINE, WA 98133, USA",47.7753517,-122.3427928
799,"2407 24TH AVE E, SEATTLE, WA 98112, USA",47.6405676,-122.3023923
800,"2112 NE 65TH ST, Seattle, WA 98115, USA",47.6759136,-122.3046153
801,"93 PIKE ST, SEATTLE, WA 98101, USA",47.6086273,-122.340197
802,"15700 SOUTHCENTER PKWY, TUKWILA, WA 98188, USA",47.4611367,-122.2613492
803,"409 ROY ST, Seattle, WA 98109, USA",47.6252401,-122.3483701
804,"1601 DEXTER AVE N, K108, SEATTLE, WA 98109, USA",,
805,"5600 ROOSEVELT WAY NE, SEATTLE, WA 98105, USA",47.6695963,-122.3170702
806,"14804 NE 24TH ST, REDMOND, WA 98052, USA",47.6318334,-122.1417288
807,"1520 HIGHLANDS DR NE, #120, ISSAQUAH, WA 98029, USA",,
808,"16876 SOUTHCENTER PKWY, TUKWILA, WA 98188, USA",47.4525731,-122.2610352
809,"14804 NE 24TH ST, Redmond, WA 98052, USA",47.6318334,-122.1417288
810,"1121 E PIKE ST, SEATTLE, WA 98122, USA",47.6139854,-122.3171112
811,"1505 Pike Place, seattle, WA 98101, USA",47.6085817,-122.3406894
812,"1301 E YESLER WAY, SEATTLE, WA 98122, USA",47.6011638,-122.315673
813,"606-B BROADWAY E, SEATTLE, WA 98102, USA",47.6250045,-122.3209342
814,"2710 Beacon AVE S, C, Seattle, WA 98144, USA",,
815,"8821 S 180TH ST, KENT, WA 98032, USA",,
816,"9211 HOLMAN RD NW, Seattle, WA 98117, USA",47.696869,-122.3724228
817,"8909 14TH AVE S, SEATTLE, WA 98108, USA",47.5235609,-122.3153428
818,"11400 NE 124TH ST, KIRKLAND, WA 98034, USA",47.7115604,-122.189039
819,"221 1ST AVE W, SEATTLE, WA 98119, USA",47.620537,-122.3584401
820,"155 108TH AVE NE, BELLEVUE, WA 98004, USA",47.6118602,-122.1968831
821,"2604 CALIFORNIA AVE SW, SEATTLE, WA 98116, USA",47.5809864,-122.3863504
822,"2801 S HANFORD ST, SEATTLE, WA 98144, USA",47.5744832,-122.2964268
823,"4260 23rd AVE W, SEATTLE, WA 98199, USA",47.6593434,-122.3855904
824,"31217 124th AVE SE, #6, AUBURN, WA 98092, USA",,
825,"4737 CALIFORNIA AVE SW, SEATTLE, WA 98116, USA",47.5599943,-122.3870252
826,"426 SW 153RD ST, BURIEN, WA 98166, USA",47.466224,-122.3404189
827,"1435 E JOHN ST, #137, SEATTLE, WA 98112, USA",,
828,"611 SW 152ND ST, BURIEN, WA 98166, USA",47.4665624,-122.3424159
829,"3102 S Day ST, Seattle, WA 98144, USA",47.5898071,-122.2865563
830,"7909 RAINIER AVE S, A, SEATTLE, WA 98118, USA",,
831,"7631 RAINIER AVE S, SEATTLE, WA 98118, USA",47.5337823,-122.2705256
832,"3801 STONE WAY N, Suite A, Seattle, WA 98103, USA",,
833,"146 SW 153rd ST, BURIEN, WA 98166, USA",47.4660651,-122.3351379
834,"5715 15TH AVE NW, Seattle, WA 98107, USA",47.670641,-122.3767514
835,"2446 NW MARKET ST, SEATTLE, WA 98107, USA",47.6688337,-122.3896468
836,"17801 INTERNATIONAL BLVD S, SEATAC, WA 98158, USA",47.4430089,-122.3023716
837,"5905 15TH AVE NW, SEATTLE, WA 98107, USA",47.6718074,-122.3764873
838,"6020 28TH AVE NW, Seattle, WA 98107, USA",47.6728435,-122.3921853
839,"6411 SEAVIEW AVE NW, Seattle, WA 98107, USA",47.6751324,-122.408178
840,"1418 NW 65TH ST, SEATTLE, WA 98117, USA",47.6767863,-122.3745454
841,"1707 NW MARKET ST, Seattle, WA 98107, USA",47.6685088,-122.3793412
842,"2817 NW MARKET ST, SEATTLE, WA 98107, USA",47.6684721,-122.3937385
843,"5433 LEARY AVE NW, SEATTLE, WA 98107, USA",47.6673322,-122.3833268
844,"5500 8TH AVE NW, Seattle, WA 98107, USA",47.6688162,-122.3659727
845,"1400 NW 56TH ST, Seattle, WA 98107, USA",47.6698207,-122.3744943
846,"13205 NE 175th ST, Woodinville, WA 98072, USA",47.75439,-122.1630118
847,"5205 BALLARD AVE NW, SEATTLE, WA 98107, USA",47.6655203,-122.3825792
848,"5439 BALLARD AVE NW, SEATTLE, WA 98107, USA",47.6683592,-122.3861758
849,"6759 15TH AVE NW, SEATTLE, WA 98117, USA",47.6792744,-122.3772409
850,"2675 NE UNIVERSITY VILLAGE ST, SEATTLE, WA 98105, USA",47.6628846,-122.2986422
851,"1841 42ND AVE E, SEATTLE, WA 98112, USA",47.6358478,-122.2786721
852,"4900 STONE WAY N, SEATTLE, WA 98103, USA",47.6645382,-122.3402406
853,"18230 E VALLEY HWY, STE 172, KENT, WA 98032, USA",,
854,"17801 INTERNATIONAL BLVD, NS-3, SEATAC, WA 98158, USA",,
855,"9400 ROOSEVELT WAY NE, B, SEATTLE, WA 98115, USA",47.6968584,-122.3173709
856,"35109 PACIFIC HWY S, FEDERAL WAY, WA 98003, USA",47.2864814,-122.3203795
857,"4556 M L KING JR WAY S, SEATTLE, WA 98108, USA",,
858,"15600 NE 8TH ST, 0-9, BELLEVUE, WA 98008, USA",,
859,"6855 176TH AVE NE, 200, REDMOND, WA 98052, USA",,
860,"2460 WESTERN AVE, SEATTLE, WA 98121, USA",47.6140207,-122.349302
861,"4219 S OTHELLO ST, SEATTLE, WA 98118, USA",47.5365086,-122.2802331
862,"4750 CALIFORNIA AVE SW, SEATTLE, WA 98116, USA",47.5595706,-122.3866131
863,"13001 LAKE CITY WAY NE, SEATTLE, WA 98125, USA",47.7230689,-122.2936465
864,"7297 W LAKE SAMMAMISH PKWY NE, Redmond, WA 98052, USA",47.6693476,-122.1305314
865,"2319 2ND AVE, SEATTLE, WA 98121, USA",47.6143274,-122.3465048
866,"6408 M L KING JR WAY S, SEATTLE, WA 98118, USA",,
867,"9003 35th AVE SW, SEATTLE, WA 98126, USA",47.5226547,-122.3769187
868,"17348 SOUTHCENTER PKWY, TUKWILA, WA 98188, USA",47.4482062,-122.260075
869,"10414 HOLMAN RD NW, SEATTLE, WA 98133, USA",47.7044236,-122.355837
870,"14959 NE 95TH ST, REDMOND, WA 98052, USA",47.6858186,-122.1412406
871,"504 RAMSAY WAY, 105, KENT, WA 98032, USA",47.3853155,-122.2345047
872,"12835 NEWCASTLE WAY, #100, NEWCASTLE, WA 98056, USA",,
873,"15440 NE 95TH ST, REDMOND, WA 98052, USA",47.6864185,-122.1334336
874,"305 HARRISON ST, SEATTLE, WA 98109, USA",47.621462,-122.3509886
875,"1315 E JEFFERSON ST, 101, SEATTLE, WA 98122, USA",,
876,"1546 15TH AVE, SEATTLE, WA 98122, USA",47.6150507,-122.3125981
877,"2318 2ND AVE, SEATTLE, WA 98121, USA",47.614565,-122.3461938
878,"3057 BEACON AVE S, SEATTLE, WA 98144, USA",47.5754307,-122.3095482
879,"400 FAIRVIEW AVE N, SEATTLE, WA 98109, USA",47.6224575,-122.3338529
880,"400 FAIRVIEW AVE N, 105, SEATTLE, WA 98109, USA",,
881,"503 N 36TH ST, B, SEATTLE, WA 98103, USA",,
882,"1500 E OLIVE WAY, SEATTLE, WA 98122, USA",47.6178484,-122.3263788
883,"307 W McGraw ST, Seattle, WA 98119, USA",47.6394825,-122.361358
884,"219 N 85TH ST, Seattle, WA 98103, USA",47.690492,-122.3557919
885,"21427 PACIFIC HWY S, Des Moines, WA 98198, USA",47.4086951,-122.2996251
886,"8549 GREENWOOD AVE N, Seattle, WA 98103, USA",47.6918029,-122.3555689
887,"360 CORPORATE DR N, TUKWILA, WA 98188, USA",47.4513296,-122.2565909
888,"19115 84TH AVE S, KENT, WA 98032, USA",47.4313925,-122.2284619
889,"11335 ROOSEVELT WAY NE, SEATTLE, WA 98125, USA",47.7113739,-122.3181297
890,"705 NW 70TH ST, SEATTLE, WA 98117, USA",47.6794438,-122.364783
891,"14580 NE 145TH ST, WOODINVILLE, WA 98072, USA",47.7340641,-122.1469518
892,"4743 BALLARD AVE NW, SEATTLE, WA 98107, USA",47.6636067,-122.3801366
893,"17401 133RD AVE NE, C108, WOODINVILLE, WA 98072, USA",,
894,"401 NE NORTHGATE WAY, SEATTLE, WA 98125, USA",47.7057503,-122.3274813
895,"18025 GARDEN WAY NE, WOODINVILLE, WA 98072, USA",47.7577418,-122.156627
896,"12520 TOTEM LAKE BLVD NE, 112, KIRKLAND, WA 98034, USA",,
897,"31325 PACIFIC HWY S, Federal Way, WA 98003, USA",47.3208851,-122.3153612
898,"775 NW GILMAN BLVD, C-01, ISSAQUAH, WA 98207, USA",47.5432516,-122.0498134
899,"1649 BELLEVUE WAY SE, Bellevue, WA 98004, USA",47.5952044,-122.1967887
900,"19201 NE WOODINVILLE DUVALL RD, WOODINVILLE, WA 98077, USA",47.7615702,-122.1225953
901,"1940 WESTLAKE AVE, SEATTLE, WA 98101, USA",47.6143402,-122.3375235
902,"500 BELLEVUE WAY NE, 210, BELLEVUE, WA 98004, USA",,
903,"19501 144TH AVE NE, E800, WOODINVILLE, WA 98072, USA",,
904,"945 ELLIOTT AVE W, SEATTLE, WA 98119, USA",47.6275213,-122.3705766
905,"3417 EVANSTON AVE N, #102, SEATTLE, WA 98103, USA",47.6506413,-122.3514784
906,"7605 SE 27TH ST, 107, MERCER ISLAND, WA 98040, USA",47.586572,-122.236897
907,"7811 AURORA AVE N, SEATTLE, WA 98103, USA",47.6856672,-122.3446665
908,"112 WESTLAKE AVE N, SEATTLE, WA 98109, USA",47.6187703,-122.3383611
909,"14130 JUANITA DR NE, 107, KIRKLAND, WA 98034, USA",,
910,"22117 SE 237TH ST, MAPLE VALLEY, WA 98038, USA",47.3885863,-122.0462808
911,"801 N 34TH ST, SEATTLE, WA 98103, USA",47.6480432,-122.348032
912,"419 OCCIDENTAL AVE S, 100, Seattle, WA 98104, USA",,
913,"4002 UNIVERSITY WAY NE, SEATTLE, WA 98105, USA",47.6554523,-122.3131495
914,"2318 SW 336TH ST, FEDERAL WAY, WA 98023, USA",47.3013496,-122.363426
915,"4854 154TH PL NE, REDMOND, WA 98052, USA",47.6525202,-122.1339772
916,"352 ROY ST, Seattle, WA 98109, USA",47.6255912,-122.3499253
917,"15749 NE 4TH ST, BELLEVUE, WA 98008, USA",47.6124524,-122.1281512
918,"4459 FREMONT AVE N, Suite # 1, SEATTLE, WA 98103, USA",,
919,"1702 AUBURN WAY N, #D, AUBURN, WA 98002, USA",,
920,"1946 S SEA TAC MALL, FEDERAL WAY, WA 98003, USA",,
921,"17240 140TH AVE SE, Renton, WA 98058, USA",47.4467745,-122.1527346
922,"25620 102ND PL SE, KENT, WA 98030, USA",47.371934,-122.2042273
923,"126 SW 148TH ST, C150, BURIEN, WA 98166, USA",47.4719377,-122.3357483
924,"2255 140TH AVE NE, C, BELLEVUE, WA 98005, USA",,
925,"17181 REDMOND WAY, 900, Redmond, WA 98052, USA",,
926,"826 NE NORTHGATE WAY, Seattle, WA 98125, USA",47.7095572,-122.3192572
927,"10007 MAIN ST, BOTHELL, WA 98011, USA",47.759841,-122.2066454
928,"520 RAINIER AVE S, RENTON, WA 98057, USA",47.4920832,-122.2185552
929,"993 SOUTHCENTER MALL, TUKWILA, WA 98188, USA",47.4587264,-122.2577886
930,"1590 NW GILMAN BLVD, 8, Issaquah, WA 98027, USA",47.5460166,-122.0611511
931,"3670 STONE WAY N, SEATTLE, WA 98103, USA",47.652274,-122.3422089
932,"14500 JUANITA DR NE, KENMORE, WA 98028, USA",47.7299527,-122.2513852
933,"401 OLYMPIA AVE NE, Renton, WA 98056, USA",47.4891439,-122.1723796
934,"30741 3RD AVE, 105, BLACK DIAMOND, WA 98010, USA",,
935,"808 12TH AVE, SEATTLE, WA 98122, USA",47.6095403,-122.3165667
936,"2205 2ND AVE, SEATTLE, WA 98121, USA",47.6132269,-122.3446665
937,"1250 1ST AVE S, Seattle, WA 98134, USA",47.5913974,-122.332507
938,"1419 1ST AVE, SEATTLE, WA 98101, USA",47.6083261,-122.3397782
939,"1900 W NICKERSON ST, #108, Seattle, WA 98119, USA",,
940,"18505 BOTHELL WAY NE, BOTHELL, WA 98011, USA",47.7619908,-122.208043
941,"12223 NE 116TH ST, KIRKLAND, WA 98033, USA",47.7026687,-122.1782342
942,"210 WESTLAKE AVE N, SEATTLE, WA 98109, USA",47.620245,-122.338261
943,"4221 UNIVERSITY WAY NE, SEATTLE, WA 98105, USA",47.6589856,-122.313368
944,"6621 S 211TH ST, 101, KENT, WA 98032, USA",,
945,"90 YESLER WAY, Seattle, WA 98104, USA",47.6018672,-122.3350213
946,"4509 CALIFORNIA AVE SW, Seattle, WA 98116, USA",47.5626236,-122.3869793
947,"12623 RENTON AVE S, Seattle, WA 98178, USA",47.4904874,-122.2396107
948,"6023 LAKE WASHINGTON BLVD NE, Kirkland, WA 98033, USA",47.6616855,-122.2071866
949,"2424 BEACON AVE S, Seattle, WA 98144, USA",47.5815024,-122.3137624
950,"4886 BEACON AVE S, Seattle, WA 98108, USA",47.5585327,-122.3035419
951,"4101 BEACON AVE S, SEATTLE, WA 98108, USA",47.5659934,-122.3091191
952,"2415 BEACON AVE S, Seattle, WA 98144, USA",47.5811766,-122.3145268
953,"4347 15TH AVE S, Seattle, WA 98108, USA",47.5639603,-122.3137431
954,"2025 14TH AVE S, SEATTLE, WA 98144, USA",47.5851086,-122.3153471
955,"321 BROADWAY E, C1, SEATTLE, WA 98102, USA",,
956,"4044 NE SUNSET BLVD, RENTON, WA 98056, USA",47.5045045,-122.1652352
957,"2103 SW 152ND ST, BURIEN, WA 98166, USA",47.4665226,-122.3609564
958,"517 S Weller ST, Seattle, WA 98104, USA",47.5974074,-122.3270516
959,"2102 AUBURN WAY N, AUBURN, WA 98002, USA",47.3258571,-122.2210201
960,"17411 NE UNION HILL RD, REDMOND, WA 98052, USA",47.6747376,-122.1074131
961,"18101 AVONDALE RD NE, Woodinville, WA 98077, USA",47.760897,-122.0805797
962,"13737 202ND AVE NE, Woodinville, WA 98077, USA",47.7226693,-122.0666778
963,"8905 208TH AVE NE, REDMOND, WA 98053, USA",47.6812967,-122.0654201
964,"8525 208th AVE NE, REDMOND, WA 98053, USA",47.6795216,-122.0640303
965,"19116 BEARDSLEE BLVD, BOTHELL, WA 98011, USA",47.7664248,-122.1916265
966,"13600 NE 20TH ST, G, Bellevue, WA 98005, USA",,
967,"2362 NW 80TH ST, SEATTLE, WA 98117, USA",47.6869352,-122.3871101
968,"1124 N 97TH ST, SEATTLE, WA 98103, USA",47.6998269,-122.343477
969,"3400 STONE WAY N, 5, SEATTLE, WA 98103, USA",,
970,"19151 144TH AVE NE, E, WOODINVILLE, WA 98072, USA",,
971,"25025 SE 32ND ST, Issaquah, WA 98029, USA",,
972,"1513 SW HOLDEN ST, SEATTLE, WA 98106, USA",47.5334565,-122.354658
973,"17801 INTERNATIONAL BLVD, NS-08, SEATAC, WA 98158, USA",,
974,"1600 PIKE PL, SEATTLE, WA 98101, USA",47.6095818,-122.3418158
975,"126 BELLEVUE SQUARE, BELLEVUE, WA 98004, USA",,
976,"17716 BOTHELL WAY NE, BOTHELL, WA 98011, USA",47.7565173,-122.2116008
977,"12720 LAKE CITY WAY NE, SEATTLE, WA 98125, USA",47.7219293,-122.293348
978,"9801 16TH AVE SW, SEATTLE, WA 98106, USA",47.5153167,-122.3554843
979,"17801 INTERNATIONAL BLVD, 13, SEATAC, WA 98158, USA",,
980,"14650 NE BEL RED RD, Bellevue, WA 98007, USA",,
981,"2444 NE BEL RED RD, Bellevue, WA 98007, USA",,
982,"1833 AUBURN WAY N, #0, AUBURN, WA 98002, USA",,
983,"1934 4TH AVE W, SEATTLE, WA 98119, USA",47.636961,-122.3619019
984,"2211 ALASKAN WAY, Seattle, WA 98121, USA",47.6111425,-122.3492096
985,"17801 International Blvd,, ct-27, Seattle tacoma, WA 98518, USA",,
986,"6900 E GREEN LAKE WAY N, #D, SEATTLE, WA 98115, USA",47.6787451,-122.3261323
987,"11834 98TH AVE NE, Kirkland, WA 98034, USA",47.7064232,-122.2098242
988,"12545 116TH AVE NE, KIRKLAND, WA 98034, USA",47.7124483,-122.1876823
989,"243 SW 153RD ST, BURIEN, WA 98166, USA",47.4657588,-122.3382265
990,"29314 PACIFIC HWY S, A, FEDERAL WAY, WA 98003, USA",,
991,"10527 MAIN ST, BELLEVUE, WA 98004, USA",47.6099504,-122.1996705
992,"3109 E MADISON ST, SEATTLE, WA 98112, USA",47.6260548,-122.2920326
993,"925 4TH AVE, SEATTLE, WA 98104, USA",47.6054207,-122.3333312
994,"10373 MAIN ST, BELLEVUE, WA 98004, USA",47.6099608,-122.2023162
995,"1115 108TH AVE NE, BELLEVUE, WA 98004, USA",47.6204066,-122.1964386
996,"3727 FACTORIA BLVD SE, Bellevue, WA 98006, USA",47.5766283,-122.1699299
997,"12190 NE District WAY, BELLEVUE, WA 98005, USA",47.621394,-122.1778158
998,"14600 NE 24TH ST, BELLEVUE, WA 98007, USA",47.6321184,-122.1455317
999,"14640 NE 24TH ST, BELLEVUE, WA 98007, USA",47.6326328,-122.1438737
1000,"1701 98TH AVE NE, CLYDE HILL, WA 98004, USA",47.625434,-122.2107847
1001,"11200 SE 6TH ST, BELLEVUE, WA 98004, USA",47.6056328,-122.1895024
1002,"929 108TH AVE NE, BELLEVUE, WA 98004, USA",47.618325,-122.196907
1003,"5450 140TH AVE NE, BELLEVUE, WA 98005, USA",47.6567105,-122.1516175
1004,"10416 WOLVERINE WAY, BELLEVUE, WA 98004, USA",47.6044036,-122.1976825
1005,"445 128TH AVE SE, Bellevue, WA 98005, USA",47.6040516,-122.1710726
1006,"12011 NE 1ST ST, Bellevue, WA 98005, USA",47.6106781,-122.1795409
1007,"14008 NE 8TH ST, Bellevue, WA 98007, USA",47.6176152,-122.1531721
1008,"3710 PROVIDENCE PT DR, Issaquah, WA 98029, USA",47.5738149,-122.0367559
1009,"2221 3RD AVE, SEATTLE, WA 98121, USA",47.6141693,-122.3445011
1010,"2424 1ST AVE, Seattle, WA 98121, USA",47.6147246,-122.3483956
1011,"2422 1ST AVE, SEATTLE, WA 98121, USA",47.6146017,-122.3482579
1012,"609 S WELLER ST, C, SEATTLE, WA 98104, USA",,
1013,"13622 NE 20TH ST, E, BELLEVUE, WA 98005, USA",47.6277972,-122.1208748
1014,"2137 2ND AVE, SEATTLE, WA 98121, USA",47.6130469,-122.3443025
1015,"176 LAKE ST S, Kirkland, WA 98033, USA",47.6741901,-122.2057816
1016,"166 BELLEVUE SQUARE, BELLEVUE, WA 98004, USA",,
1017,"2010 S 344TH ST, A8, FEDERAL WAY, WA 98003, USA",,
1018,"1011 NE HIGH ST, #103, ISSAQUAH, WA 98029, USA",,
1019,"1501 2ND AVE, SEATTLE, WA 98101, USA",47.6093592,-122.3392078
1020,"216 N 70TH ST, SEATTLE, WA 98103, USA",47.6796938,-122.355558
1021,"1601 DEXTER AVE N, SEATTLE, WA 98109, USA",47.6335824,-122.3427318
1022,"4210 SW ADMIRAL WAY, A, SEATTLE, WA 98116, USA",47.5814842,-122.385737
1023,"6509 ROOSEVELT WAY NE, SEATTLE, WA 98115, USA",47.67599,-122.3174886
1024,"2523 15TH AVE S, SEATTLE, WA 98144, USA",47.5802482,-122.3138123
1025,"12484 NE 60TH ST, KIRKLAND, WA 98033, USA",47.6608516,-122.1725306
1026,"6101 152ND AVE NE, Redmond, WA 98052, USA",47.6619231,-122.1389273
1027,"24061 SE 264TH ST, M100, MAPLE VALLEY, WA 98038, USA",47.3650573,-122.0201474
1028,"17017 SE 270TH PL, COVINGTON, WA 98042, USA",47.358868,-122.1139705
1029,"2000 BENSON RD S, #185, RENTON, WA 98055, USA",,
1030,"18665 116TH AVE SE, RENTON, WA 98058, USA",47.43486,-122.1879741
1031,"20712 108TH AVE SE, Kent, WA 98031, USA",47.4164314,-122.1965109
1032,"13550 NE VILLAGE SQUARE DR, 1040, WOODINVILLE, WA 98072, USA",,
1033,"15045 BEL RED RD, Bellevue, WA 98007, USA",47.6271916,-122.1404407
1034,"18931 BOTHELL WAY NE, #2, BOTHELL, WA 98011, USA",,
1035,"306 LENORA ST, Seattle, WA 98121, USA",47.6134829,-122.342044
1036,"700 NW GILMAN BLVD, STE E-103A, ISSAQUAH, WA 98027, USA",,
1037,"501 FAIRVIEW AVE N, SEATTLE, WA 98109, USA",47.6236963,-122.3348651
1038,"720 OLIVE WAY, Seattle, WA 98101, USA",47.614199,-122.3348513
1039,"2200 E MADISON ST, B, SEATTLE, WA 98112, USA",47.6187802,-122.303454
1040,"428 WESTLAKE AVE N, #101, SEATTLE, WA 98109, USA",,
1041,"221 MAIN ST, RENTON, WA 98057, USA",,
1042,"317 NW GILMAN BLVD, #3, ISSAQUAH, WA 98027, USA",47.5396521,-122.0399551
1043,"11614 AMBAUM BLVD SW, #B, BURIEN, WA 98146, USA",,
1044,"1811 7TH AVE, Seattle, WA 98101, USA",47.6137866,-122.3356865
1045,"1319 NE 65th ST, A, Seattle, WA 98115, USA",,
1046,"1801 41ST AVE E, Seattle, WA 98112, USA",47.6348329,-122.2799965
1047,"127 SW 153RD ST, BURIEN, WA 98166, USA",47.4657192,-122.335108
1048,"9811 15th AVE SW, SEATTLE, WA 98146, USA",47.5151715,-122.3544539
1049,"13614 AMBAUM BLVD SW, BURIEN, WA 98166, USA",47.4806201,-122.3477828
1050,"1437 NW RICHMOND BEACH RD, SHORELINE, WA 98177, USA",47.7695583,-122.3769824
1051,"15420 MAIN ST NE, A, DUVALL, WA 98019, USA",,
1052,"11801 NE 160TH ST, BOTHELL, WA 98011, USA",47.7434001,-122.1837092
1053,"20717 INTERNATIONAL BLVD, Seattle, WA 98198, USA",,
1054,"24415 RUSSELL RD S, KENT, WA 98032, USA",47.3824543,-122.2626355
1055,"401 8TH ST SW, AUBURN, WA 98001, USA",47.3017519,-122.2345633
1056,"1850 MAPLE VALLEY HWY, 7, RENTON, WA 98057, USA",,
1057,"19 148TH AVE NE, Bellevue, WA 98007, USA",47.6103032,-122.1435785
1058,"1617 NE 47TH ST, Seattle, WA 98105, USA",47.6628869,-122.3100645
1059,"24817 Pacific HWY S, 205, KENT, WA 98032, USA",,
1060,"7311 AURORA AVE N, SEATTLE, WA 98103, USA",47.6821453,-122.344708
1061,"1147 N 81ST ST, SEATTLE, WA 98103, USA",47.6874248,-122.3422133
1062,"1818 QUEEN ANNE AVE N, Seattle, WA 98109, USA",47.6354049,-122.3565606
1063,"414 SW 312TH ST, FEDERAL WAY, WA 98023, USA",47.3233817,-122.3411008
1064,"954 E UNION ST, 102, SEATTLE, WA 98122, USA",47.6133961,-122.3196328
1065,"1427 4TH AVE, #100C, SEATTLE, WA 98101, USA",,
1066,"2681 NE UNIVERSITY VILLAGE ST, SEATTLE, WA 98105, USA",47.6628906,-122.2984919
1067,"305 NW 82ND ST, SEATTLE, WA 98117, USA",47.6882008,-122.3609949
1068,"1507 QUEEN ANNE AVE N, SEATTLE, WA 98109, USA",47.6326914,-122.3572116
1069,"6413 CALIFORNIA AVE SW, SEATTLE, WA 98136, USA",47.5454269,-122.3874998
1070,"1201 S 104TH ST, Seattle, WA 98168, USA",47.5094394,-122.3174294
1071,"850 NW 45TH ST, SEATTLE, WA 98107, USA",47.661754,-122.367945
1072,"910 NE PARK DR, ISSAQUAH, WA 98029, USA",47.5435345,-122.0193661
1073,"17197 SOUTHCENTER PKWY, TUKWILA, WA 98188, USA",47.4493225,-122.2629647
1074,"1100 BELLEVUE WAY NE, 5-6, BELLEVUE, WA 98004, USA",,
1075,"601 E PIKE ST, 100, SEATTLE, WA 98122, USA",,
1076,"10724 NE 68TH ST, KIRKLAND, WA 98033, USA",47.6674673,-122.1973964
1077,"4710 NE 4TH ST, #105, RENTON, WA 98059, USA",,
1078,"69715 SE SNOQUALMIE PASS SUMMIT RD, SNOQUALMIE PASS, WA 98068, USA",,
1079,"1101 OUTLET COLLECTION WAY SW, 1275, AUBURN, WA 98001, USA",,
1080,"4534 TOLT AVE, Carnation, WA 98014, USA",47.6483579,-121.9136497
1081,"30741 3RD AVE, 183, BLACK DIAMOND, WA 98010, USA",,
1082,"3310 EAST LAKE SAMMAMISH PKWY SE, SAMMAMISH, WA 98075, USA",47.5792876,-122.0747534
1083,"14950 NE 95TH ST, F, REDMOND, WA 98052, USA",,
1084,"21230 84TH AVE S, KENT, WA 98032, USA",47.4108785,-122.2273671
1085,"15515 WESTMINSTER WAY N, A, SHORELINE, WA 98133, USA",47.7420997,-122.3479097
1086,"921 N 10th ST, A, RENTON, WA 98057, USA",,
1087,"19501 144TH AVE NE, WOODINVILLE, WA 98072, USA",47.7692113,-122.1503033
1088,"723 AVENUE D, SNOHOMISH, WA 98272, USA",47.9207729,-122.0979693
1089,"723 D, E, SNOHOMISH, WA 98290, USA",47.9253109,-122.0797638
1090,"354 SUNSET BLVD N, RENTON, WA 98057, USA",47.4883679,-122.193895
1091,"13706 NE 175TH ST, WOODINVILLE, WA 98072, USA",47.7545652,-122.1563021
1092,"22639 NE INGLEWOOD HILL RD, SAMMAMISH, WA 98074, USA",47.6155871,-122.0369328
1093,"4627 SW 320TH ST, FEDERAL WAY, WA 98023, USA",47.3149941,-122.3924902
1094,"736 NW GILMAN BLVD, ISSAQUAH, WA 98027, USA",47.5441437,-122.0490417
1095,"23803 W VALLEY HWY, KENT, WA 98032, USA",47.3883447,-122.2484027
1096,"235 RAINIER AVE S, RENTON, WA 98057, USA",47.4802255,-122.2173675
1097,"1608 S DEARBORN ST, SEATTLE, WA 98144, USA",47.5960425,-122.311124
1098,"9635 16TH AVE SW, SEATTLE, WA 98106, USA",47.5162035,-122.3553993
1099,"1011 E PIKE ST, SEATTLE, WA 98122, USA",47.6139519,-122.319023
1100,"4350 LEARY WAY NW, SEATTLE, WA 98107, USA",47.6601299,-122.365615
1101,"815 5TH AVE N, SEATTLE, WA 98109, USA",47.6268102,-122.3477244
1102,"1935 QUEEN ANNE AVE N, SEATTLE, WA 98109, USA",47.6370237,-122.3571369
1103,"1355 E OLIVE WAY, SEATTLE, WA 98122, USA",47.6166381,-122.3275746
1104,"2800 SOUTHCENTER MALL, TUKWILA, WA 98188, USA",47.4577529,-122.2588523
1105,"35 W SUNSET WAY, ISSAQUAH, WA 98027, USA",47.5299321,-122.0371955
1106,"440 S 186TH ST, BURIEN, WA 98148, USA",47.4369794,-122.3280897
1107,"14844 SE 22ND ST, Bellevue, WA 98007, USA",47.5909285,-122.1403337
1108,"33120 PACIFIC HWY S, 4, FEDERAL WAY, WA 98003, USA",,
1109,"4133 UNIVERSITY WAY NE, Seattle, WA 98105, USA",47.6578595,-122.3135663
1110,"1118 OUTLET COLLECTION WAY SW, 102, AUBURN, WA 98001, USA",,
1111,"803 S 348TH ST, FEDERAL WAY, WA 98003, USA",47.289643,-122.3239146
1112,"3366 AUBURN WAY S, AUBURN, WA 98092, USA",47.2884493,-122.1833468
1113,"406 ELLINGTON RD, PACIFIC, WA 98047, USA",,
1114,"27400 PACIFIC HWY S, FEDERAL WAY, WA 98003, USA",47.3555909,-122.3104448
1115,"5041 RAINIER AVE S, 104, SEATTLE, WA 98118, USA",47.5560354,-122.2841053
1116,"2439 MAPLE VALLEY RD S, Renton, WA 98057, USA",,
1117,"3220 S HUDSON ST, Seattle, WA 98118, USA",47.5573095,-122.290149
1118,"1320 S 324TH ST, #A10, FEDERAL WAY, WA 98003, USA",,
1119,"811 S 3rd ST, Renton, WA 98056, USA",47.4795762,-122.2059006
1120,"10127 MAIN ST, A, BOTHELL, WA 98011, USA",,
1121,"12722 SE 312TH ST, L, AUBURN, WA 98092, USA",,
1122,"1636 312th S ST, FEDERAL WAY, WA 98003, USA",47.3226043,-122.3115833
1123,"26108 PACIFIC HWY S, KENT, WA 98032, USA",47.3676188,-122.3039241
1124,"14201 INTERURBAN AVE S, TUKWILA, WA 98168, USA",47.4758607,-122.2588244
1125,"14816 1st AVE S, BURIEN, WA 98168, USA",47.470242,-122.3334327
1126,"5628 UNIVERSITY WAY NE, SEATTLE, WA 98105, USA",47.67035,-122.3126878
1127,"5628 UNIVERSITY WAY NE, LOWER, SEATTLE, WA 98105, USA",,
1128,"12803 AMBAUM BLVD SW, BURIEN, WA 98146, USA",47.4881895,-122.3503317
1129,"12803 AMBAUM BLVD SW, Burien, WA 98146, USA",47.4881895,-122.3503317
1130,"1636 S 312TH ST, FEDERAL WAY, WA 98003, USA",47.3226043,-122.3115833
1131,"7990 LEARY WAY NE, REDMOND, WA 98052, USA",,
1132,"10213 MAIN ST, BELLEVUE, WA 98004, USA",47.6100241,-122.2039115
1133,"5404 LEARY AVE NW, SEATTLE, WA 98107, USA",47.6672738,-122.3825173
1134,"2303 3RD AVE, SEATTLE, WA 98121, USA",47.6147074,-122.3452052
1135,"1740 1st AVE S, SEATTLE, WA 98134, USA",47.5870732,-122.3337573
1136,"1909 1ST AVE, Seattle, WA 98101, USA",47.6103986,-122.3417918
1137,"35105 ENCHANTED PKWY S, #G104, FEDERAL WAY, WA 98003, USA",,
1138,"10111 MAIN ST, Bothell, WA 98011, USA",47.7599448,-122.2048869
1139,"1114 34TH AVE, SEATTLE, WA 98122, USA",47.6121496,-122.289151
1140,"4241 UNIVERSITY WAY NE, SEATTLE, WA 98105, USA",47.6595358,-122.3133282
1141,"405 CENTRAL AVE S, KENT, WA 98032, USA",47.3783277,-122.2315371
1142,"7533 11TH AVE NE, Seattle, WA 98115, USA",47.6842344,-122.3163538
1143,"4441 26th AVE W, A, SEATTLE, WA 98199, USA",47.6605861,-122.3902975
1144,"1307 N 46TH ST, Seattle, WA 98103, USA",47.6619683,-122.3416761
1145,"1159 SOUTHCENTER MALL, TUKWILA, WA 98188, USA",47.4577951,-122.2574085
1146,"7211 166TH AVE NE, REDMOND, WA 98052, USA",47.6687603,-122.11986
1147,"323 WASHINGTON AVE S, Kent, WA 98032, USA",47.3786285,-122.2477841
1148,"5608 RAINIER AVE S, SEATTLE, WA 98118, USA",47.5517578,-122.2775615
1149,"2400 S 320TH ST, FEDERAL WAY, WA 98003, USA",47.3157758,-122.3025673
1150,"521 Wall ST, 110, Seattle, WA 98121, USA",47.617064,-122.344409
1151,"19044 108TH AVE SE, RENTON, WA 98055, USA",47.430537,-122.196601
1152,"32065 PACIFIC HWY S, FEDERAL WAY, WA 98003, USA",47.313262,-122.314012
1153,"2600 1ST AVE, Seattle, WA 98121, USA",47.6154608,-122.3497037
1154,"919 Bellevue WAY NE, BELLEVUE, WA 98004, USA",47.6187583,-122.2019875
1155,"2132 1ST AVE, SEATTLE, WA 98121, USA",47.6125721,-122.3448425
1156,"32805 RAILROAD AVE, BLACK DIAMOND, WA 98010, USA",47.3072987,-122.0064161
1157,"19830 SE 328TH PL, Auburn, WA 98092, USA",47.3076538,-122.077678
1158,"31605 3RD AVE, BLACK DIAMOND, WA 98010, USA",47.3183116,-122.0054497
1159,"32618 RAILROAD AVE, BLACK DIAMOND, WA 98010, USA",47.3092965,-122.007035
1160,"25314 BAKER ST, BLACK DIAMOND, WA 98010, USA",47.3100122,-122.0051633
1161,"32700 RAILROAD AVE, Black Diamond, WA 98010, USA",47.3084432,-122.006633
1162,"8062 RAILROAD AVE SE, SNOQUALMIE, WA 98065, USA",47.5281493,-121.8245841
1163,"317 NW GILMAN BLVD, 31B, ISSAQUAH, WA 98027, USA",,
1164,"429 Eastlake AVE E, SEATTLE, WA 98109, USA",47.6228991,-122.329332
1165,"14679 NE 95TH ST, REDMOND, WA 98052, USA",47.6855472,-122.1446573
1166,"15902 WOODINVILLE REDMOND RD NE, A, WOODINVILLE, WA 98072, USA",,
1167,"10256 16TH AVE SW, SEATTLE, WA 98146, USA",47.510226,-122.3546981
1168,"7912 7th AVE S, SEATTLE, WA 98108, USA",47.5316724,-122.3250758
1169,"412 Main AVE S, North Bend, WA 98045, USA",47.4920347,-121.7875178
1170,"3001 24TH AVE S, SEATTLE, WA 98144, USA",47.5764762,-122.3019071
1171,"31722 W EUGENE ST, Carnation, WA 98014, USA",,
1172,"8200 WALLINGFORD AVE N, Seattle, WA 98103, USA",47.6898042,-122.3347763
1173,"1416 1ST AVE, SEATTLE, WA 98101, USA",47.6083465,-122.3393223
1174,"2510 NE BLAKELEY ST, SEATTLE, WA 98105, USA",47.6665637,-122.299966
1175,"6315 15TH AVE NW, Seattle, WA 98107, USA",47.6751527,-122.3764958
1176,"13195 NEWCASTLE COMMONS DR, NEWCASTLE, WA 98059, USA",47.5435112,-122.1625499
1177,"8560 GREENWOOD AVE N, SEATTLE, WA 98103, USA",47.6917436,-122.3550798
1178,"35009 ENCHANTED PKWY S, FEDERAL WAY, WA 98003, USA",47.2877273,-122.3152879
1179,"206 WASHINGTON AVE N, KENT, WA 98032, USA",47.3823579,-122.2469985
1180,"12412 116TH AVE NE, KIRKLAND, WA 98034, USA",47.7118035,-122.18622
1181,"6601 CARLETON AVE S, Seattle, WA 98108, USA",47.5442037,-122.3214361
1182,"5615 24TH AVE NW, UNIT 53, Seattle, WA 981074151, USA",,
1183,"615 C ST SW, AUBURN, WA 98001, USA",47.3014613,-122.2332598
1184,"305 BURNETT AVE S, # A, Renton, WA 98057, USA",,
1185,"21816 Marine View DR S, Des Moines, WA 98198, USA",47.4067974,-122.324431
1186,"704 NW 65TH ST, SEATTLE, WA 98117, USA",47.6761007,-122.3647966
1187,"4001 GILMAN AVE W, Seattle, WA 98199, USA",47.6559581,-122.3870862
1188,"35002 PACIFIC HWY S, A101, FEDERAL WAY, WA 98003, USA",,
1189,"2504 ALKI AVE SW, SEATTLE, WA 98116, USA",47.5809266,-122.4054249
1190,"712 NE 45TH ST, SEATTLE, WA 98105, USA",47.6615236,-122.320028
1191,"7821 RAINIER AVE S, SEATTLE, WA 98118, USA",47.5319611,-122.2705816
1192,"2501 FAIRVIEW AVE E, SEATTLE, WA 98102, USA",47.6421932,-122.3295279
1193,"9925 15TH AVE NW, SEATTLE, WA 98117, USA",47.7014958,-122.3769926
1194,"9127 ROOSEVELT WAY NE, SEATTLE, WA 98115, USA",47.6957527,-122.3178919
1195,"515 QUEEN ANNE AVE, Seattle, WA 98109, USA",47.6184259,-122.3568003
1196,"1000 2ND AVE, SEATTLE, WA 98104, USA",47.6056743,-122.3351143
1197,"1213 MADISON ST, SEATTLE, WA 98104, USA",47.6097472,-122.323339
1198,"515 Union ST, SEATTLE, WA 98101, USA",47.6098418,-122.333862
1199,"2962 1ST AVE S, SEATTLE, WA 98134, USA",47.5758391,-122.333729
1200,"400 FAIRVIEW AVE N, 109, SEATTLE, WA 98109, USA",,
1201,"300 E PIKE ST, #1200, SEATTLE, WA 98122, USA",,
1202,"7415 GREENWOOD AVE N, SEATTLE, WA 98103, USA",47.6830284,-122.355485
1203,"102 LAKESIDE AVE S, SEATTLE, WA 98122, USA",47.6015901,-122.2852426
1204,"15300 33rd AVE S, 120, SEATAC, WA 98188, USA",,
1205,"1226 S JACKSON ST, SEATTLE, WA 98144, USA",47.5992734,-122.3166867
1206,"2601 S MCCLELLAN ST, SEATTLE, WA 98144, USA",47.5781941,-122.2990315
1207,"15251 NE 40TH ST, REDMOND, WA 98052, USA",47.6441104,-122.1378412
1208,"1818 WESTLAKE AVE N, Seattle, WA 98109, USA",47.6353854,-122.3397942
1209,"20054 INTERNATIONAL BLVD S, SEA TAC, WA 98198, USA",,
1210,"4861 RAINIER AVE S, Seattle, WA 98118, USA",47.5583249,-122.2855019
1211,"15600 NE 8TH ST, PM3, BELLEVUE, WA 98008, USA",,
1212,"1740 1ST AVE S, SEATTLE, WA 98134, USA",47.5870732,-122.3337573
1213,"14359 15TH AVE NE, SEATTLE, WA 98125, USA",47.7337598,-122.3131013
1214,"4141 UNIVERSITY WAY NE, #103, SEATTLE, WA 98105, USA",,
1215,"168 LAKE ST S, KIRKLAND, WA 98033, USA",47.6743102,-122.2058426
1216,"240 NW GILMAN BLVD, 5, ISSAQUAH, WA 98027, USA",,
1217,"14676 NE 95TH ST, REDMOND, WA 98052, USA",47.6859281,-122.1447566
1218,"15745 NE 36TH ST, REDMOND, WA 98052, USA",47.641624,-122.1300425
1219,"14015 NE WOODINVILLE DUVAL RD, WOODINVILLE, WA 98072, USA",,
1220,"116 SW 148TH ST, BURIEN, WA 98166, USA",47.4714814,-122.3349671
1221,"1770 S 320th ST, FEDERAL WAY, WA 98003, USA",47.3168904,-122.3108796
1222,"6617 132ND AVE NE, KIRKLAND, WA 98033, USA",47.665124,-122.165899
1223,"12950 SE KENT KANGLEY RD, KENT, WA 98030, USA",47.3600827,-122.1666987
1224,"4553 UNIVERSITY WAY NE, Seattle, WA 98105, USA",47.662833,-122.313281
1225,"319 TUKWILA PKWY, TUKWILA, WA 98188, USA",47.4608913,-122.2534071
1226,"605 BROADWAY E, Seattle, WA 98102, USA",47.6244757,-122.3211369
1227,"1601 SW ROXBURY ST, , WA 98106, USA",47.5172491,-122.3553838
1228,"255 NE GILMAN BLVD, Issaquah, WA 98027, USA",47.5356996,-122.0330148
1229,"7500 E MARGINAL WAY S, SEATTLE, WA 98108, USA",47.5359603,-122.3130266
1230,"9725 E MARGINAL WAY S, SEATTLE, WA 98108, USA",47.5354322,-122.3151527
1231,"9725 E MARGINAL WAY S, TUKWILA, WA 98108, USA",47.5207736,-122.2994784
1232,"700 15TH ST SW, 17-44, AUBURN, WA 98001, USA",,
1233,"737 LOGAN AVE, 4-21, RENTON, WA 98057, USA",,
1234,"800 N 6TH ST, Renton, WA 98057, USA",47.4926192,-122.2050264
1235,"800 PARK AVE N, RENTON, WA 98057, USA",47.4935395,-122.2012813
1236,"7701 14TH AVE S, SEATTLE, WA 98108, USA",47.5343897,-122.3179393
1237,"7755 E MARGINAL WAY S, TUKWILA, WA 98108, USA",47.5276841,-122.3052484
1238,"10805 E MARGINAL WAY S, Seattle, WA 98168, USA",47.5317922,-122.3090045
1239,"20403 68TH AVE S, KENT, WA 98032, USA",47.4187213,-122.2546006
1240,"8701 E MARGINAL WAY, TUKWILA, WA 98108, USA",,
1241,"505 S 3rd ST, A, RENTON, WA 98057, USA",,
1242,"29630 GREEN RIVER RD SE, AUBURN, WA 98092, USA",47.3362025,-122.2066553
1243,"33320 PACIFIC HWY S, 106, FEDERAL WAY, WA 98003, USA",,
1244,"361 STRANDER BLVD, TUKWILA, WA 98188, USA",47.4548579,-122.2553559
1245,"610 5TH AVE S, #1, SEATTLE, WA 98104, USA",,
1246,"1001 S MYRTLE ST, SEATTLE, WA 98108, USA",47.5392015,-122.3201892
1247,"16118 NE 87TH ST, REDMOND, WA 98052, USA",47.6801712,-122.1250939
1248,"1075 Bellevue WAY NE, B-4, BELLEVUE, WA 98004, USA",47.6198459,-122.2027416
1249,"925 E PIKE ST, Seattle, WA 98122, USA",47.6138274,-122.3196284
1250,"4549 UNIVERSITY WAY NE, SEATTLE, WA 98105, USA",47.6627604,-122.3132818
1251,"15740 REDMOND WAY, REDMOND, WA 98052, USA",47.6747473,-122.1297097
1252,"4214 UNIVERSITY WAY NE, SEATTLE, WA 98105, USA",47.6587941,-122.3130382
1253,"24700 MILITARY RD S, #104, KENT, WA 98032, USA",,
1254,"12336 LAKE CITY WAY NE, SEATTLE, WA 98125, USA",47.7184376,-122.295471
1255,"1600 9TH AVE, Seattle, WA 98101, USA",47.6146138,-122.3313316
1256,"1000 LENORA ST, SEATTLE, WA 98121, USA",47.6180773,-122.3362287
1257,"555 110TH AVE NE, Bellevue, WA 98004, USA",47.6148285,-122.1941602
1258,"1191 2ND AVE, 1200, Seattle, WA 98101, USA",,
1259,"101 110TH AVE NE, BELLEVUE, WA 98004, USA",47.6107673,-122.1937182
1260,"801 5TH AVE, SEATTLE, WA 98104, USA",47.6054786,-122.3313101
1261,"550 106th AVE NE, BELLEVUE, WA 98004, USA",47.61538,-122.1986445
1262,"2005 NW POPLAR WAY, ISSAQUAH, WA 98027, USA",47.5506318,-122.0689877
1263,"2401 UTAH AVE S, SEATTLE, WA 98134, USA",47.5807667,-122.3359179
1264,"820 YALE AVE N, SEATTLE, WA 98109, USA",47.6262328,-122.3307218
1265,"7589 170TH AVE NE, 120, REDMOND, WA 98052, USA",,
1266,"128 BROADWAY E, SEATTLE, WA 98102, USA",47.6196604,-122.320645
1267,"309 S Cloverdale ST, A1, Seattle, WA 98108, USA",,
1268,"23801 228th AVE SE, MAPLE VALLEY, WA 98038, USA",47.3883263,-122.0374255
1269,"2603 S JACKSON ST, SEATTLE, WA 98144, USA",47.599071,-122.2984278
1270,"6501 AURORA AVE N, SEATTLE, WA 98103, USA",47.6767421,-122.3468917
1271,"17620 140TH AVE SE, RENTON, WA 98058, USA",47.444724,-122.1535697
1272,"1351 E Olive WAY, SEATTLE, WA 98122, USA",47.6165918,-122.327683
1273,"1500 PIKE PL, 15, Seattle, WA 98101, USA",47.6090391,-122.34059
1274,"8130 RAILROAD AVE SE, 102, Snoqualmie, WA 98065, USA",,
1275,"1007 1ST AVE, Seattle, WA 98104, USA",47.6047692,-122.3369024
1276,"9608 16TH AVE SW, SEATTLE, WA 98106, USA",47.5170008,-122.354962
1277,"1515 WESTERN AVE, SEATTLE, WA 98101, USA",47.6088389,-122.342658
1278,"4326 UNIVERSITY WAY NE, SEATTLE, WA 98105, USA",47.6603988,-122.3129833
1279,"1223 E CHERRY ST, 121B, SEATTLE, WA 98122, USA",,
1280,"724 S 3RD ST, C, RENTON, WA 98057, USA",47.4797859,-122.206888
1281,"31117 3RD AVE, Black Diamond, WA 98010, USA",47.3225667,-122.0071522
1282,"5633 AIRPORT WAY S, SEATTLE, WA 98108, USA",47.551301,-122.3191286
1283,"1710 RAILROAD ST, ENUMCLAW, WA 98022, USA",47.2039455,-121.9882629
1284,"3640 FACTORIA BLVD SE, E, BELLEVUE, WA 98006, USA",47.5775373,-122.1674441
1285,"10320 KELLY RD NE, Carnation, WA 98014, USA",,
1286,"12825 AMBAUM BLVD SW, Burien, WA 98146, USA",47.4875893,-122.3503028
1287,"115 SW 153RD ST, BURIEN, WA 98166, USA",47.4657342,-122.3346399
1288,"9809 NE 188th ST, BOTHELL, WA 98011, USA",47.7637038,-122.2106233
1289,"10303 MAIN ST, Bothell, WA 98011, USA",47.7601008,-122.2018982
1290,"18015 BOTHELL WAY NE, Bothell, WA 98011, USA",47.7589022,-122.2114445
1291,"18410 101ST AVE NE, BOTHELL, WA 98011, USA",47.7614924,-122.2052957
1292,"9130 NE 180TH ST, BOTHELL, WA 98011, USA",47.760475,-122.2205602
1293,"19005 BOTHELL WAY NE, BOTHELL, WA 98011, USA",47.7660117,-122.2103464
1294,"15 NICKERSON ST, F, SEATTLE, WA 98109, USA",,
1295,"1425 1ST AVE, SEATTLE, WA 98101, USA",47.6084507,-122.3398896
1296,"105 LAKE ST S, KIRKLAND, WA 98033, USA",47.6751652,-122.2065667
1297,"1416 34TH AVE, SEATTLE, WA 98122, USA",47.6134856,-122.2890034
1298,"2328 E MADISON ST, Seattle, WA 98112, USA",47.6199858,-122.3016
1299,"901 12TH AVE, SEATTLE, WA 98122, USA",47.6106523,-122.317137
1300,"1847 S 120TH ST, BURIEN, WA 98168, USA",47.4952824,-122.308312
1301,"805 S 112TH ST, Seattle, WA 98168, USA",47.502678,-122.2708933
1302,"1325 NW MADISON ST, SEATTLE, WA 98122, USA",,
1303,"7 BOSTON ST, SEATTLE, WA 98109, USA",47.638259,-122.356528
1304,"18237 42ND AVE S, SEATAC, WA 98188, USA",47.4388596,-122.2824014
1305,"500 108TH AVE NE, 1B1, BELLEVUE, WA 98004, USA",,
1306,"100 ANDOVER PARK W, TUKWILA, WA 98188, USA",47.4597176,-122.2530766
1307,"15253 NE 40TH ST, Redmond, WA 98052, USA",47.6439646,-122.1371263
1308,"5701 KERSEY WAY SE, AUBURN, WA 98092, USA",47.2588059,-122.1899828
1309,"12305 120th AVE NE, C, KIRKLAND, WA 98034, USA",47.7091886,-122.1851058
1310,"2606 2ND AVE, Seattle, WA 98121, USA",47.6162011,-122.3489424
1311,"3407 GILMAN AVE W, Seattle, WA 98199, USA",47.6505885,-122.3822704
1312,"12903 NE 20TH ST, BELLEVUE, WA 98005, USA",47.6279805,-122.1565705
1313,"507 SOUTHCENTER MALL, TUKWILA, WA 98188, USA",47.4589534,-122.25958
1314,"17123 VASHON HWY SW, VASHON ISLAND, WA 98070, USA",,
1315,"13701 24TH ST E, A-1, SUMNER, WA 98390, USA",,
1316,"2901 I ST NE, Auburn, WA 98002, USA",47.3329136,-122.2202167
1317,"468 E NORTH BEND WAY, North Bend, WA 98045, USA",47.4923353,-121.7806401
1318,"12306 LAKE CITY WAY NE, SEATTLE, WA 98125, USA",47.7177483,-122.2957943
1319,"232 1ST AVE N, Seattle, WA 98109, USA",47.6201917,-122.3553184
1320,"18560 1ST AVE NE, SHORELINE, WA 98155, USA",47.7640738,-122.3285899
1321,"1234 CENTRAL AVE N, Kent, WA 98032, USA",47.3963595,-122.227164
1322,"17140 135TH AVE NE, 1030, WOODINVILLE, WA 98072, USA",,
1323,"2715 NE 158TH ST, SHORELINE, WA 98155, USA",47.7417465,-122.2982166
1324,"17020 SE 134TH ST, Renton, WA 98059, USA",47.4834581,-122.1155601
1325,"1190 SUNSET BLVD NE, #E, RENTON, WA 98056, USA",,
1326,"1525 13th AVE, Seattle, WA 98122, USA",47.6149351,-122.3157517
1327,"28845 MILITARY RD S, Federal Way, WA 98003, USA",47.3422501,-122.3020056
1328,"2150 N 122ND ST, SEATTLE, WA 98133, USA",47.7175638,-122.3322492
1329,"3204 SW MORGAN ST, SEATTLE, WA 98126, USA",47.545387,-122.373607
1330,"2632 BELLEVUE WAY, Bellevue, WA 98004, USA",47.6345755,-122.2006912
1331,"3601 SW 336TH ST, Federal Way, WA 98023, USA",47.300638,-122.378065
1332,"2809 MOUNT RAINIER DR S, SEATTLE, WA 98144, USA",47.5780757,-122.2877883
1333,"15030 BOTHELL WAY NE, LAKE FOREST PARK, WA 98155, USA",47.7385972,-122.2899272
1334,"425 NW MARKET ST, SEATTLE, WA 98107, USA",47.6685162,-122.3630612
1335,"8125 161ST AVE NE, Redmond, WA 98052, USA",47.6759806,-122.1261198
1336,"13550 NE VILLAGE SQUARE DR, 1050, WOODINVILLE, WA 98072, USA",,
1337,"2340 BROADMOOR DR E, Seattle, WA 98112, USA",47.6404379,-122.2913667
1338,"13052 GREENWOOD AVE N, SEATTLE, WA 98133, USA",47.7244721,-122.3528757
1339,"217 N 125TH ST, SEATTLE, WA 98133, USA",47.7193324,-122.3561739
1340,"1500 BROADWAY, Seattle, WA 98122, USA",47.6143773,-122.3203001
1341,"401 BROADWAY AVE, SEATTLE, WA 98122, USA",,
1342,"420 BROADWAY E, Seattle, WA 98102, USA",47.6226482,-122.3206951
1343,"10636 MAIN ST, Bellevue, WA 98004, USA",47.6105218,-122.1976598
1344,"1408 BRONSON WAY, B, RENTON, WA 98057, USA",,
1345,"1408 BRONSON WAY N, Renton, WA 98057, USA",47.4844396,-122.1988931
1346,"629 S 356th ST, FEDERAL WAY, WA 98003, USA",47.2820511,-122.3257498
1347,"3524 STONE WAY N, SEATTLE, WA 98103, USA",47.6501135,-122.3422361
1348,"32201 KENT BLACK DIA RD, AUBURN, WA 98092, USA",,
1349,"17447 37TH AVE NE, LAKE FOREST PARK, WA 98155, USA",47.7549375,-122.2899492
1350,"4634 E MARGINAL WAY S, SEATTLE, WA 98134, USA",47.5612084,-122.3387169
1351,"4634 E MARGINAL WAY S, E120, SEATTLE, WA 98134, USA",,
1352,"3310 E LAKE SAMMAMISH PKWY SE, G, SAMMAMISH, WA 98075, USA",,
1353,"15720 1ST AVE S, BURIEN, WA 98148, USA",47.4616437,-122.3322693
1354,"5600 ROOSEVELT WAY NE, kitchen 114, Seattle, WA 98105, USA",,
1355,"12535 LAKE CITY WAY NE, SEATTLE, WA 98125, USA",47.7202449,-122.2949594
1356,"5629 AIRPORT WAY S, SEATTLE, WA 98108, USA",47.5513964,-122.3192206
1357,"34007 HOYT RD SW, Federal Way, WA 98023, USA",47.2969593,-122.3831557
1358,"1800 15TH AVE W, Seattle, WA 98119, USA",47.6351215,-122.3758773
1359,"3724 FACTORIA BLVD SE, Bellevue, WA 98006, USA",47.5768335,-122.169135
1360,"800 S GRADY WAY, Renton, WA 98057, USA",47.4732873,-122.2087027
1361,"22121 SE 56TH ST, Issaquah, WA 98027, USA",47.5515101,-122.0446593
1362,"11003 35TH AVE NE, SEATTLE, WA 98125, USA",47.7086234,-122.291251
1363,"10245 MAIN ST, 103, Bellevue, WA 98004, USA",,
1364,"411 1ST AVE S, SEATTLE, WA 98104, USA",47.5988284,-122.3346466
1365,"743 N 35th ST, 103, Seattle, WA 98103, USA",47.6501114,-122.3479142
1366,"5550 AUBURN WAY S, Auburn, WA 98092, USA",47.2754595,-122.1556272
1367,"16340 SE 256TH ST, 400, COVINGTON, WA 98042, USA",,
1368,"15946 REDMOND WAY, 103, REDMOND, WA 98052, USA",,
1369,"623 156TH AVE SE, B-3, BELLEVUE, WA 98007, USA",,
1370,"7115 ROOSEVELT WAY NE, Seattle, WA 98115, USA",47.6806514,-122.3177217
1371,"3311 NE 60TH ST, SEATTLE, WA 98115, USA",47.6708024,-122.2920248
1372,"8212 S 118TH ST, Seattle, WA 98178, USA",47.4980832,-122.229403
1373,"8016 S 116TH ST, Seattle, WA 98178, USA",47.499436,-122.2322567
1374,"1202 OUTLET COLLECTION WAY SW, 103, AUBURN, WA 98001, USA",,
1375,"5020 RAINIER AVE S, SEATTLE, WA 98118, USA",47.5564107,-122.2837808
1376,"21423 84TH AVE S, Kent, WA 98032, USA",47.4102983,-122.2280932
1377,"701 WESTLAKE AVE N, SEATTLE, WA 98109, USA",47.6258683,-122.339015
1378,"232 1ST AVE W, SEATTLE, WA 98119, USA",47.6208303,-122.3577372
1379,"2331 2ND AVE, SEATTLE, WA 98121, USA",47.6145851,-122.3469171
1380,"10611 SE 240TH ST, KENT, WA 98031, USA",47.3866152,-122.1992099
1381,"2000 BENSON RD, 100, RENTON, WA 98055, USA",,
1382,"38767 SE RIVER ST, SNOQUALMIE, WA 98065, USA",47.527232,-121.8236418
1383,"2201 RAINIER AVE S, SEATTLE, WA 98144, USA",47.5835291,-122.3023483
1384,"6016 NE BOTHELL WAY, J, KENMORE, WA 98028, USA",47.7587288,-122.2626835
1385,"2201 Rainier AVE S, Seattle, WA 98144, USA",47.5835291,-122.3023483
1386,"14312 124TH AVE NE, KIRKLAND, WA 98034, USA",47.7302702,-122.1754859
1387,"17418 8TH AVE NE, SHORELINE, WA 98155, USA",47.7553783,-122.320792
1388,"3520 SW Gennesee, SEATTLE, WA 98126, USA",,
1389,"13621 Ambaum BLVD SW, Burien, WA 98166, USA",47.4805485,-122.3486282
1390,"3320 ACADEMY DR SE, Auburn, WA 98092, USA",47.2807435,-122.1574291
1391,"17801 International BLVD, CC-38, Seattle, WA 98158, USA",,
1392,"2005 S 320TH ST, FEDERAL WAY, WA 98003, USA",47.3147654,-122.3082066
1393,"25246 PACIFIC HWY S, 105, KENT, WA 98032, USA",,
1394,"9640 A 16TH AVE SW, SEATTLE, WA 98106, USA",47.5300105,-122.3550453
1395,"15011 NE 36TH ST, REDMOND, WA 98052, USA",47.64032,-122.1377053
1396,"15220 NE 40TH ST, REDMOND, WA 98052, USA",47.6478599,-122.136962
1397,"15120 NE 40TH ST, REDMOND, WA 98052, USA",47.6465663,-122.1387558
1398,"4344 150TH AVE NE, REDMOND, WA 98052, USA",47.6491018,-122.1382912
1399,"3600 157TH AVE NE, REDMOND, WA 98052, USA",47.643122,-122.1289532
1400,"15935 NE ONE MICROSOFT WAY, REDMOND, WA 98052, USA",47.6405993,-122.1278384
1401,"15700 NE 39TH ST, REDMOND, WA 98052, USA",47.6451377,-122.1308513
1402,"3009 158TH PL NE, REDMOND, WA 98052, USA",47.6361046,-122.1302948
1403,"15885 NE 36TH ST, REDMOND, WA 98052, USA",47.6419085,-122.1281101
1404,"3730 163RD AVE NE, REDMOND, WA 98052, USA",47.6437253,-122.1224279
1405,"3620 163RD AVE NE, REDMOND, WA 98052, USA",47.6428861,-122.1215601
1406,"16070 NE 36TH ST, REDMOND, WA 98052, USA",47.6428871,-122.125496
1407,"3831 162ND CT NE, REDMOND, WA 98052, USA",47.644568,-122.1246537
1408,"16255 NE 36TH WAY, REDMOND, WA 98052, USA",47.6412531,-122.1239595
1409,"16071 NE 36TH WAY, REDMOND, WA 98052, USA",47.6385457,-122.1244208
1410,"15835 NE 36TH ST, REDMOND, WA 98052, USA",47.6415154,-122.1290311
1411,"15563 NE 31ST ST, REDMOND, WA 98052, USA",47.6361747,-122.1334502
1412,"15567 NE 31ST ST, REDMOND, WA 98052, USA",47.6370007,-122.1328535
1413,"15571 NE 31ST ST, REDMOND, WA 98052, USA",47.6375707,-122.1332664
1414,"15580 NE 31ST ST, REDMOND, WA 98052, USA",47.6382331,-122.1330964
1415,"15765 NE 36TH ST, REDMOND, WA 98052, USA",47.6420655,-122.1298016
1416,"4001 156TH AVE NE, REDMOND, WA 98052, USA",47.6469451,-122.1331669
1417,"15675 NE 36TH ST, REDMOND, WA 98052, USA",47.6419638,-122.1313177
1418,"4480 154TH PL NE, REDMOND, WA 98052, USA",47.6489963,-122.1334572
1419,"4909 156TH AVE NE, REDMOND, WA 98052, USA",47.6525659,-122.133449
1420,"5069 154TH PL NE, REDMOND, WA 98052, USA",47.6531711,-122.1359982
1421,"3400 156TH AVE NE, REDMOND, WA 98052, USA",47.6404424,-122.1312733
1422,"15010 NE 36TH ST, REDMOND, WA 98052, USA",47.6424916,-122.136927
1423,"14820 NE 36TH ST, REDMOND, WA 98052, USA",47.6422136,-122.1421769
1424,"13003 SE KENT KANGLEY RD, #115, KENT, WA 98030, USA",,
1425,"15600 NE 8TH ST, Bellevue, WA 98008, USA",47.6195207,-122.130234
1426,"4208 UNIVERSITY WAY NE, SEATTLE, WA 98105, USA",47.6585573,-122.3130437
1427,"109 E STEWART AVE, PUYALLUP, WA 98372, USA",,
1428,"19600 144TH AVE NE, Woodinville, WA 98072, USA",47.7695619,-122.1476588
1429,"19501 144TH AVE NE, C800, WOODINVILLE, WA 98072, USA",,
1430,"2425 AUBURN WAY N, AUBURN, WA 98002, USA",47.3290167,-122.2223191
1431,"14603 NE 20TH ST, C06, BELLEVUE, WA 98007, USA",,
1432,"4142 UNIVERSITY WAY NE, Seattle, WA 98105, USA",47.6580857,-122.3130727
1433,"1420 E MADISON ST, B, SEATTLE, WA 98122, USA",,
1434,"9061 DELRIDGE WAY SW, SEATTLE, WA 98106, USA",47.5211624,-122.3590105
1435,"119 SW 148TH ST, BURIEN, WA 98166, USA",47.4704031,-122.334509
1436,"1409 Griffin AVE, ENUMCLAW, WA 98022, USA",47.2048301,-121.9915925
1437,"23330 Maple Vlly Black Diamond RD, A, MAPLE VALLEY, WA 98038, USA",,
1438,"32805 PACIFIC HWY S, Federal Way, WA 98003, USA",47.3077493,-122.3138863
1439,"21920 PACIFIC HWY S, Des Moines, WA 98198, USA",47.4051929,-122.2986759
1440,"110 SW 41ST ST, RENTON, WA 98057, USA",47.4440992,-122.2194343
1441,"1240 W MEEKER ST, KENT, WA 98032, USA",47.3809273,-122.249243
1442,"736 SW MT SI BLVD, NORTH BEND, WA 98045, USA",47.4889376,-121.7931808
1443,"14893 4TH AVE SW, BURIEN, WA 98166, USA",47.4698952,-122.339211
1444,"26630 MAPLE VALLEY BLK  DIAMOND RD, MAPLE VALLEY, WA 98038, USA",,
1445,"13241 AURORA AVE N, SEATTLE, WA 98133, USA",47.7246243,-122.3454719
1446,"25240 104TH AVE SE, KENT, WA 98030, USA",47.3750096,-122.2019516
1447,"1705 NW GILMAN BLVD, ISSAQUAH, WA 98027, USA",47.5453148,-122.063691
1448,"4015 FACTORIA BLVD SE, BELLEVUE, WA 98006, USA",47.5743741,-122.1699346
1449,"320 AUBURN WAY S, AUBURN, WA 98002, USA",47.3046245,-122.225124
1450,"14340 15TH AVE NE, SEATTLE, WA 98125, USA",47.7333181,-122.3122067
1451,"11723 NE 8TH ST, BELLEVUE, WA 98005, USA",47.6167892,-122.1833832
1452,"311 SUNSET BLVD N, RENTON, WA 98057, USA",47.4869755,-122.1957041
1453,"22442 84TH AVE S, KENT, WA 98032, USA",47.4004201,-122.2274429
1454,"34819 PACIFIC HWY S, FEDERAL WAY, WA 98003, USA",47.2893537,-122.3186531
1455,"335 ANDOVER PARK W, TUKWILA, WA 98188, USA",47.4544276,-122.2547151
1456,"3301 4TH AVE S, SEATTLE, WA 98134, USA",47.5741253,-122.3295698
1457,"1520 OUTLET COLLECTION WAY SW, AUBURN, WA 98001, USA",,
1458,"9614 14TH AVE SW, SEATTLE, WA 98106, USA",47.5168586,-122.3525399
1459,"12108 Juanita DR NE, Kirkland, WA 98034, USA",47.7087235,-122.2371849
1460,"98 NE GILMAN, ISSAQUAH, WA 98027, USA",47.5420462,-122.0442213
1461,"9820 AURORA AVE N, SEATTLE, WA 98103, USA",47.7011203,-122.344288
1462,"10606 NE NORTHUP WAY, Bellevue, WA 98004, USA",,
1463,"12660 1ST AVE S, Seattle, WA 98168, USA",47.5228934,-122.3348648
1464,"18032 1ST AVE S, BURIEN, WA 98148, USA",47.4410794,-122.334088
1465,"233 SW 152ND ST, BURIEN, WA 98166, USA",47.4666343,-122.3379766
1466,"1031 SW 128TH ST, BURIEN, WA 98146, USA",47.4877415,-122.3485786
1467,"14006 1ST AVE S, BURIEN, WA 98168, USA",47.4772694,-122.3330366
1468,"133 SW 153RD ST, BURIEN, WA 98166, USA",47.4657198,-122.335359
1469,"236 SW 152ND ST, BURIEN, WA 98166, USA",47.4677993,-122.3382036
1470,"907 SW 152ND ST, BURIEN, WA 98166, USA",47.4666585,-122.3462393
1471,"423 SW 152ND ST, BURIEN, WA 98166, USA",47.4666445,-122.3402534
1472,"12653 AMBAUM BLVD SW, BURIEN, WA 98146, USA",47.488784,-122.3504319
1473,"3626 NE 45TH ST, 102, SEATTLE, WA 98105, USA",47.6614079,-122.2881595
1474,"1429 1ST AVE, Seattle, WA 98101, USA",47.6085532,-122.3399912
1475,"1001 E PINE ST, Seattle, WA 98122, USA",47.6151065,-122.318996
1476,"1426 W MEEKER ST, KENT, WA 98032, USA",47.380839,-122.2534029
1477,"3302 AUBURN WAY S, AUBURN, WA 98092, USA",47.2885538,-122.1846805
1478,"4743 UNIVERSITY WAY NE, Seattle, WA 98105, USA",47.664331,-122.3132533
1479,"326 W MEEKER ST, KENT, WA 98032, USA",47.3814322,-122.2360209
1480,"618 BROADWAY E, SEATTLE, WA 98102, USA",47.6249235,-122.3206979
1481,"2121 WESTLAKE AVE, SEATTLE, WA 98121, USA",47.6168722,-122.3382877
1482,"2461 4TH AVE S, SEATTLE, WA 98134, USA",47.5801541,-122.329539
1483,"26215 PACIFIC HWY S, DES MOINES, WA 98198, USA",47.3678486,-122.3046122
1484,"805 S 112TH ST, SEATTLE, WA 98168, USA",47.502678,-122.2708933
1485,"30919 PACIFIC HWY S, FEDERAL WAY, WA 98003, USA",47.3247037,-122.3145059
1486,"3225 SE 19TH CT, RENTON, WA 98058, USA",47.4629312,-122.1747791
1487,"10460 SE 256TH ST, KENT, WA 98030, USA",47.3730178,-122.2002201
1488,"15 Nickerson ST, STE D, Seattle, WA 98109, USA",,
1489,"732 12TH AVE, SEATTLE, WA 98122, USA",47.6089415,-122.316552
1490,"2057 KIBLER AVE, Enumclaw, WA 98022, USA",47.2115396,-121.9966036
1491,"2901 4TH AVE S, SEATTLE, WA 98134, USA",47.5775236,-122.3297879
1492,"901 12TH AVE, Seattle, WA 98122, USA",47.6106523,-122.317137
1493,"17730 AMBAUM BLVD S, BURIEN, WA 98148, USA",47.445001,-122.3286759
1494,"6540 CALIFORNIA AVE SW, Seattle, WA 98136, USA",47.5438937,-122.386664
1495,"5612 CALIFORNIA AVE SW, SEATTLE, WA 98136, USA",47.5516607,-122.3866497
1496,"16402 SE 128TH ST, RENTON, WA 98059, USA",47.4884945,-122.1215467
1497,"10114 MAIN ST, Bothell, WA 98011, USA",47.7602659,-122.2048169
1498,"15525 MAIN ST NE, Duvall, WA 98019, USA",47.7406338,-121.9864295
1499,"17801 INTERNATIONAL BLVD, 14, SEATAC, WA 98158, USA",,
1500,"8300 160TH AVE NE, REDMOND, WA 98052, USA",47.6771866,-122.1270358
1501,"8030 RAILROAD AVE SE, SNOQUALMIE, WA 98065, USA",47.5285118,-121.824638
1502,"3020 78TH AVE SE, MERCER ISLAND, WA 98040, USA",47.5832528,-122.2327738
1503,"19322 RICHMOND BEACH DR NW, SHORELINE, WA 98177, USA",47.7692984,-122.3895765
1504,"9702 NE JUANITA DR, KIRKLAND, WA 98034, USA",47.7053263,-122.2127843
1505,"350 TERRY AVE N, SEATTLE, WA 98109, USA",47.6217286,-122.336935
1506,"121 PARK LN, Kirkland, WA 98033, USA",47.6760837,-122.205641
1507,"4220 E MADISON ST, Seattle, WA 98112, USA",47.6361701,-122.2777312
1508,"2820 ALKI AVE SW, SEATTLE, WA 98116, USA",47.578361,-122.4127632
1509,"535 BELLEVUE SQUARE, BELLEVUE, WA 98004, USA",,
1510,"1125 E OLIVE ST, STE A, SEATTLE, WA 98122, USA",,
1511,"13108 NE 70TH PL, KIRKLAND, WA 98033, USA",47.6672427,-122.164608
1512,"10961 NE 2ND PL, #100, BELLEVUE, WA 98004, USA",,
1513,"10900 NE 4TH ST, 260, Bellevue, WA 98004, USA",,
1514,"509 NE 165TH ST, SHORELINE, WA 98155, USA",47.7483855,-122.3234737
1515,"6504 20TH AVE NE, SEATTLE, WA 98115, USA",47.6758864,-122.3063181
1516,"405 NW 65TH ST, Seattle, WA 98117, USA",47.6758453,-122.3621375
1517,"14913 SE 65th ST, BELLEVUE, WA 98006, USA",47.544397,-122.141748
1518,"1301 SW 16th ST, Renton, WA 980572640, USA",,
1519,"860 YESLER WAY, SEATTLE, WA 98122, USA",47.6019366,-122.321159
1520,"86 PINE ST, SEATTLE, WA 98101, USA",47.6098967,-122.3413181
1521,"2901 1ST AVE S, SEATTLE, WA 98134, USA",47.577551,-122.334467
1522,"601 UNION ST, SEATTLE, WA 98101, USA",47.6099437,-122.3325277
1523,"99 YESLER WAY, SEATTLE, WA 98104, USA",47.6016211,-122.3344095
1524,"3455 S 148th ST, TUKWILA, WA 98168, USA",47.4698735,-122.2871604
1525,"17547 15TH AVE NE, SHORELINE, WA 98155, USA",47.7570887,-122.3137504
1526,"12005 DES MOINES MEMORIAL DR, BURIEN, WA 98168, USA",,
1527,"24530 RUSSEL RD S, KENT, WA 98032, USA",,
1528,"14846 1ST AVE S, BURIEN, WA 98168, USA",47.4700075,-122.3337447
1529,"1045 S 320th ST, FEDERAL WAY, WA 98003, USA",47.3148307,-122.3189299
1530,"25625 164TH ST SE, COVINGTON, WA 98042, USA",,
1531,"2901 E MADISON ST, Seattle, WA 98112, USA",47.6239702,-122.2952091
1532,"428 WESTLAKE AVE N, SEATTLE, WA 98109, USA",47.6229306,-122.3382326
1533,"1252 THOMAS ST, SEATTLE, WA 98109, USA",47.6209011,-122.3310355
1534,"2128 QUEEN ANNE AVE N, SEATTLE, WA 98109, USA",47.6380595,-122.3567282
1535,"777 108TH AVE NE, BELLEVUE, WA 98004, USA",47.6168821,-122.1967987
1536,"700 DEXTER AVE N, SEATTLE, WA 98109, USA",47.625527,-122.342219
1537,"146 LAKE ST S, KIRKLAND, WA 98033, USA",47.6750298,-122.2062066
1538,"1406 40TH ST, Seattle, WA 98105, USA",47.6554506,-122.3129894
1539,"818 1st AVE, SEATTLE, WA 98104, USA",47.6037423,-122.3350525
1540,"3639 M L KING JR WAY S, SEATTLE, WA 98144, USA",,
1541,"7127 M L KING JR WAY S, Seattle, WA 98118, USA",,
1542,"8410 5TH AVE, SEATTLE, WA 98115, USA",47.6900785,-122.3227855
1543,"8617 35TH AVE NE, SEATTLE, WA 98115, USA",47.6914198,-122.290881
1544,"8061 LAKE CITY WAY NE, SEATTLE, WA 98115, USA",47.6880001,-122.3117091
1545,"9702 NE 120TH PL, Kirkland, WA 98034, USA",47.7076316,-122.2123046
1546,"2305 24TH AVE E, Seattle, WA 98112, USA",47.6397008,-122.3023474
1547,"806 E ROY ST, SEATTLE, WA 98102, USA",47.6252241,-122.321767
1548,"9924 SW BANK RD, VASHON ISLAND, WA 98070, USA",,
1549,"4600 150th AVE NE, REDMOND, WA 98052, USA",47.651235,-122.1392071
1550,"10422 16TH AVE SW, SEATTLE, WA 98146, USA",47.5095607,-122.354379
1551,"2408 NW 80TH ST, SEATTLE, WA 98117, USA",47.6869194,-122.3879616
1552,"4201 UNIVERSITY WAY NE, SEATTLE, WA 98105, USA",47.6584393,-122.3133866
1553,"2200 ALASKAN WAY, #120, SEATTLE, WA 98121, USA",,
1554,"11656 98TH AVE NE, KIRKLAND, WA 98034, USA",47.7056301,-122.2102063
1555,"7349 35TH AVE SW, SEATTLE, WA 98126, USA",47.5358005,-122.3768542
1556,"4402 AUBURN WAY N, Auburn, WA 98002, USA",47.346717,-122.2219286
1557,"93 YESLER WAY, Seattle, WA 98104, USA",47.6016165,-122.3346682
1558,"14350 TUKWILA INTERNATIONAL BLVD, TUKWILA, WA 98168, USA",47.4746736,-122.283029
1559,"10885 NE 4TH ST, BELLEVUE, WA 98004, USA",47.6134571,-122.1949258
1560,"7148 MARTIN LUTHER KING JR WAY S, SEATTLE, WA 98118, USA",47.5375434,-122.2809754
1561,"12998 SE KENT KANGLEY RD, KENT, WA 98030, USA",47.3592567,-122.1672747
1562,"4201 NE SUNSET BLVD, RENTON, WA 98059, USA",47.5032728,-122.1633768
1563,"456 CENTRAL WAY, KIRKLAND, WA 98033, USA",47.678677,-122.1999039
1564,"2715 E CHERRY ST, #B, Seattle, WA 98122, USA",47.6078186,-122.2972685
1565,"1805 S 316TH ST, Unit A 102, FEDERAL WAY, WA 98003, USA",,
1566,"1400 34TH AVE, Seattle, WA 98122, USA",47.6129956,-122.289161
1567,"4116 UNIVERSITY WAY NE, SEATTLE, WA 98105, USA",47.6574105,-122.3130573
1568,"33304 PACIFIC HWY S, 301, FEDERAL WAY, WA 98003, USA",,
1569,"4000 E MADISON ST, SEATTLE, WA 98112, USA",47.6342332,-122.2808226
1570,"1531 MELROSE AVE, C2, SEATTLE, WA 98122, USA",,
1571,"7143A M L KING JR WAY S, SEATTLE, WA 98118, USA",,
1572,"750 N 34TH ST, SEATTLE, WA 98103, USA",47.6494266,-122.347834
1573,"8210 35TH AVE NE, Seattle, WA 98115, USA",47.6889264,-122.2901952
1574,"12514 120TH AVE NE, Kirkland, WA 98034, USA",47.7113896,-122.1786598
1575,"7354 35TH AVE SW, SEATTLE, WA 98126, USA",47.5357242,-122.3763592
1576,"506 2ND AVE, SEATTLE, WA 98104, USA",47.6020094,-122.3317853
1577,"851 HIAWATHA PL S, SEATTLE, WA 98144, USA",47.594645,-122.309515
1578,"2705 NE SUNSET BLVD, Renton, WA 98056, USA",47.4988285,-122.1813137
1579,"1501 4TH AVE, 101, SEATTLE, WA 98101, USA",,
1580,"820 THOMAS ST, SEATTLE, WA 98109, USA",47.6209632,-122.3407028
1581,"4343 15TH AVE S, SEATTLE, WA 98108, USA",47.5640537,-122.313741
1582,"4001 21ST AVE W, Seattle, WA 98199, USA",47.6562238,-122.383705
1583," SEA-TAC AIRPORT, ConA, SEATTLE, WA 98158, USA",,
1584,"224 W GALER ST, SEATTLE, WA 98119, USA",47.6324599,-122.360822
1585,"435 15TH AVE E, SEATTLE, WA 98112, USA",47.6229877,-122.3128173
1586,"18610 BOTHELL WAY NE, Bothell, WA 98011, USA",47.7629947,-122.2072246
1587,"7011 CALIFORNIA AVE SW, Seattle, WA 98136, USA",47.5403246,-122.3875687
1588,"2240 NW MARKET ST, Seattle, WA 98107, USA",47.668851,-122.3866842
1589,"400 URBAN PLZ, #160, KIRKLAND, WA 98033, USA",,
1590,"400 FAIRVIEW AVE N, 101, SEATTLE, WA 98109, USA",,
1591,"801 Pine ST, SEATTLE, WA 98101, USA",47.612976,-122.3326547
1592,"1200 10TH AVE NE, ISSAQUAH, WA 98029, USA",47.5434809,-122.0159847
1593,"1201 2nd AVE, 320, SEATTLE, WA 98101, USA",,
1594,"501 2ND AVE W, SEATTLE, WA 98119, USA",47.6234474,-122.3597078
1595,"600 QUEEN ANNE AVE N, Seattle, WA 98109, USA",47.6248638,-122.3564297
1596,"2205 QUEEN ANNE AVE N, Seattle, WA 98109, USA",47.6386532,-122.3571017
1597,"333 108TH AVE NE, 175, BELLEVUE, WA 98004, USA",,
1598,"1222 NE 65TH ST, SEATTLE, WA 98115, USA",47.6760006,-122.314622
1599,"333 Dexter AVE N, SEATTLE, WA 98109, USA",47.6214925,-122.34294
1600,"1201 4TH AVE, SEATTLE, WA 98101, USA",47.607575,-122.334414
1601,"24007 VASHON HWY SW, VASHON ISLAND, WA 98070, USA",47.3890253,-122.4661504
1602,"5407 BALLARD AVE NW, SEATTLE, WA 98107, USA",47.6675718,-122.3850091
1603,"1207 WESTLAKE AVE N, SEATTLE, WA 98109, USA",47.629902,-122.3416297
1604,"320 OCCIDENTAL AVE S, Seattle, WA 98104, USA",47.5993857,-122.332689
1605,"622 OLIVE WAY, SEATTLE, WA 98101, USA",47.6133404,-122.3360114
1606,"17607 VASHON HWY SW, VASHON ISLAND, WA 98070, USA",47.4470802,-122.4606698
1607,"5028 WILSON AVE S, SEATTLE, WA 98118, USA",47.5561165,-122.2700574
1608,"4301 FREMONT AVE N, SEATTLE, WA 98103, USA",47.659062,-122.3501761
1609,"472 1ST AVE N, 100, SEATTLE, WA 98109, USA",,
1610,"1005 E PIKE ST, SEATTLE, WA 98122, USA",47.613867,-122.3190513
1611,"127 MERCER ST, Seattle, WA 98109, USA",47.624468,-122.3542783
1612,"10439 16TH AVE SW, C, SEATTLE, WA 98146, USA",,
1613,"701 5TH AVE N, 100, SEATTLE, WA 98109, USA",47.6256049,-122.3478265
1614,"3861 1ST AVE S, #E, SEATTLE, WA 98134, USA",47.5679515,-122.334907
1615,"6951 M L KING JR WAY S, #103, SEATTLE, WA 98118, USA",,
1616,"620 S WELLER ST, Seattle, WA 98104, USA",47.5976334,-122.325432
1617,"1120 112TH AVE NE, E-125, BELLEVUE, WA 98004, USA",,
1618,"440 OLYMPIA AVE NE, RENTON, WA 98056, USA",47.4893867,-122.171781
1619,"6322 6TH AVE S, SEATTLE, WA 98108, USA",47.5455523,-122.3258537
1620,"15500 SIX PENNY LN, NEWCASTLE, WA 98059, USA",47.5354113,-122.1437562
1621,"400 PINE ST, 3040, SEATTLE, WA 98101, USA",,
1622,"17302 140TH AVE NE, WOODINVILLE, WA 98072, USA",47.7531058,-122.1522392
1623,"9102 RAINIER AVE S, SEATTLE, WA 98118, USA",47.5217443,-122.2696314
1624,"10433 SE CARR RD, RENTON, WA 98055, USA",47.4443065,-122.2007225
1625,"22660 PACIFIC HWY S, Des Moines, WA 98198, USA",47.3986078,-122.2965848
1626,"536 RAINIER AVE S, RENTON, WA 98057, USA",47.4923403,-122.2186689
1627,"14620 NE 24TH ST, BELLEVUE, WA 98007, USA",47.6315881,-122.1457521
1628,"25620 104TH AVE SE, KENT, WA 98030, USA",47.3717361,-122.2008029
1629,"3208 QUEEN ANNE AVE N, SEATTLE, WA 98109, USA",47.649,-122.3574944
1630,"18742 142ND AVE NE, WOODINVILLE, WA 98072, USA",47.7634163,-122.1502049
1631,"4237 UNIVERSITY WAY NE, SEATTLE, WA 98105, USA",47.6594156,-122.313348
1632,"17801 INTERNATIONAL BLVD, CD-02, SEATAC, WA 98158, USA",,
1633,"15300 33RD AVE S, 232, SEATAC, WA 98188, USA",,
1634,"12901 SE 69TH PL, Bellevue, WA 98006, USA",47.5407405,-122.1683728
1635,"4041 S 298TH ST, AUBURN, WA 98001, USA",47.3341907,-122.2848234
1636,"4216 6TH AVE NW, SEATTLE, WA 98107, USA",47.6582389,-122.3637506
1637,"9326 SW BAYVIEW DR, VASHON ISLAND, WA 98070, USA",,
1638,"17636 VASHON HWY SW, VASHON ISLAND, WA 98070, USA",,
1639,"1401 327TH AVE NE, Carnation, WA 98014, USA",47.6507974,-121.9035385
1640,"30919 NE CARNATION FARM RD, Carnation, WA 98014, USA",47.6640605,-121.9275056
1641,"20665 SE 264TH ST, COVINGTON, WA 98042, USA",47.3636864,-122.0654878
1642,"33300 NE 32ND ST, Carnation, WA 98014, USA",47.639621,-121.9006428
1643,"14500 SW CAMP SEALTH RD, Vashon, WA 98070, USA",,
1644,"45505 SE 150TH ST, NORTH BEND, WA 98045, USA",47.4691687,-121.7343425
1645,"4539 CALIFORNIA AVE SW, SEATTLE, WA 98116, USA",47.5618055,-122.3869753
1646,"6418 S 124TH ST, Seattle, WA 98178, USA",47.4924616,-122.252781
1647,"31009 PACIFIC HWY S, FEDERAL WAY, WA 98003, USA",47.3235828,-122.3153788
1648,"2125 BEL RED RD, REDMOND, WA 98052, USA",47.6295559,-122.1352978
1649,"23819 104TH AVE SE, Kent, WA 98031, USA",47.3882164,-122.202971
1650,"9427 17TH AVE SW, SEATTLE, WA 98106, USA",47.5183644,-122.3567134
1651,"95 PINE ST, SEATTLE, WA 98101, USA",47.6095721,-122.3411767
1652,"32510 PACIFIC HWY S, FEDERAL WAY, WA 98003, USA",47.3102535,-122.3127697
1653,"1622 SW Roxbury ST, SEATTLE, WA 98106, USA",47.5175273,-122.3563662
1654,"200 SW 43RD ST, RENTON, WA 98057, USA",47.4415541,-122.2200664
1655,"400 PINE ST, SEATTLE, WA 98101, USA",47.6119908,-122.3373914
1656,"6538 4TH AVE S, SEATTLE, WA 98108, USA",47.5440712,-122.3291846
1657,"2576 AURORA AVE N, SEATTLE, WA 98109, USA",47.6430534,-122.3467361
1658,"403 DEXTER AVE N, SUITE 403A, SEATTLE, WA 98109, USA",,
1659,"928 12TH AVE, SEATTLE, WA 98122, USA",47.6112731,-122.3164758
1660,"700 15TH ST SW, AUBURN, WA 98001, USA",47.2809828,-122.2422857
1661,"7755 E MARGINAL WAY S, SEATTLE, WA 98108, USA",47.5331784,-122.3125977
1662,"800 LOGAN AVE N, RENTON, WA 98057, USA",47.4942915,-122.2069558
1663,"1420 S Trenton ST, SEATTLE, WA 98108, USA",47.5226982,-122.3117168
1664,"20021 120TH AVE NE, BOTHELL, WA 98011, USA",47.7730643,-122.1809962
1665,"1000 GARDEN AVE N, RENTON, WA 98057, USA",47.5003068,-122.1996105
1666,"24050 PACIFIC HWY S, KENT, WA 98032, USA",47.3856492,-122.2942122
1667,"1175 N 205TH ST, SHORELINE, WA 98133, USA",47.7751535,-122.3448489
1668,"4401 4TH AVE S, SEATTLE, WA 98134, USA",47.5654639,-122.3303106
1669,"19300 INTERNATIONAL BLVD, SEATAC, WA 98188, USA",47.4291785,-122.2930808
1670,"2651 S 192ND ST, SEATAC, WA 98188, USA",47.431627,-122.2991531
1671,"20833 INTERNATIONAL BLVD, SEATAC, WA 98198, USA",47.4145121,-122.2987005
1672,"2868 S 188TH ST, SEATAC, WA 98188, USA",47.4346304,-122.2965717
1673,"19521 INTERNATIONAL BLVD, SEATAC, WA 98188, USA",47.4273605,-122.2962358
1674,"20313 28TH AVE S, SEATAC, WA 98198, USA",47.4196014,-122.2986862
1675,"21005 64TH AVE S, KENT, WA 98032, USA",47.414496,-122.2577819
1676,"2871 S 102ND ST, BURIEN, WA 98168, USA",,
1677,"22001 84TH AVE S, KENT, WA 98032, USA",47.4053013,-122.2321601
1678,"20416 72ND AVE S, KENT, WA 98032, USA",47.4191249,-122.2431403
1679,"33815 Weyerhaeuser WAY S, AUBURN, WA 98001, USA",,
1680,"1232 A ST NE, AUBURN, WA 98002, USA",47.3193294,-122.227854
1681,"20280 84TH AVE S, KENT, WA 98032, USA",47.4199386,-122.2278479
1682,"710 1ST AVE N, ALGONA, WA 98001, USA",47.2790231,-122.2434261
1683,"635 PARK AVE N, RENTON, WA 98057, USA",47.4935503,-122.2027837
1684,"10002 E MARGINAL WAY, TUKWILA, WA 98168, USA",,
1685,"20703 63RD AVE S, KENT, WA 98032, USA",47.3891627,-122.2562698
1686,"20403 63RD AVE S, KENT, WA 98032, USA",47.3891627,-122.2562698
1687,"2201 S 142ND ST, SEATAC, WA 98168, USA",47.4741115,-122.304536
1688,"737 LOGAN AVE N, RENTON, WA 98057, USA",47.494489,-122.2108606
1689,"998 LOGAN AVE N, RENTON, WA 98057, USA",47.4934391,-122.2072252
1690,"999 757TH AVE, RENTON, WA 98057, USA",,
1691,"616 PERIMETER RD, RENTON, WA 98057, USA",47.4919172,-122.217327
1692,"1801 10TH AVE NW, ISSAQUAH, WA 98027, USA",47.5512243,-122.0529513
1693,"1802 M ST NW, AUBURN, WA 98001, USA",47.323367,-122.2408476
1694,"27520 COVINGTON WAY SE, COVINGTON, WA 98042, USA",47.3553697,-122.1218037
1695,"35100 ENCHANTED PKWY S, FEDERAL WAY, WA 98003, USA",47.2870358,-122.3097942
1696,"400 COSTCO DR, 150, TUKWILA, WA 98188, USA",47.4459536,-122.248805
1697,"4401 E MARGINAL WAY S, SEATTLE, WA 98134, USA",47.5637535,-122.3410119
1698,"1241 EASTLAKE AVE E, SEATTLE, WA 98102, USA",47.6312126,-122.32729
1699,"18700 NE 65th ST, REDMOND, WA 98052, USA",47.6651439,-122.0899239
1700,"15001 NE 36TH ST, REDMOND, WA 98052, USA",47.6394868,-122.1374785
1701,"8127 S 216TH ST, KENT, WA 98032, USA",47.4077777,-122.2313822
1702,"500 5TH AVE, SEATTLE, WA 98104, USA",47.6035022,-122.3282381
1703,"401 4TH AVE N, KENT, WA 98032, USA",47.384813,-122.2380173
1704,"101 ANDOVER PARK E, TUKWILA, WA 98188, USA",47.4600607,-122.2515662
1705,"35425 ENCHANTED PKWY S, FEDERAL WAY, WA 98003, USA",47.2840593,-122.3155145
1706,"1229 NW 8TH ST, NORTH BEND, WA 98045, USA",47.4995154,-121.8004264
1707,"4900 150TH AVE NE, REDMOND, WA 98052, USA",47.6529221,-122.1397243
1708,"2323 EASTLAKE AVE E, SEATTLE, WA 98102, USA",47.6404312,-122.3262403
1709,"2808 A ST SE, AUBURN, WA 98002, USA",47.2841079,-122.2272328
1710,"2811 S 102ND ST, 220, SEATTLE, WA 98168, USA",,
1711,"1034 6TH AVE N, KENT, WA 98032, USA",47.3937981,-122.2392237
1712,"222 YALE AVE N, SEATTLE, WA 98109, USA",47.6203021,-122.3295959
1713,"14111 NE 145TH ST, WOODINVILLE, WA 98072, USA",47.7292858,-122.1493659
1714,"11811 WILLOWS RD NE, REDMOND, WA 98052, USA",47.7084234,-122.1568521
1715,"5303 SHILSHOLE AVE NW, SEATTLE, WA 98107, USA",47.6658729,-122.3847626
1716,"18001 NE UNION HILL RD, REDMOND, WA 98052, USA",47.6747451,-122.0981141
1717,"1801 16TH AVE SW, SEATTLE, WA 98134, USA",47.5858778,-122.3572698
1718,"999 757 AVE, RENTON, WA 98057, USA",,
1719,"800 LAKE DR, ISSAQUAH, WA 98027, USA",47.5473106,-122.0486099
1720,"1211 E ALDER ST, SEATTLE, WA 98122, USA",47.6048181,-122.3155
1721,"2700 RAINIER AVE S, SEATTLE, WA 98144, USA",47.5789705,-122.2976528
1722,"12525 AURORA AVE N, SEATTLE, WA 98133, USA",47.720395,-122.3474153
1723,"1975 124TH AVE NE, BELLEVUE, WA 98005, USA",47.6271996,-122.1787031
1724,"1600 7TH AVE, 2500, SEATTLE, WA 98101, USA",,
1725,"SEATAC MAIN TERMINAL, SEATAC, WA 98158, USA",,
1726,"422 E PINE ST, SEATTLE, WA 98122, USA",47.6153488,-122.325708
1727,"504 BELLEVUE WAY NE, BELLEVUE, WA 98004, USA",47.6164741,-122.201957
1728,"10038 Main ST, BELLEVUE, WA 98004, USA",47.6102896,-122.2048875
1729,"555 15th AVE E, 1, Seattle, WA 98112, USA",,
1730,"3650 WALLINGFORD AVE N, SEATTLE, WA 98103, USA",47.6518718,-122.3361496
1731,"6008 M L KING JR WAY S, Seattle, WA 98118, USA",,
1732,"1525 13TH AVE, SEATTLE, WA 98122, USA",47.6149351,-122.3157517
1733,"7018 NE BOTHELL WAY, A, Kenmore, WA 98028, USA",,
1734,"1301 4TH AVE, SEATTLE, WA 98101, USA",47.6083246,-122.3353672
1735,"200 BROADWAY E, SEATTLE, WA 98102, USA",47.6200265,-122.3206563
1736,"151 12TH AVE, 100, SEATTLE, WA 98122, USA",,
1737,"2800 SOUTHCENTER MALL, 592, TUKWILA, WA 98188, USA",,
1738,"333 WESTLAKE AVE N, SEATTLE, WA 98109, USA",47.6218745,-122.3388609
1739,"400 BELLEVUE WAY NE, #160, BELLEVUE, WA 98004, USA",,
1740,"426 BROADWAY E, Seattle, WA 98102, USA",47.622812,-122.3207093
1741,"427 12TH AVE, Seattle, WA 98122, USA",47.6059473,-122.3172717
1742,"4507 UNIVERSITY WAY NE, SEATTLE, WA 98105, USA",47.6615456,-122.3132994
1743,"129 BELMONT AVE E, SEATTLE, WA 98102, USA",47.6193202,-122.3241849
1744,"2128 336th ST, FEDERAL WAY, WA 98023, USA",47.301431,-122.3623664
1745,"2425 33RD AVE W, #B, SEATTLE, WA 98199, USA",47.6403282,-122.3997907
1746,"405 NE 45TH ST, SEATTLE, WA 98105, USA",47.6612067,-122.3237209
1747,"13310 BEL RED RD, BELLEVUE, WA 98005, USA",47.6227262,-122.1626006
1748,"3840 A ST SE, 103, Auburn, WA 98002, USA",,
1749,"2423 NW MARKET ST, SEATTLE, WA 98107, USA",47.6684106,-122.38901
1750,"668 STRANDER BLVD, TUKWILA, WA 98188, USA",47.4576883,-122.2447078
1751,"2240 CARILLON PT, Kirkland, WA 98033, USA",47.6564561,-122.2069753
1752,"31007 PACIFIC HWY S, A, FEDERAL WAY, WA 98003, USA",,
1753,"12801 84TH AVE NE, Kirkland, WA 98034, USA",47.7159778,-122.230838
1754,"820 PINE ST, SEATTLE, WA 98101, USA",47.6135477,-122.3323964
1755,"4525 UNIVERSITY WAY NE, Seattle, WA 98105, USA",47.6620668,-122.3132918
1756,"101 BROADWAY E, SEATTLE, WA 98122, USA",47.6188627,-122.3210607
1757,"1223 E CHERRY ST, C121A, SEATTLE, WA 98122, USA",47.607687,-122.3165765
1758,"110 SUMMIT AVE E, SEATTLE, WA 98102, USA",47.6190119,-122.3254121
1759,"5600 ROOSEVELT WAY NE, K113, SEATTLE, WA 98105, USA",,
1760,"88 102ND AVE NE, BELLEVUE, WA 98004, USA",47.6108774,-122.2038539
1761,"1420 5th AVE, Seattle, WA 98101, USA",47.610486,-122.3346274
1762,"4760 TOLT AVE, CARNATION, WA 98014, USA",47.6496073,-121.912656
1763,"4950 TOLT AVE, CARNATION, WA 98014, USA",47.651573,-121.9112512
1764,"28901 NE CARNATION FARM RD, CARNATION, WA 98014, USA",47.6717097,-121.9442393
1765,"1314 UNION AVE NE, RENTON, WA 98059, USA",47.5045576,-122.1634834
1766,"9629 15TH AVE SW, Seattle, WA 98106, USA",47.5165042,-122.3541803
1767,"20856 INTERNATIONAL BLVD, SEATAC, WA 98198, USA",47.4139765,-122.2971191
1768,"419 RAINIER AVE N, RENTON, WA 98057, USA",47.4891413,-122.2184779
1769,"2500 BEACON AVE S, SEATTLE, WA 98144, USA",47.58053,-122.313214
1770,"13702 15TH AVE NE, Seattle, WA 98125, USA",47.7286407,-122.3124092
1771,"8050 RAILROAD AVE SE, C, SNOQUALMIE, WA 98065, USA",,
1772,"1148 CENTRAL AVE N, Kent, WA 98032, USA",47.3951131,-122.2274442
1773,"622 BROADWAY E, SEATTLE, WA 98102, USA",47.6249602,-122.3205321
1774,"18235 140TH AVE SE, Renton, WA 98058, USA",47.4380903,-122.1566099
1775,"25626 102ND PL SE, KENT, WA 98030, USA",47.3719479,-122.2039939
1776,"17623 100TH AVE SW, VASHON ISLAND, WA 98070, USA",,
1777,"12327 ROOSEVELT WAY NE, SEATTLE, WA 98125, USA",47.7185876,-122.3184767
1778,"17644 1ST AVE S, NORMANDY PARK, WA 98148, USA",47.4442334,-122.3336415
1779,"1306 UNION AVE NE, Renton, WA 98059, USA",47.5046578,-122.1643585
1780,"13028 1ST AVE S, SEATTLE, WA 98168, USA",47.5228934,-122.3348648
1781,"3803 NE 4TH ST, RENTON, WA 98056, USA",47.4882792,-122.1674063
1782,"452 SW 153RD ST, BURIEN, WA 98166, USA",47.4661347,-122.3414513
1783,"918 E PIKE ST, SEATTLE, WA 98122, USA",47.6142164,-122.3198375
1784,"16022 116TH AVE SE, Renton, WA 98058, USA",47.458592,-122.184181
1785,"11212 10TH AVE SW, Seattle, WA 98146, USA",47.5022257,-122.34439
1786,"1015 24TH AVE NE, Auburn, WA 98002, USA",,
1787,"22419 PACIFIC HWY S, DES MOINES, WA 98198, USA",47.400475,-122.2978973
1788,"2020 TROSSACHS BLVD SE, SAMMAMISH, WA 98075, USA",47.5912909,-121.9732712
1789,"1100 112TH AVE NE, 110, BELLEVUE, WA 98004, USA",,
1790,"13601 32ND AVE S, Seattle, WA 98168, USA",47.5324382,-122.2907966
1791,"34816 SE RIDGE ST, SNOQUALMIE, WA 98065, USA",47.5321766,-121.8752843
1792,"1700 N 90TH ST, SEATTLE, WA 98103, USA",47.6952131,-122.3371558
1793,"210 RAILROAD AVE E, Skykomish, WA 98288, USA",47.7096524,-121.3590265
1794,"1820 130TH AVE NE, #2, BELLEVUE, WA 98005, USA",47.626576,-122.1662253
1795,"22607 SE 216TH WAY, MAPLE VALLEY, WA 98038, USA",47.4061959,-122.0383546
1796,"1409 GRIFFIN AVE, ENUMCLAW, WA 98022, USA",47.2048301,-121.9915925
1797,"1439 Griffin AVE, ENUMCLAW, WA 98022, USA",47.2047008,-121.9918472
1798,"1531 14TH AVE, SEATTLE, WA 98122, USA",47.6150591,-122.3143994
1799,"2102 7TH AVE, SEATTLE, WA 98121, USA",47.6159334,-122.3387516
1800,"517 QUEEN ANNE AVE N, SEATTLE, WA 98109, USA",47.6238443,-122.3568771
1801,"12526 NE 144TH ST, KIRKLAND, WA 98034, USA",47.7318549,-122.1731486
1802,"1806 136th PL NE, BELLEVUE, WA 98005, USA",47.6262605,-122.1569631
1803,"3756 RAINIER AVE S, #B, SEATTLE, WA 98144, USA",,
1804,"504 BELLEVUE SQ, BELLEVUE, WA 98004, USA",,
1805,"10426 16TH AVE SW, SEATTLE, WA 98146, USA",47.509184,-122.3545756
1806,"27320 PACIFIC AVE S, FEDERAL WAY, WA 98003, USA",,
1807,"1444 COLE ST, ENUMCLAW, WA 98022, USA",47.2028381,-121.9907494
1808,"20512 108TH AVE SE, A-1, KENT, WA 98031, USA",,
1809,"19501 144th AVE NE, #D900, WOODINVILLE, WA 98072, USA",,
1810,"1201 2ND AVE, SEATTLE, WA 98101, USA",47.6067355,-122.3371607
1811,"8200 RAILROAD AVE SE, SNOQUALMIE, WA 98065, USA",47.5270471,-121.8236515
1812,"13613 NE 126TH PL, 350, KIRKLAND, WA 98034, USA",,
1813,"2550 34TH AVE W, SEATTLE, WA 98199, USA",47.643004,-122.3999401
1814,"17705 140th AVE NE, A-2, Woodinville, WA 98072, USA",,
1815,"14356 WOODINVILLE REDMOND RD NE, REDMOND, WA 98052, USA",47.7309051,-122.139463
1816,"807 W VALLEY HWY, KENT, WA 98032, USA",47.3882624,-122.2481553
1817,"1701 E OLIVE WAY, SEATTLE, WA 98102, USA",47.6197166,-122.3233324
1818,"2125 112TH AVE NE, BELLEVUE, WA 98004, USA",47.6298755,-122.1922427
1819,"2700 NORTHUP WAY, BELLEVUE, WA 98004, USA",47.6349091,-122.1885537
1820,"17720 NE 65TH ST, REDMOND, WA 98052, USA",47.6645856,-122.103523
1821,"19640 SE 272ND ST, Kent, WA 98042, USA",47.3580129,-122.1308365
1822,"16300 112TH AVE NE, Bothell, WA 98011, USA",47.7466823,-122.1893707
1823,"3737 NE 135TH ST, SEATTLE, WA 98125, USA",47.7260597,-122.2874655
1824,"219 BURNETT AVE S, RENTON, WA 98057, USA",47.4805473,-122.208663
1825,"15355 MAPLE VALLEY HWY, RENTON, WA 98058, USA",47.4650225,-122.1365932
1826,"22615 SWEENEY RD SE, Maple Valley, WA 98038, USA",47.398216,-122.0513964
1827,"15828 SE JONES RD, Renton, WA 98058, USA",47.466948,-122.1279293
1828,"304 WELLS AVE S, RENTON, WA 98057, USA",47.4795378,-122.2052867
1829,"4399 ISSAQUAH PINE LAKE RD SE, SAMMAMISH, WA 98075, USA",47.5671277,-122.0274673
1830,"26500 TIMBERLANE WAY SE, COVINGTON, WA 98042, USA",47.3649189,-122.0856315
1831,"18525 36TH AVE S, SEA TAC, WA 98188, USA",,
1832,"29000 NE 150TH ST, DUVALL, WA 98019, USA",47.7357727,-121.9527684
1833,"611 S 132ND ST, BURIEN, WA 98168, USA",47.4848295,-122.3256662
1834,"4759 BROOKLYN AVE NE, SEATTLE, WA 98105, USA",47.6648053,-122.3146227
1835,"1319 NE 43RD ST, Seattle, WA 98105, USA",47.6596891,-122.313383
1836,"18646 142ND AVE NE, WOODINVILLE, WA 98072, USA",47.7626602,-122.1501975
1837,"15007 WOODINVILLE-REDMOND RD NE, WOODINVILLE, WA 98072, USA",47.737,-122.1556636
1838,"21624 PACIFIC HWY S, DES MOINES, WA 98198, USA",47.4079237,-122.2984791
1839,"630 SW 153RD ST, F, BURIEN, WA 98166, USA",47.4662267,-122.3432044
1840,"7135 SPORTSFIELD DR NE, SEATTLE, WA 98115, USA",47.6811415,-122.2611156
1841,"10475 NE 6TH ST NE, BELLEVUE, WA 98004, USA",,
1842,"4433 S Graham ST, 2, SEATTLE, WA 98118, USA",,
1843,"700 5TH AVE, 410, SEATTLE, WA 98104, USA",,
1844,"2509 E CHERRY ST, SEATTLE, WA 98122, USA",47.6078353,-122.2994614
1845,"15901 NE 36TH ST, SUITE P0250, REDMOND, WA 98052, USA",,
1846,"1411 21ST AVE, SEATTLE, WA 98122, USA",47.6132215,-122.3051662
1847,"1600 E MADISON ST, Seattle, WA 98122, USA",47.6153947,-122.3112294
1848,"2445 3RD AVE S, SEATTLE, WA 98134, USA",47.5812284,-122.3310633
1849,"12630 NE 59TH ST, KIRKLAND, WA 98033, USA",47.6600359,-122.1702618
1850,"207 1ST AVE S, Seattle, WA 98104, USA",47.6006031,-122.3344038
1851,"124 KIRKLAND AVE, Kirkland, WA 98033, USA",47.6756461,-122.2055416
1852,"643 SW 152ND ST, A, BURIEN, WA 98166, USA",,
1853,"643-A SW 152ND ST, BURIEN, WA 98166, USA",47.4668298,-122.341162
1854,"2001 S COMMONS, FEDERAL WAY, WA 98003, USA",47.312791,-122.3076601
1855,"4401 Wallingford AVE N, Seattle, WA 98103, USA",47.6604268,-122.3363818
1856,"6309 24TH AVE NW, SEATTLE, WA 98107, USA",47.6748783,-122.3878389
1857,"1013 E Pike ST, SEATTLE, WA 98122, USA",47.6139807,-122.3187251
1858,"16500 SOUTHCENTER PKWY, TUKWILA, WA 98188, USA",47.4542655,-122.2606185
1859,"14725 NE 20TH ST, #E, BELLEVUE, WA 98007, USA",47.6277972,-122.1208748
1860,"30711 3RD AVE, Black Diamond, WA 98010, USA",47.3263037,-122.010403
1861,"140 4TH AVE N, 165, SEATTLE, WA 98109, USA",,
1862,"308 N 125TH ST, Seattle, WA 98133, USA",47.7198737,-122.3548275
1863,"12863 Northup WAY, C, Bellevue, WA 98005, USA",,
1864,"818 STEWART ST, 110, SEATTLE, WA 98101, USA",,
1865,"500 UPTOWN CT, 210, KIRKLAND, WA 98033, USA",,
1866,"604 5TH PL S, KIRKLAND, WA 98033, USA",47.6708842,-122.1979153
1867,"11749 15TH AVE NE, Seattle, WA 98125, USA",47.7154355,-122.3128347
1868,"15600 NE 8TH ST, PM-9, BELLEVUE, WA 98008, USA",,
1869,"25200 SE KLAHANIE BLVD, Issaquah, WA 98029, USA",,
1870,"18230 E VALLEY HWY, 122, KENT, WA 98032, USA",47.4385839,-122.220247
1871,"724 PINE ST, SEATTLE, WA 98101, USA",47.6131336,-122.3335879
1872,"14203 NE WOODINVILLE DUVALL RD RD, Woodinville, WA 98072, USA",,
1873,"416 BROADWAY E, SEATTLE, WA 98102, USA",47.622546,-122.320704
1874,"14450 WOODINVILLE REDMOND RD, 107, WOODINVILLE, WA 98072, USA",,
1875,"1018 CENTRAL AVE N, 101, KENT, WA 98032, USA",,
1876,"15255 NE 40TH ST, REDMOND, WA 98052, USA",47.6443318,-122.1364543
1877,"100 ANDOVER PARK W, 120, TUKWILA, WA 98188, USA",,
1878,"2103 N 45TH ST, SEATTLE, WA 98103, USA",47.6612762,-122.3334927
1879,"5201 15th AVE NW, A2, Seattle, WA 98107, USA",,
1880,"10107 MAIN ST, BOTHELL, WA 98011, USA",47.7599351,-122.2050247
1881,"4435 CALIFORNIA AVE SW, SEATTLE, WA 98116, USA",47.5637078,-122.3870527
1882,"6032 CALIFORNIA AVE SW, SEATTLE, WA 98136, USA",47.5474894,-122.3869478
1883,"2600 SOUTHCENTER MALL, TUKWILA, WA 98188, USA",47.4583186,-122.2591865
1884,"743 RAINIER AVE S, RENTON, WA 98057, USA",47.4720483,-122.2210962
1885,"1335 ROOSEVELT AVE E, Enumclaw, WA 98022, USA",47.1989978,-121.9572129
1886,"2515 NE 55TH ST, Seattle, WA 98105, USA",47.6683591,-122.2997732
1887,"550 14TH AVE, SEATTLE, WA 98122, USA",47.607286,-122.3134858
1888,"25410 104TH AVE SE, KENT, WA 98030, USA",47.3739129,-122.2009995
1889,"10836 E MARGINAL WAY S, Tukwila, WA 98168, USA",47.5053628,-122.2895326
1890,"248 247TH PL NE, SAMMAMISH, WA 98074, USA",47.609672,-122.0087554
1891,"14111 NE 145TH ST, Woodinville, WA 98072, USA",47.7292858,-122.1493659
1892,"16727 REDMOND WAY, REDMOND, WA 98052, USA",47.6723851,-122.1169789
1893,"9309 SW CEMETERY RD, VASHON ISLAND, WA 98070, USA",,
1894,"10606 NE 2ND ST, BELLEVUE, WA 98004, USA",47.6120787,-122.1986358
1895,"223 ANDOVER PARK E, TUKWILA, WA 98188, USA",47.4572151,-122.2506233
1896,"625 S 4TH ST, RENTON, WA 98057, USA",47.4779636,-122.208696
1897,"7101 MARTIN LUTHER KING JR WAY S, 102, SEATTLE, WA 98118, USA",,
1898,"4730 University WAY NE, 109, SEATTLE, WA 98105, USA",,
1899,"2710 BEACON AVE S, B, SEATTLE, WA 98144, USA",,
1900,"1700 S JACKSON ST, SEATTLE, WA 98144, USA",47.5993477,-122.310108
1901,"1215 PINE ST, SEATTLE, WA 98101, USA",47.6150274,-122.3280674
1902,"230 STRANDER BLVD, TUKWILA, WA 98188, USA",47.4563133,-122.2604039
1903,"401 BELLEVUE SQUARE, BELLEVUE, WA 98004, USA",,
1904,"4634 E MARGINAL WAY, SEATTLE, WA 98134, USA",47.5641832,-122.3393271
1905,"515 S MICHIGAN ST, SEATTLE, WA 98108, USA",47.54568,-122.3276373
1906,"6501 38TH AVE S, SEATTLE, WA 98118, USA",47.5441602,-122.2849653
1907,"22712 SE 436TH ST, ENUMCLAW, WA 98022, USA",47.2110485,-122.03866
1908,"6012 PHINNEY AVE N, Seattle, WA 98103, USA",47.6729217,-122.3541709
1909,"3527 CHELAN AVE SW, Seattle, WA 98106, USA",47.5719744,-122.3615336
1910,"14602 15TH AVE NE, SHORELINE, WA 98155, USA",47.7350387,-122.3124329
1911,"520 S Jackson ST, SEATTLE, WA 98104, USA",47.5994006,-122.3267361
1912,"520 S JACKSON ST, SEATTLE, WA 98104, USA",47.5994006,-122.3267361
1913,"504 5TH AVE S, SEATTLE, WA 98104, USA",47.5976328,-122.327506
1914,"305 BELL ST, Seattle, WA 98121, USA",47.6147626,-122.3445567
1915,"21000 INTERNATIONAL BLVD, SEA TAC, WA 98198, USA",,
1916,"12400 NE 32ND ST, Bellevue, WA 98005, USA",47.6403499,-122.1736756
1917,"509 OLIVE WAY, SEATTLE, WA 98101, USA",47.6127317,-122.3366229
1918,"2719 1ST AVE, SEATTLE, WA 98121, USA",47.616084,-122.351443
1919,"625 1ST AVE, SEATTLE, WA 98104, USA",47.6023691,-122.3345827
1920,"700 1ST AVE, SEATTLE, WA 98104, USA",47.6027182,-122.334204
1921,"2724 E CHERRY ST, SEATTLE, WA 98122, USA",47.6081179,-122.296551
1922,"26701 NE CHERRY VALLEY RD, Duvall, WA 98019, USA",47.7469779,-121.9819971
1923,"8009 S 180TH ST, KENT, WA 98032, USA",47.4407631,-122.2314608
1924,"13633 SE 26TH ST, BELLEVUE, WA 98005, USA",47.5865708,-122.157176
1925,"3002 NE SUNSET BLVD, Renton, WA 98056, USA",47.502838,-122.1781653
1926,"524 A ST SE, AUBURN, WA 98002, USA",47.3023178,-122.2277188
1927,"26220 116TH AVE SE, 101, KENT, WA 98030, USA",,
1928,"19923 INTERNATIONAL BLVD, SEATAC, WA 98188, USA",47.4234736,-122.2964619
1929,"19918 68TH AVE S, Kent, WA 98032, USA",47.4232301,-122.2493235
1930,"23845 PACIFIC HWY S, DES MOINES, WA 98198, USA",47.3872502,-122.2964829
1931,"301 S GRADY WAY, Renton, WA 98057, USA",47.4707947,-122.2154959
1932,"18015 E VALLEY HWY, Kent, WA 98032, USA",47.440793,-122.220387
1933,"8030 DOUGLAS AVE SE, SNOQUALMIE, WA 98065, USA",47.5283908,-121.8761886
1934,"1419 N 30TH ST, RENTON, WA 98056, USA",47.5181709,-122.1994094
1935,"5940 E MARGINAL WAY S, SEATTLE, WA 98134, USA",47.549688,-122.334599
1936,"15510 AURORA AVE N, SHORELINE, WA 98133, USA",47.7417883,-122.3448289
1937,"22410 NE MARKETPLACE DR, REDMOND, WA 98053, USA",47.6954264,-122.0407801
1938,"27201 216TH AVE SE, MAPLE VALLEY, WA 98038, USA",47.3574381,-122.054344
1939,"16256 NE 8TH ST, BELLEVUE, WA 98008, USA",47.6173287,-122.1221228
1940,"3725 150TH AVE NE, Bellevue, WA 98006, USA",47.6107488,-122.1399213
1941,"1202 W MEEKER ST, Kent, WA 98032, USA",47.380898,-122.2481515
1942,"7400 GREENWOOD AVE N, SEATTLE, WA 98103, USA",47.6826657,-122.355108
1943,"3720 FACTORIA BLVD SE, F, BELLEVUE, WA 98006, USA",47.5773675,-122.168767
1944,"2330 2nd AVE, SEATTLE, WA 98121, USA",47.614777,-122.3465581
1945,"4525 UNIVERSITY WAY NE, SEATTLE, WA 98105, USA",47.6620668,-122.3132918
1946,"4520 21ST AVE NE, SEATTLE, WA 98105, USA",47.6620051,-122.3050768
1947,"4549 18TH AVE NE, Seattle, WA 98105, USA",47.6627901,-122.3086775
1948,"4600 22ND AVE NE, SEATTLE, WA 98105, USA",47.662057,-122.304174
1949,"7845 LAKE CITY WAY NE, Seattle, WA 98115, USA",47.6863552,-122.3143309
1950,"172 FRONT ST N, ISSAQUAH, WA 98027, USA",47.5322061,-122.0363651
1951,"17480 SOUTHCENTER PKWY, TUKWILA, WA 98188, USA",47.4458114,-122.2601734
1952,"400 BELLEVUE SQ, 188, BELLEVUE, WA 98004, USA",,
1953,"3300 4TH AVE S, C, SEATTLE, WA 98134, USA",47.5740753,-122.3285759
1954,"3300 4th AVE S, C, SEATTLE, WA 98134, USA",47.5740753,-122.3285759
1955,"17333 SOUTHCENTER PKWY, TUKWILA, WA 98188, USA",47.447909,-122.2631092
1956,"19557 AURORA AVE N, SHORELINE, WA 98133, USA",47.7719277,-122.3465398
1957,"785 116TH AVE NE, BELLEVUE, WA 98004, USA",47.6167718,-122.1863009
1958,"375 RAINIER AVE S, RENTON, WA 98057, USA",47.47845,-122.2169314
1959,"32025 PACIFIC HWY S, FEDERAL WAY, WA 98003, USA",47.3141832,-122.3140039
1960,"17440 SE 272ND ST, COVINGTON, WA 98042, USA",47.3585283,-122.1083944
1961,"12801 AURORA AVE N, SEATTLE, WA 98133, USA",47.7225331,-122.3454338
1962,"12106 NE 124TH ST, KIRKLAND, WA 98034, USA",47.7096351,-122.1793461
1963,"8150 RAILROAD AVE SE, B, SNOQUALMIE, WA 98065, USA",,
1964,"1412 Harvard AVE, SEATTLE, WA 98122, USA",47.6133612,-122.3214093
1965,"2720 152ND AVE NE, REDMOND, WA 98052, USA",47.6346452,-122.137566
1966,"1507 PIKE PL, SEATTLE, WA 98101, USA",47.6086005,-122.3407212
1967,"6531 132ND AVE NE, KIRKLAND, WA 98033, USA",47.664701,-122.1655509
1968,"126 SW 148TH ST, BURIEN, WA 98166, USA",47.4719159,-122.3359517
1969,"1913 SW CAMPUS DR, FEDERAL WAY, WA 98023, USA",47.3002618,-122.3592593
1970,"10703 SE CARR RD, Renton, WA 98055, USA",47.4442293,-122.1973279
1971,"32627 SE REDMOND FALL CITY RD, Fall City, WA 98024, USA",47.5697688,-121.9055246
1972,"2600 SW THISTLE ST, SEATTLE, WA 98126, USA",47.53017,-122.3663877
1973,"908 12TH AVE, SEATTLE, WA 98122, USA",47.6107217,-122.3164279
1974,"13433 NE 20TH ST, Bellevue, WA 98005, USA",47.6277243,-122.1598636
1975,"17801 INTERNATIONAL BLVD, SeaTac, WA 98158, USA",47.4417426,-122.3009614
1976,"4220 UNIVERSITY WAY NE, SEATTLE, WA 98105, USA",47.6589834,-122.313007
1977,"620 AUBURN WAY S, AUBURN, WA 98002, USA",47.3015436,-122.224057
1978,"2701 BEACON AVE S, SEATTLE, WA 98144, USA",47.5790532,-122.3129176
1979,"3502 AUBURN WAY S, AUBURN, WA 98092, USA",47.2894097,-122.1820053
1980,"18650 42ND AVE S, Seattle, WA 98188, USA",47.5150416,-122.2807418
1981,"2001 98TH AVE NE, CLYDE HILL, WA 98004, USA",47.6278254,-122.210849
1982,"1900 W NICKERSON ST, 102, SEATTLE, WA 98119, USA",,
1983,"13780 NE 175TH ST, 104, WOODINVILLE, WA 98072, USA",,
1984,"17803 108TH AVE SE, RENTON, WA 98055, USA",47.44314,-122.1974621
1985,"1827 15TH AVE W, Seattle, WA 98119, USA",47.6354445,-122.3767131
1986,"401 NE NORTHGATE WAY, 1119, SEATTLE, WA 98125, USA",47.7050071,-122.3267169
1987,"17250 SOUTHCENTER PKWY, TUKWILA, WA 98188, USA",47.4489887,-122.2612931
1988,"1328 156th AVE NE, BELLEVUE, WA 98008, USA",47.6215782,-122.131853
1989,"1415 BROADWAY, SEATTLE, WA 98122, USA",47.6133731,-122.3209713
1990,"212 WESTLAKE AVE N, 101, SEATTLE, WA 98109, USA",,
1991,"633 SOUTHCENTER MALL, 2600, TUKWILA, WA 98188, USA",,
1992,"439 RAINIER AVE S, STE B, RENTON, WA 98057, USA",,
1993,"4730 CALIFORNIA AVE SW, SEATTLE, WA 98116, USA",47.5601384,-122.3864916
1994,"2626 NE 46TH ST, SEATTLE, WA 98105, USA",47.6618843,-122.2986603
1995,"4000 FACTORIA BLVD SE, BELLEVUE, WA 98006, USA",47.5749754,-122.1685303
1996,"22704 SE 4TH, #210, SAMMAMISH, WA 98074, USA",,
1997,"12725 LAKE CITY WAY NE, SEATTLE, WA 98125, USA",47.7218482,-122.2941885
1998,"12530 TOTEM LAKE BLVD NE, 136, KIRKLAND, WA 98034, USA",,
1999,"376 116TH AVE NE, BELLEVUE, WA 98004, USA",47.6164228,-122.1855085
2000,"15725 WESTMINSTER WAY N, Shoreline, WA 98133, USA",47.7438037,-122.3465428
2001,"10503 NE 4TH ST, BELLEVUE, WA 98004, USA",47.6135841,-122.199677
2002,"17037 SE 272ND ST, COVINGTON, WA 98042, USA",47.3577818,-122.113913
2003,"1261 AUBURN WAY N, Auburn, WA 98002, USA",47.3196799,-122.2218168
2004,"2212 N 45TH ST, SEATTLE, WA 98103, USA",47.6615379,-122.3316299
2005,"4229 UNIVERSITY WAY NE, SEATTLE, WA 98105, USA",47.6587923,-122.3133166
2006,"512 RAMSEY WAY, 101, KENT, WA 98032, USA",,
2007,"17875 REDMOND WAY, #200, REDMOND, WA 98052, USA",,
2008,"31827 PACIFIC HWY S, FEDERAL WAY, WA 98003, USA",47.3163862,-122.3138534
2009,"775 NW GILMAN BLVD, #A, ISSAQUAH, WA 98027, USA",47.543447,-122.0493591
2010,"1501 4th AVE, 114, SEATTLE, WA 98101, USA",47.6099976,-122.3377212
2011,"1645 140TH AVE NE, A1-A, BELLEVUE, WA 98005, USA",,
2012,"6257 3RD AVE NW, SEATTLE, WA 98107, USA",47.6758623,-122.3609952
2013,"1918 PIKE PL, SEATTLE, WA 98101, USA",47.6101103,-122.3427753
2014,"17171 BOTHELL WAY NE, A-130, LAKE FOREST PARK, WA 98155, USA",,
2015,"1906 POST ALLEY ALY, SEATTLE, WA 98101, USA",,
2016,"1716 N 45TH ST, SEATTLE, WA 98103, USA",47.6614926,-122.336844
2017,"7810 E GREENLAKE DR N, SEATTLE, WA 98103, USA",,
2018,"8319 GREENWOOD AVE N, SEATTLE, WA 98103, USA",47.6897312,-122.3554992
2019,"6415 8TH AVE NW, SEATTLE, WA 98107, USA",47.6758102,-122.3665308
2020,"9201 HOLMAN RD NW, SEATTLE, WA 98117, USA",47.6968286,-122.3723723
2021,"16005 INTERNATIONAL BLVD, C, SEATAC, WA 98188, USA",,
2022,"155 108th AVE NE, 101, Bellevue, WA 98004, USA",,
2023,"202 W GOWE ST, C, KENT, WA 98032, USA",,
2024,"10256 16th AVE SW, SEATTLE, WA 98146, USA",47.510226,-122.3546981
2025,"1325 E MADISON ST, SEATTLE, WA 98122, USA",47.6135323,-122.3144552
2026,"35002 PACIFIC HWY S, A103, FEDERAL WAY, WA 98003, USA",,
2027,"101 SW 41ST ST, H, Renton, WA 98057, USA",,
2028,"1616 S. 325th ST., FEDERAL WAY, WA 98003, USA",47.3109869,-122.3122038
2029,"14420 468th AVE SE, NORTH BEND, WA 98045, USA",47.4688834,-121.7157175
2030,"1379 SOUTHCENTER MALL BLVD, TUKWILA, WA 98188, USA",,
2031,"660 NW GILMAN BLVD, ISSAQUAH, WA 98027, USA",47.5431389,-122.0472377
2032,"111 YESLER WAY, SEATTLE, WA 98104, USA",47.6015963,-122.3332514
2033,"23823 NE 22ND ST, SAMMAMISH, WA 98074, USA",47.6287042,-122.0209353
2034,"33645 20TH AVE S, FEDERAL WAY, WA 98003, USA",47.2989195,-122.3086725
2035,"17150 116th AVE SE, RENTON, WA 98058, USA",47.449172,-122.1852465
2036,"2508 ALKI AVE SW, SEATTLE, WA 98116, USA",47.5807935,-122.4057853
2037,"1055 SUNSET BLVD NE, RENTON, WA 98056, USA",47.5006977,-122.1900765
2038,"6754 MARTIN LUTHER KING JR WAY S, 104, Seattle, WA 98118, USA",,
2039,"1043 S JACKSON ST, #104, SEATTLE, WA 98104, USA",,
2040,"7714 AURORA AVE N, SEATTLE, WA 98103, USA",47.6849559,-122.3446685
2041,"4509 UNIVERSITY WAY NE, SEATTLE, WA 98105, USA",47.6616396,-122.313298
2042,"600 5TH AVE S, 505, SEATTLE, WA 98104, USA",,
2043,"25817 104TH AVE SE, KENT, WA 98030, USA",47.3706871,-122.2034137
2044,"5335 NE 4TH ST, 1, RENTON, WA 98059, USA",,
2045,"2001 E UNION ST, SEATTLE, WA 98122, USA",47.6127008,-122.3057622
2046,"5041 WILSON AVE S, SEATTLE, WA 98118, USA",47.5557436,-122.2706585
2047,"656 NW 85TH ST, Seattle, WA 98117, USA",47.6908981,-122.3657352
2048,"502 S KING ST, SEATTLE, WA 98104, USA",47.5984743,-122.327443
2049,"1430 S 330TH ST, FEDERAL WAY, WA 98003, USA",47.3061849,-122.3151501
2050,"6847 S 180TH ST, TUKWILA, WA 98188, USA",47.4407818,-122.2471432
2051,"31717 PACIFIC HWY S, FEDERAL WAY, WA 98003, USA",47.3168905,-122.3138223
2052,"23839 PACIFIC HWY S, DES MOINES, WA 98198, USA",47.3871748,-122.2968119
2053,"515 S MICHIGAN ST, Seattle, WA 98108, USA",47.54568,-122.3276373
2054,"1815 N 45TH ST, SEATTLE, WA 98103, USA",47.6609058,-122.3357127
2055,"938 110TH AVE NE, #5, BELLEVUE, WA 98004, USA",,
2056,"10545 SE CARR RD, Renton, WA 98055, USA",47.4443747,-122.1998508
2057,"121 E BOSTON ST, SEATTLE, WA 98102, USA",47.6380783,-122.3263767
2058,"958 111th AVE NE, #101, BELLEVUE, WA 98004, USA",,
2059,"500 BELLEVUE WAY NE, BELLEVUE, WA 98004, USA",47.6143962,-122.2010852
2060,"12600 120TH AVE NE, KIRKLAND, WA 98034, USA",47.7132666,-122.1789356
2061,"1101 OUTLET COLLECTION WAY SW, #1205, AUBURN, WA 98001, USA",,
2062,"816 E PIKE ST, SEATTLE, WA 98122, USA",47.6142036,-122.3212536
2063,"1536 PIKE PL, Seattle, WA 98101, USA",47.6094145,-122.3415568
2064,"2001 WESTLAKE AVE, SEATTLE, WA 98121, USA",47.615083,-122.3380756
2065,"2605 CALIFORNIA AVE SW, SEATTLE, WA 98116, USA",47.5809284,-122.3867822
2066,"1734 CENTRAL AVE S, KENT, WA 98032, USA",47.3635513,-122.229128
2067,"2000 BENSON RD S, Suite140, Renton, WA 98055, USA",,
2068,"511 S DEARBORN ST, Seattle, WA 98134, USA",47.5957477,-122.3274236
2069,"1013 NE 45TH ST, Seattle, WA 98105, USA",47.6610406,-122.3169288
2070,"2501 NE 75TH ST, Seattle, WA 98115, USA",47.6826997,-122.3002997
2071,"700 12TH AVE, Seattle, WA 98122, USA",47.6083139,-122.3162308
2072,"812 NE 65TH ST, Seattle, WA 98115, USA",47.6761457,-122.3190806
2073,"852 RAINIER AVE S, Seattle, WA 98144, USA",47.5946228,-122.3100668
2074,"3828 LAKE WASHINGTON BLVD NE, KIRKLAND, WA 98033, USA",47.6457054,-122.201328
2075,"1809 W MEEKER ST, KENT, WA 98032, USA",47.3815382,-122.2592104
2076,"706 Taylor AVE N, SEATTLE, WA 98109, USA",47.6256983,-122.345952
2077,"60 YESLER WAY, SEATTLE, WA 98104, USA",47.602075,-122.3357442
2078,"201 WESTLAKE AVE N, SEATTLE, WA 98109, USA",47.6199666,-122.3388784
2079,"1000 MADISON ST, SEATTLE, WA 98104, USA",47.6090339,-122.3261909
2080,"2522 5TH AVE, Seattle, WA 98121, USA",47.6179284,-122.345931
2081,"516 3RD AVE, Seattle, WA 98104, USA",47.6026438,-122.3305269
2082,"600 4TH AVE, SEATTLE, WA 98104, USA",47.6038904,-122.3300986
2083,"14818 INTERNATIONAL BLVD, #100, TUKWILA, WA 98168, USA",,
2084,"35317 314TH WAY SE, ENUMCLAW, WA 98022, USA",47.283408,-121.9259032
2085,"1722 BELLEVUE AVE, Seattle, WA 98122, USA",47.6170371,-122.3264422
2086,"200 WASHINGTON BLVD, ALGONA, WA 98001, USA",47.2778012,-122.2475496
2087,"100 3RD AVE SE, PACIFIC, WA 98047, USA",47.2642896,-122.2496137
2088,"1055 S GRADY WAY, RENTON, WA 98057, USA",47.4747318,-122.2047274
2089,"70 ANDOVER PARK W, TUKWILA, WA 98188, USA",47.4605734,-122.253806
2090,"6118 12TH AVE S, SEATTLE, WA 98108, USA",47.5481515,-122.3169044
2091,"10455 NE 5TH PL, 1, BELLEVUE, WA 98004, USA",,
2092,"12101 172nd AVE NE, REDMOND, WA 98052, USA",47.7083985,-122.1121372
2093,"3700 EAST VALLEY RD, RENTON, WA 98057, USA",47.4463702,-122.2174642
2094,"335 1st AVE SE, Issaquah, WA 98027, USA",47.5260069,-122.0350611
2095,"2645 S 298TH ST, FEDERAL WAY, WA 98003, USA",47.3346856,-122.2982377
2096,"918 SW 152ND ST, Seattle, WA 98166, USA",47.4668972,-122.3464134
2097,"15410 MAIN ST NE, D, Duvall, WA 98019, USA",,
2098,"2431 MAPLE VALLEY HWY, Renton, WA 98057, USA",47.4773759,-122.1867123
2099,"5511 15TH AVE S, SEATTLE, WA 98108, USA",47.5523007,-122.3148322
2100,"4864 BEACON AVE S, SEATTLE, WA 98108, USA",47.5590509,-122.3037395
2101,"2552 BEACON AVE S, SEATTLE, WA 98144, USA",47.5797412,-122.312325
2102,"8801 ROOSEVELT WAY NE, SEATTLE, WA 98115, USA",47.6922769,-122.3180011
2103,"21853 MARINE VIEW DR S, DES MOINES, WA 98198, USA",47.4064301,-122.3249263
2104,"5630 119TH AVE SE, BELLEVUE, WA 98006, USA",47.5518065,-122.1774672
2105,"1424 11th AVE, SEATTLE, WA 98122, USA",47.6137158,-122.3177532
2106,"2116 WESTERN AVE, SEATTLE, WA 98121, USA",47.6116138,-122.3452717
2107,"5458 SHILSHOLE AVE NW, SEATTLE, WA 98107, USA",47.6677456,-122.3863959
2108,"312 S LUCILE ST, SEATTLE, WA 98108, USA",47.5535365,-122.3304308
2109,"6420 24TH AVE NW, SEATTLE, WA 98107, USA",47.6755791,-122.387334
2110,"829 N 10TH ST, RENTON, WA 98057, USA",47.4976376,-122.2038913
2111," SEAT-TAC INT'L AIRPORT, #SS-5, SEATAC, WA 98158, USA",,
2112,"328 15th AVE E, Seattle, WA 98112, USA",47.621446,-122.3124398
2113,"400 Costco DR, TUKWILA, WA 98188, USA",47.4453494,-122.2487203
2114,"7725 188th AVE NE, REDMOND, WA 98052, USA",47.6742424,-122.091565
2115,"14021 AMBAUM BLVD SW, #101, BURIEN, WA 98166, USA",,
2116,"515 MADISON ST, Seattle, WA 98104, USA",47.6067805,-122.330801
2117,"14330 LAKE CITY WAY NE, 101, SEATTLE, WA 98125, USA",,
2118,"9601 NE 24TH ST, CLYDE HILL, WA 98004, USA",47.6308785,-122.2116045
2119,"17620 140TH AVE SE, C-7, RENTON, WA 98058, USA",,
2120,"1416 E OLIVE WAY, Seattle, WA 98122, USA",47.6176107,-122.3265717
2121,"6966 COAL CREEK PKWY, NEWCASTLE, WA 98059, USA",,
2122,"18415 International BLVD, SEATAC, WA 98188, USA",47.437742,-122.2964043
2123,"1301 6TH AVE, Seattle, WA 98101, USA",47.6093214,-122.3332427
2124,"4444 CALIFORNIA AVE SW, SEATTLE, WA 98116, USA",47.5633303,-122.3864957
2125,"16244 CLEVELAND ST, REDMOND, WA 98052, USA",47.6738625,-122.124015
2126,"101 Nickerson ST, 200, Seattle, WA 98109, USA",47.6484655,-122.3552835
2127,"1424 E PINE ST, SEATTLE, WA 98122, USA",47.6154471,-122.312964
2128,"1521 SW 98TH ST, D, SEATTLE, WA 98106, USA",,
2129,"9650 14TH AVE SW, SEATTLE, WA 98106, USA",47.5159159,-122.3534894
2130,"14338 124TH AVE NE, KIRKLAND, WA 98034, USA",47.7306956,-122.1748856
2131,"33130 PACIFIC HWY S, FEDERAL WAY, WA 98003, USA",47.3044292,-122.312631
2132,"4700 BROOKLYN AVE NE, Seattle, WA 98105, USA",47.6634292,-122.3138755
2133,"11028 NE 8TH ST, BELLEVUE, WA 98004, USA",47.6175431,-122.192833
2134,"728 SOUTHCENTER MALL, 1480, TUKWILA, WA 98188, USA",,
2135,"305 1ST AVE N, ALGONA, WA 98001, USA",47.2790174,-122.2512992
2136,"103 CHERRY ST, Seattle, WA 98104, USA",47.6025843,-122.3339216
2137,"8420 GREENWOOD AVE N, B, Seattle, WA 98103, USA",,
2138,"660 FRONT ST N, B, ISSAQUAH, WA 98027, USA",,
2139,"10035 MAIN ST, BOTHELL, WA 98011, USA",47.7599392,-122.2057995
2140,"14515 NE 20th ST, L, BELLEVUE, WA 98007, USA",,
2141,"2424 7TH AVE W, SEATTLE, WA 98119, USA",47.6406841,-122.3656146
2142,"12067 124TH AVE NE, KIRKLAND, WA 98034, USA",47.7067595,-122.1766558
2143,"1 LAKESHORE PLZ, KIRKLAND, WA 98033, USA",47.675605,-122.2080783
2144,"90 Andover Park W, Tukwila, WA 98188, USA",47.4605778,-122.25345
2145,"31827 MILITARY RD S, AUBURN, WA 98001, USA",47.3161681,-122.2846998
2146,"125 S 348TH ST, 101, Federal Way, WA 98003, USA",,
2147,"1907 10TH AVE W, SEATTLE, WA 98119, USA",47.6362491,-122.370557
2148,"211 LENORA ST, Seattle, WA 98121, USA",47.6124863,-122.3424244
2149,"905 8TH AVE, SEATTLE, WA 98104, USA",47.6073387,-122.3281984
2150,"904 7TH AVE, 101, SEATTLE, WA 98104, USA",,
2151,"613 9TH AVE, SEATTLE, WA 98104, USA",47.6059309,-122.3253983
2152,"3810 Airport WAY S, Seattle, WA 98108, USA",47.5695373,-122.3222657
2153,"3700 S HUDSON ST, SUITE C1, SEATTLE, WA 98118, USA",,
2154,"8525 Greenwood AVE N, Seattle, WA 98103, USA",47.6912893,-122.355524
2155,"4417 Wallingford AVE N, SEATTLE, WA 98103, USA",47.6609368,-122.3365662
2156,"5240 UNIVERSITY WAY NE, #B, Seattle, WA 98105, USA",47.6677094,-122.3128126
2157,"2430 S 319TH PL, FEDERAL WAY, WA 98003, USA",47.3165507,-122.301334
2158,"17848 GARDEN WAY NE, WOODINVILLE, WA 98072, USA",47.7569466,-122.1546657
2159,"17304 SOUTHCENTER PKWY, TUKWILA, WA 98188, USA",47.4484042,-122.2617468
2160,"504 RAMSAY WAY, 109, KENT, WA 98032, USA",,
2161,"7345 164TH AVE NE, I-123, REDMOND, WA 98052, USA",,
2162,"15600 NE 8TH ST, J-2, BELLEVUE, WA 98008, USA",,
2163,"6100 E LAKE SAMMAMISH PKWY SE, C, ISSAQUAH, WA 98029, USA",,
2164,"17017 SE 270TH PL, 114, COVINGTON, WA 98042, USA",,
2165,"7345 164th AVE NE, I-123, Redmond, WA 98052, USA",,
2166,"3910 FACTORIA SQUARE MALL SE, B9, BELLEVUE, WA 98006, USA",,
2167,"1429 12TH AVE, #B, SEATTLE, WA 98122, USA",,
2168,"526 2ND AVE, SEATTLE, WA 98104, USA",47.6022402,-122.332192
2169,"350 1ST AVE W, SEATTLE, WA 98119, USA",47.6219704,-122.3578701
2170,"11450 98TH AVE NE, Kirkland, WA 98033, USA",47.7035434,-122.2098276
2171,"4865 RAINIER AVE S, SEATTLE, WA 98118, USA",47.5581793,-122.2854376
2172,"3528 S FERDINAND ST, Seattle, WA 98118, USA",47.5582517,-122.2874904
2173,"1823 EASTLAKE AVE E, 160, SEATTLE, WA 98102, USA",47.6353221,-122.3255865
2174,"617 NW RICHMOND BEACH RD, SHORELINE, WA 98177, USA",47.7648447,-122.3643253
2175,"824 E PIKE ST, Seattle, WA 98122, USA",47.6142237,-122.3209901
2176,"19333 INTERNATIONAL BLVD, SEATAC, WA 98188, USA",47.429074,-122.2963015
2177,"12204 NE 124TH ST, KIRKLAND, WA 98034, USA",47.7095731,-122.1779738
2178,"1 16TH ST NE, Auburn, WA 98002, USA",47.3235588,-122.2297712
2179,"415 ELLINGSON RD, PACIFIC, WA 98047, USA",47.2717222,-122.2575765
2180,"22311 84TH AVE S, Kent, WA 98032, USA",47.4017509,-122.2288624
2181,"31622 PACIFIC HWY S, FEDERAL WAY, WA 98003, USA",47.3176583,-122.3110374
2182,"7200 FUN CENTER WAY, TUKWILA, WA 98188, USA",,
2183,"900 S 3RD ST, RENTON, WA 98057, USA",47.4797708,-122.2051066
2184,"1200 NE 112TH AVE, #C162, BELLEVUE, WA 98004, USA",,
2185,"2350 E UNION ST, SEATTLE, WA 98122, USA",47.6131269,-122.3016354
2186,"415 SENECA ST, Seattle, WA 98101, USA",47.6077653,-122.3333098
2187,"2212 S JACKSON ST, SEATTLE, WA 98144, USA",47.5995209,-122.3026691
2188,"1270 CARILLON PT, KIRKLAND, WA 98033, USA",47.6568768,-122.2075705
2189,"1201 2ND AVE, FLOOR 28, SEATTLE, WA 98101, USA",,
2190,"723 S CONCORD ST, SEATTLE, WA 98108, USA",47.5235052,-122.3243054
2191,"509 S 3RD ST, A, RENTON, WA 98057, USA",,
2192,"2046 WESTLAKE AVE N, 203, SEATTLE, WA 98109, USA",,
2193,"532 19TH AVE E, SEATTLE, WA 98112, USA",47.6240701,-122.3071717
2194,"135 S KING ST, SEATTLE, WA 98104, USA",47.5981384,-122.3325143
2195,"3460 156TH AVE NE, REDMOND, WA 98052, USA",47.6411671,-122.1315861
2196,"6800 35TH AVE NE, SEATTLE, WA 98115, USA",47.6780582,-122.2900568
2197,"3201 S 176TH ST, Seattle, WA 98188, USA",47.4442387,-122.2908319
2198,"5140 BALLARD AVE NW, Seattle, WA 98107, USA",47.6654648,-122.38188
2199,"5620 6TH AVE S, SEATTLE, WA 98108, USA",47.5519833,-122.3264304
2200,"1306 S KING ST, SEATTLE, WA 98144, USA",47.5984764,-122.3139293
2201,"12461 NE WOODINVILLE DR, WOODINVILLE, WA 98072, USA",47.753827,-122.1722232
2202,"4417 WALLINGFORD AVE N, B, Seattle, WA 98103, USA",47.6608652,-122.336399
2203,"907 NW BALLARD WAY, #100, Seattle, WA 98107, USA",47.6627903,-122.3692337
2204,"314 2ND AVE S, SEATTLE, WA 98104, USA",47.5995086,-122.331365
2205,"658 NE NORTHLAKE WAY, SEATTLE, WA 98105, USA",47.6546633,-122.321519
2206,"1914 OCCIDENTAL AVE S, SEATTLE, WA 98134, USA",47.5852072,-122.3327933
2207,"3201 4th AVE S, B, SEATTLE, WA 98134, USA",,
2208,"1222 S WELLER ST, A, SEATTLE, WA 98144, USA",,
2209,"14735 NE 145TH ST, WOODINVILLE, WA 98072, USA",47.7328652,-122.144418
2210,"1520 PIKE PL, Seattle, WA 98101, USA",47.6092405,-122.3412642
2211,"677 120TH AVE NE, BELLEVUE, WA 98005, USA",47.6162309,-122.1808153
2212,"33501 1st WAY S, FEDERAL WAY, WA 98003, USA",47.3004813,-122.3304856
2213,"925 SENECA ST, Seattle, WA 98101, USA",47.6099515,-122.3271989
2214,"2406 10TH AVE E, SEATTLE, WA 98102, USA",47.6415551,-122.3199005
2215,"8072 RAILROAD AVE SE, SNOQUALMIE, WA 98065, USA",47.528078,-121.8245273
2216,"7324 NE 175TH ST, A, KENMORE, WA 98028, USA",47.7566952,-122.2424902
2217,"1250 ALASKAN WAY, SEATTLE, WA 98101, USA",47.6059225,-122.3396606
2218,"15820 MAIN ST NE, Duvall, WA 98019, USA",47.7428446,-121.9854391
2219,"7755 SEAVIEW AVE NW, Seattle, WA 98117, USA",47.6855164,-122.4036693
2220,"601 SUMMIT AVE E, #103, Seattle, WA 98102, USA",,
2221,"2121 QUEEN ANNE AVE N, SEATTLE, WA 98109, USA",47.6378377,-122.3571242
2222,"27313 PACIFIC HWY S, FEDERAL WAY, WA 98003, USA",47.3565521,-122.3099344
2223,"4302 SW ALASKA ST, SEATTLE, WA 98116, USA",47.561274,-122.387089
2224,"2809 THORNDYKE AVE W, SEATTLE, WA 98199, USA",47.6451897,-122.3831284
2225,"591 BATTERY ST, SEATTLE, WA 98121, USA",47.6171966,-122.3435168
2226,"201 MERCER ST, SEATTLE, WA 98109, USA",47.6240332,-122.3524179
2227,"7404 GREENWOOD AVE N, SEATTLE, WA 98103, USA",47.6827682,-122.3551089
2228,"5609 CORSON AVE S, SEATTLE, WA 98108, USA",47.5519677,-122.320439
2229,"621 UNION ST, SEATTLE, WA 98101, USA",47.6103382,-122.3327365
2230,"601 BROADWAY E, Seattle, WA 98102, USA",47.6243734,-122.321133
2231,"4401 WALLINGFORD AVE N, SEATTLE, WA 98103, USA",47.6604268,-122.3363818
2232,"15600 NE 8TH ST, Q-1, BELLEVUE, WA 98008, USA",,
2233,"17801 INTERNATIONAL BLVD, NS-17, SEATAC, WA 98158, USA",,
2234,"4559 UNIVERSITY WAY NE, Seattle, WA 98105, USA",47.6629612,-122.3132789
2235,"21930 SE 51ST ST, ISSAQUAH, WA 98029, USA",47.556042,-122.0484721
2236,"730 LAKE DR, ISSAQUAH, WA 98027, USA",47.5465018,-122.0480505
2237,"2001 NW SAMMAMISH RD, ISSAQUAH, WA 98027, USA",47.5511842,-122.0652139
2238,"845 LAKE DR, ISSAQUAH, WA 98027, USA",47.547611,-122.0504783
2239,"1801 10TH AVE NW, Issaquah, WA 98027, USA",47.5512243,-122.0529513
2240,"400 COSTCO DR, TUKWILA, WA 98188, USA",47.4453494,-122.2487203
2241,"7725 188TH AVE NE, REDMOND, WA 98052, USA",47.6742424,-122.091565
2242,"1045 LAKE DR, ISSAQUAH, WA 98027, USA",47.5492511,-122.0517034
2243,"1605 NW SAMMAMISH RD, ISSAQUAH, WA 98027, USA",47.550899,-122.0619232
2244,"611 SW 152nd ST, BURIEN, WA 98166, USA",47.4665624,-122.3424159
2245,"15940 AVONDALE RD NE, WOODINVILLE, WA 98077, USA",47.7448125,-122.0786894
2246,"14366 WOODINVILLE-REDMOND RD NE, REDMOND, WA 98052, USA",47.7311442,-122.139692
2247,"1929 NW TALUS DR, ISSAQUAH, WA 98027, USA",47.5315006,-122.0645662
2248,"4630 167TH AVE SE, Bellevue, WA 98006, USA",47.5588359,-122.1177779
2249,"43529 228TH AVE SE, Enumclaw, WA 98022, USA",47.2103745,-122.037718
2250,"19333 NORTH CREEK PKWY, Bothell, WA 98011, USA",47.7677339,-122.1858657
2251,"3100 S 192ND ST, SEATTLE, WA 98188, USA",47.4315225,-122.2943346
2252,"10032 MAIN ST, BOTHELL, WA 98011, USA",47.7602128,-122.206202
2253,"11613 124TH AVE NE, KIRKLAND, WA 98034, USA",47.7044784,-122.176279
2254,"3015 BEACON AVE S, SEATTLE, WA 98144, USA",47.5764982,-122.3100579
2255,"4455 148TH AVE NE, Bellevue, WA 98007, USA",47.6515,-122.1452087
2256,"612 2ND AVE, SEATTLE, WA 98104, USA",47.6027513,-122.332689
2257,"925 WESTLAKE AVE, Seattle, WA 98109, USA",47.627825,-122.3407428
2258,"31910 GATEWAY CENTER BLVD S, FEDERAL WAY, WA 98003, USA",47.3158443,-122.2996003
2259,"11215 NE 124TH ST, KIRKLAND, WA 98034, USA",47.7107482,-122.1908502
2260,"16038 W VALLEY HWY, Seattle, WA 98188, USA",,
2261,"400 ANDOVER PKWY W, TUKWILA, WA 98188, USA",,
2262,"11010 NE 8TH ST, BELLEVUE, WA 98004, USA",47.6178211,-122.1933548
2263,"9150 FORTUNA DR, Mercer Island, WA 98040, USA",47.5819865,-122.2144414
2264,"27116 167TH PL SE, #116, COVINGTON, WA 98042, USA",,
2265,"18580 142nd AVE NE, WOODINVILLE, WA 98072, USA",47.7621444,-122.1501805
2266,"25811 156TH AVE SE, COVINGTON, WA 98042, USA",47.3710574,-122.1350199
2267,"2737 172ND AVE SE, 115, COVINGTON, WA 98042, USA",,
2268,"201 A ST SE, Auburn, WA 98002, USA",47.3053682,-122.2289368
2269,"6331 S 212TH ST, KENT, WA 98032, USA",47.4114904,-122.2555125
2270,"421 1ST AVE S, SEATTLE, WA 98104, USA",47.5985061,-122.3344257
2271,"8300 GREENWOOD AVE N, 1, SEATTLE, WA 98103, USA",,
2272,"123 N 85TH ST, SEATTLE, WA 98103, USA",47.6904644,-122.3568921
2273,"31830 PACIFIC HWY S, K, FEDERAL WAY, WA 98003, USA",,
2274,"3303 156TH AVE SE, BELLEVUE, WA 98007, USA",47.5807808,-122.1363386
2275,"2 LAKE BELLEVUE DR, Bellevue, WA 98005, USA",47.6189653,-122.1808147
2276,"709 N 35TH ST, Seattle, WA 98103, USA",47.6502979,-122.349338
2277,"5605 22ND AVE NW, B, SEATTLE, WA 98107, USA",,
2278,"1430 HARVARD AVE 20, Seattle, WA 98122, USA",,
2279,"4506 17TH AVE NE, SEATTLE, WA 98105, USA",47.6615575,-122.3092175
2280,"10825 SE PETROVITSKY RD, Renton, WA 98055, USA",47.4450558,-122.1957362
2281,"1645 140th AVE NE, B6, BELLEVUE, WA 98005, USA",,
2282,"21022 108TH AVE SE, KENT, WA 98031, USA",47.4136998,-122.1959174
2283,"1000 NE 66TH ST, SEATTLE, WA 98115, USA",47.6767383,-122.3171638
2284,"9447 RAINIER AVE S, SEATTLE, WA 98118, USA",47.5199213,-122.263217
2285,"247 PARK AVE N, RENTON, WA 98057, USA",47.4863928,-122.2025601
2286,"9826 16TH AVE SW, SEATTLE, WA 98106, USA",47.5147733,-122.3549374
2287,"31871 GATEWAY CENTER BLVD S, Federal Way, WA 98003, USA",47.316899,-122.301022
2288,"701 8TH AVE S, SEATTLE, WA 98104, USA",47.5964613,-122.3227265
2289,"5131 S DIRECTOR ST, SEATTLE, WA 98118, USA",47.5215824,-122.2686562
2290,"32034 23RD AVE S, Federal Way, WA 98003, USA",47.3139569,-122.3030304
2291,"12954 SE KENT KANGLEY RD, KENT, WA 98030, USA",47.3600891,-122.1666254
2292,"9433 RAINIER AVE S, SEATTLE, WA 98118, USA",47.5198793,-122.2636107
2293,"153 14th AVE, Seattle, WA 98122, USA",47.602808,-122.314587
2294,"26843 MAPLE VALLEY BLK DIAMOND RD, MAPLE VALLEY, WA 98038, USA",,
2295,"309 S CLOVERDALE ST, 15/16, SEATTLE, WA 98108, USA",,
2296,"20777 SE 16th ST, SAMMAMISH, WA 98075, USA",47.5939937,-122.0635007
2297,"18200 WOODINVILLE/SNOHOMISH RD NE, WOODINVILLE, WA 98072, USA",,
2298,"18151 140TH AVE NE, WOODINVILLE, WA 98072, USA",47.7593943,-122.1530242
2299,"22341 MARINE VIEW DR S, D, DES MOINES, WA 98198, USA",,
2300,"93 PIKE ST, #204, SEATTLE, WA 98101, USA",47.6083642,-122.3400773
2301,"7325 166TH AVE NE, F 145, REDMOND, WA 98052, USA",,
2302,"16505 5TH AVE NE, SHORELINE, WA 98155, USA",47.749032,-122.3242906
2303,"25225 180TH AVE SE, Kent, WA 98042, USA",,
2304,"1210 AUBURN WAY N, E, AUBURN, WA 98002, USA",,
2305,"350 N 190TH ST, SHORELINE, WA 98133, USA",47.766003,-122.3565728
2306,"11251 120TH AVE NE, #110, KIRKLAND, WA 98033, USA",,
2307,"102 KIRKLAND AVE, Kirkland, WA 98033, USA",47.6756635,-122.2063636
2308,"1383 SOUTHCENTER MALL, 100, TUKWILA, WA 98188, USA",,
2309,"1158 BROADWAY, SEATTLE, WA 98122, USA",47.6116672,-122.3206394
2310,"26285 238TH LN SE, MAPLE VALLEY, WA 98038, USA",47.3654639,-122.0235895
2311,"11825 TRILOGY PKWY NE, REDMOND, WA 98053, USA",47.712327,-122.0306406
2312,"42810 264TH AVE SE, ENUMCLAW, WA 98022, USA",47.217169,-121.9887197
2313,"900 160TH AVE NE, 3, BELLEVUE, WA 98008, USA",47.6180099,-122.127306
2314,"16000 NE 10TH ST, Bellevue, WA 98008, USA",47.6193715,-122.127787
2315,"15600 NE 8TH ST, 16, BELLEVUE, WA 98008, USA",,
2316,"15625 NE 8TH ST, BELLEVUE, WA 98008, USA",47.616918,-122.1319231
2317,"15600 NE 8TH ST, #18, BELLEVUE, WA 98008, USA",,
2318,"23330 MAPLE VALLEY BLK DIAMOND RD SE, C, MAPLE VALLEY, WA 98038, USA",,
2319,"101 SW 41ST ST, C, RENTON, WA 98057, USA",,
2320,"1113 6TH AVE, Seattle, WA 98101, USA",47.6080972,-122.3321215
2321,"21830 MARINE VIEW DR S, Des Moines, WA 98198, USA",47.4062708,-122.3242841
2322,"1812 S 320TH ST, B, FEDERAL WAY, WA 98003, USA",,
2323,"13930 NE MILL PL NE, 110, WOODINVILLE, WA 98072, USA",47.7582953,-122.1535634
2324,"14855 MAIN ST, BELLEVUE, WA 98007, USA",47.6095793,-122.141611
2325,"815 N 10TH PL, 815-E, Renton, WA 98057, USA",,
2326,"16915 SE 272ND ST, COVINGTON, WA 98042, USA",47.3564552,-122.11611
2327,"1520 HIGHLANDS DR NE, 110, ISSAQUAH, WA 98029, USA",,
2328,"1503 1ST AVE, Seattle, WA 98101, USA",47.6089676,-122.3403898
2329,"1117 1st AVE, SEATTLE, WA 98101, USA",47.6057834,-122.337534
2330,"223 SW 152ND ST, BURIEN, WA 98166, USA",47.4666437,-122.3374992
2331,"2315 N 45TH ST, SEATTLE, WA 98103, USA",47.6612667,-122.3306601
2332,"1533 13TH AVE, SEATTLE, WA 98122, USA",47.6149435,-122.3161591
2333,"111 NE NORTHLAKE WAY, SEATTLE, WA 98105, USA",47.6528445,-122.3272531
2334,"27201 PACIFIC HWY S, FEDERAL WAY, WA 98003, USA",47.357788,-122.309259
2335,"7418 GREENWOOD AVE N, SEATTLE, WA 98103, USA",47.6831258,-122.354938
2336,"916 E PIKE ST, Seattle, WA 98122, USA",47.6142159,-122.3199026
2337,"15904 MAIN ST NE, DUVALL, WA 98019, USA",47.7432905,-121.9854182
2338,"31302 SE 354TH ST, ENUMCLAW, WA 98022, USA",47.2831435,-121.9268619
2339,"1605 S 93RD ST, EA, SEATTLE, WA 98108, USA",,
2340,"1102 E PIKE ST, SEATTLE, WA 98122, USA",47.6142404,-122.3177809
2341,"1 W NICKERSON, SEATTLE, WA 98119, USA",47.6508023,-122.3606631
2342,"2206 B CALIFORNIA AVE SW, SEATTLE, WA 98116, USA",47.5781091,-122.3866773
2343,"10415 SE 240TH ST, KENT, WA 98031, USA",47.3867461,-122.2012575
2344,"8463 S 212TH ST, KENT, WA 98031, USA",47.4114406,-122.2263861
2345,"2118 NE 65TH ST, SEATTLE, WA 98115, USA",47.675906,-122.304299
2346,"25666 104TH AVE SE, KENT, WA 98030, USA",47.3708992,-122.2018211
2347,"2001 WESTERN AVE, Seattle, WA 98121, USA",47.6105082,-122.3444663
2348,"2100 N 45TH ST, SEATTLE, WA 98103, USA",47.6615781,-122.3333778
2349,"10116 NE 8TH ST, BELLEVUE, WA 98004, USA",47.6186348,-122.2053667
2350,"117 SW 160TH ST, BURIEN, WA 98166, USA",47.4593677,-122.3352439
2351,"15 BELLEVUE WAY, #110, BELLEVUE, WA 98004, USA",,
2352,"33520 21ST AVE SW, FEDERAL WAY, WA 98023, USA",47.3012648,-122.3601753
2353,"2438 32ND AVE W, SEATTLE, WA 98199, USA",47.6408414,-122.3981635
2354,"503 WESTLAKE AVE N, SEATTLE, WA 98109, USA",47.6233554,-122.3385668
2355,"5217 CALIFORNIA AVE SW, Seattle, WA 98136, USA",47.5556545,-122.3875003
2356,"4706 42ND AVE SW, SEATTLE, WA 98116, USA",47.5606819,-122.3848038
2357,"2345 42ND AVE SW, SEATTLE, WA 98116, USA",47.5820522,-122.3855092
2358,"2345 RAINIER AVE S, SEATTLE, WA 98144, USA",47.5815778,-122.3011735
2359,"1929 QUEEN ANNE AVE N, SEATTLE, WA 98109, USA",47.6367851,-122.3573432
2360,"3023 78TH AVE SE, MERCER ISLAND, WA 98040, USA",47.5826234,-122.2343093
2361,"18022 68TH AVE NE, KENMORE, WA 98028, USA",47.7591986,-122.2489923
2362,"8862 161ST AVE NE, 102, REDMOND, WA 98052, USA",,
2363,"653 156TH AVE NE, BELLEVUE, WA 98008, USA",47.6157328,-122.132513
2364,"531 QUEEN ANNE AVE N, SEATTLE, WA 98109, USA",47.6244467,-122.3569192
2365,"10712 SE CARR RD, RENTON, WA 98055, USA",47.4456766,-122.1977011
2366,"1514 NW LEARY WAY, SEATTLE, WA 98107, USA",47.6638736,-122.3770463
2367,"2421 1ST AVE, Seattle, WA 98121, USA",47.6144678,-122.3486874
2368,"22310 NE MARKETPLACE DR, 102, REDMOND, WA 98053, USA",,
2369,"4001 CALIFORNIA AVE SW, Seattle, WA 98116, USA",47.5682365,-122.3873323
2370,"18002 15TH AVE NE, 1, SHORELINE, WA 98155, USA",,
2371,"1101 OUTLET COLLECTION WAY SW, #1141, AUBURN, WA 98001, USA",,
2372,"720 LIND AVE SW, RENTON, WA 98057, USA",47.4729939,-122.2224264
2373,"820 PIKE ST, SEATTLE, WA 98101, USA",47.6125994,-122.33146
2374,"8300 RAINIER AVE S, SEATTLE, WA 98118, USA",47.528966,-122.269769
2375,"33100 PACIFIC HWY S, #5, Federal Way, WA 98003, USA",,
2376,"3703 150TH AVE SE, BELLEVUE, WA 98006, USA",47.5767266,-122.1407853
2377,"2001 4TH AVE, Seattle, WA 98121, USA",47.61308,-122.340252
2378,"3310 AUBURN WAY N, AUBURN, WA 98002, USA",47.3365478,-122.2214363
2379,"23525 SE 436TH ST, ENUMCLAW, WA 98022, USA",47.2097725,-122.0273529
2380,"20900 108TH AVE SE, KENT, WA 98031, USA",47.4140766,-122.196775
2381,"15301 NE 90TH ST, REDMOND, WA 98052, USA",47.6806553,-122.1354883
2382,"93 PIKE ST, Seattle, WA 98101, USA",47.6085956,-122.3402705
2383,"18333 BOTHELL WAY NE, 103, BOTHELL, WA 98011, USA",,
2384,"5963 CORSON AVE S, Seattle, WA 98108, USA",47.5479109,-122.3220334
2385,"14310 AMBAUM BLVD SW, BURIEN, WA 98166, USA",47.4743302,-122.3469282
2386,"425 ELLINGSON RD, PACIFIC, WA 98047, USA",47.2723239,-122.25785
2387,"902 AUBURN WAY S, AUBURN, WA 98002, USA",47.3003462,-122.2227292
2388,"22911 NE 4TH ST, SAMMAMISH, WA 98074, USA",47.6126977,-122.0339393
2389,"10004 NE 137TH ST, KIRKLAND, WA 98034, USA",47.7232499,-122.2073104
2390,"17831 131ST AVE NE, Woodinville, WA 98072, USA",47.7571854,-122.1653151
2391,"23924 SE KENT KANGLEY RD, Maple Valley, WA 98038, USA",47.361661,-122.0216328
2392,"25206 104TH AVE SE, KENT, WA 98030, USA",47.3760108,-122.2018631
2393,"1101 OUTLET COLLECTION WAY SW, 1175, AUBURN, WA 98001, USA",,
2394,"19918 68TH AVE S, KENT, WA 98032, USA",47.4232301,-122.2493235
2395,"9988 15TH AVE SW, SEATTLE, WA 98146, USA",47.513967,-122.3530624
2396,"14810 NE 24TH ST, Redmond, WA 98052, USA",47.6325836,-122.1424275
2397,"116 1ST AVE S, SEATTLE, WA 98104, USA",47.6011107,-122.3339605
2398,"3101 W JAMESON ST, SEATTLE, WA 98199, USA",47.659881,-122.397739
2399,"14467 WOODINVILLE REDMOND RD NE, WOODINVILLE, WA 98072, USA",47.7324632,-122.1419326
2400,"18746 142ND AVE NE, WOODINVILLE, WA 98072, USA",47.7634479,-122.1502051
2401,"80 FRONT ST N, 1, ISSAQUAH, WA 98027, USA",,
2402,"13112 NE 20TH ST, 300, BELLEVUE, WA 98005, USA",,
2403,"677 156TH AVE SE, C4, BELLEVUE, WA 98007, USA",,
2404,"24118 BOTHELL EVERETT HWY, E100, BOTHELL, WA 98021, USA",,
2405,"1221 S MAIN ST, #101, SEATTLE, WA 98144, USA",,
2406,"7821 STONE AVE N, SEATTLE, WA 98103, USA",47.6862208,-122.3428689
2407,"11310 SE 248TH ST, Kent, WA 98030, USA",47.3803329,-122.1902454
2408,"808 HOWELL ST, 200, SEATTLE, WA 98101, USA",,
2409,"809 FAIRVIEW PL N, SEATTLE, WA 98109, USA",47.6267123,-122.3348787
2410,"10500 NE 8TH ST, BELLEVUE, WA 98004, USA",47.6181038,-122.2004609
2411,"200 LAKE WASHINGTON BLVD, Seattle, WA 98122, USA",47.6029708,-122.2841985
2412,"2707 78TH AVE SE, Mercer Island, WA 98040, USA",47.5862152,-122.2340965
2413,"936 NE PARK DR, #103, ISSAQUAH, WA 98029, USA",,
2414,"10920 WHITMAN AVE N, SEATTLE, WA 98133, USA",47.7085427,-122.3458498
2415,"1417 ELLIOTT AVE W, SEATTLE, WA 98119, USA",47.6306513,-122.3742762
2416,"25006 PACIFIC HWY S, KENT, WA 98032, USA",47.3777084,-122.2992441
2417,"604 228TH AVE NE, SAMMAMISH, WA 98074, USA",47.6147976,-122.033709
2418,"4308 SW ALASKA ST, SEATTLE, WA 98116, USA",47.5612361,-122.3872511
2419,"14450 WOODINVILLE-REDMOND RD NE, 105, WOODINVILLE, WA 98072, USA",,
2420,"15101 MAIN ST NE, Duvall, WA 98019, USA",47.7402637,-121.9861791
2421,"7936 RAILROAD AVE SE, SNOQUALMIE, WA 98065, USA",47.5296602,-121.8256737
2422,"8505 GREENWOOD AVE N, SEATTLE, WA 98103, USA",47.6908187,-122.355516
2423,"300 OCCIDENTAL AVE S, SEATTLE, WA 98104, USA",47.5999224,-122.332691
2424,"18041 AURORA AVE N, SHORELINE, WA 98133, USA",47.760651,-122.3468708
2425,"1651 N 34TH ST, SEATTLE, WA 98103, USA",47.6479339,-122.3377612
2426,"1015 ANDOVER PARK E, TUKWILA, WA 98188, USA",47.4476891,-122.2514108
2427,"1600 SW 312TH ST, Federal Way, WA 98023, USA",47.3226312,-122.3554517
2428,"1618 SW DASH POINT RD, FEDERAL WAY, WA 98023, USA",47.3235651,-122.3566815
2429,"2424 S 320th ST, FEDERAL WAY, WA 98003, USA",47.3159232,-122.3017908
2430,"1101 OUTLET COLLECTION WAY SW, #1057, AUBURN, WA 98001, USA",,
2431,"11639 NE 4TH ST, BELLEVUE, WA 98004, USA",47.6123982,-122.1852514
2432,"1200 E PIKE ST, 101, SEATTLE, WA 98122, USA",,
2433,"1701 S COMMONS, Federal Way, WA 98003, USA",47.3135102,-122.311745
2434,"16502 Cleveland ST, Redmond, WA 98052, USA",47.6726343,-122.1203007
2435,"23836 222ND PL SE, 106, MAPLE VALLEY, WA 98038, USA",,
2436,"28120 WA-410 E, A4, BUCKLEY, WA 98321, USA",,
2437,"524 1ST AVE S, Seattle, WA 98104, USA",47.5977476,-122.333939
2438,"2304 S EDDY ST, SEATTLE, WA 98108, USA",47.5457924,-122.3037839
2439,"19527 AURORA AVE N, SHORELINE, WA 98133, USA",47.7713429,-122.3465756
2440,"1521 D ST NE, AUBURN, WA 98002, USA",47.3218862,-122.2254626
2441,"19015 INTENATIONAL BLVD, SEATAC, WA 98188, USA",,
2442,"9100 AURORA AVE N, SEATTLE, WA 98103, USA",47.6950978,-122.3437059
2443,"13050 48TH AVE S, TUKWILA, WA 98168, USA",47.4857229,-122.2691338
2444,"400 Fairview AVE N, 102, SEATTLE, WA 98109, USA",,
2445,"14505 NE 20th ST, Q, BELLEVUE, WA 98007, USA",,
2446,"114 1ST AVE S, SEATTLE, WA 98104, USA",47.6011543,-122.3339605
2447,"914 JAMES ST, Seattle, WA 98104, USA",47.6061017,-122.3241723
2448,"2820 S ORCAS ST, SEATTLE, WA 98108, USA",47.5522762,-122.2960548
2449,"18803 STONE AVE N, SHORELINE, WA 98133, USA",47.7656961,-122.3426584
2450,"7711 43RD AVE NE, SEATTLE, WA 98115, USA",47.6856109,-122.2826318
2451,"2800 SW 320TH ST, FEDERAL WAY, WA 98023, USA",47.31688,-122.3687959
2452,"620 LENORA ST, SEATTLE, WA 98121, USA",47.615603,-122.3393252
2453,"6235 AIRPORT WAY S, 101, SEATTLE, WA 98108, USA",,
2454,"3756 RAINIER AVE S, SEATTLE, WA 98144, USA",47.5700427,-122.2904794
2455,"1510 1st, seattle, WA 98101, USA",47.6091809,-122.3400745
2456,"633 SW 152nd ST, BURIEN, WA 98166, USA",47.466666,-122.3433276
2457,"1305 S LANDER ST, SEATTLE, WA 98144, USA",47.5792781,-122.3157067
2458,"34528 16TH AVE S, FEDERAL WAY, WA 98003, USA",47.2917621,-122.3128729
2459,"24811 PACIFIC HWY S, 303, KENT, WA 98032, USA",,
2460,"1415 NW 70TH ST, SEATTLE, WA 98117, USA",47.6794479,-122.3748134
2461,"1435 1ST AVE, SEATTLE, WA 98101, USA",47.608161,-122.3395534
2462,"9450 NE 14th ST, CLYDE HILL, WA 98004, USA",47.6242457,-122.2125701
2463,"202 OCCIDENTAL AVE S, Seattle, WA 98104-3120, USA",47.6007289,-122.3326611
2464,"300 5TH AVE, #150, SEATTLE, WA 98104, USA",,
2465,"601 108TH AVE NE, BELLEVUE, WA 98004, USA",47.6160378,-122.1967548
2466,"318 BLANCHARD ST, SEATTLE, WA 98121, USA",47.6143716,-122.3431513
2467,"200 UNIVERSITY ST, SEATTLE, WA 98101, USA",47.6081167,-122.3369704
2468,"14300 NE 145TH ST, WOODINVILLE, WA 98072, USA",47.7345392,-122.149421
2469,"4601 26th AVE NE, Seattle, WA 98105, USA",47.661845,-122.300048
2470,"5701 RAINIER AVE S, SEATTLE, WA 98118, USA",47.5509452,-122.2778134
2471,"2701 15TH AVE S, SEATTLE, WA 98144, USA",47.579348,-122.313496
2472,"3861 DELRIDGE WAY SW, Seattle, WA 98106, USA",47.5685935,-122.3637663
2473,"5235 DELRIDGE WAY SW, Seattle, WA 98106, USA",47.5538664,-122.3632859
2474,"9001 DELRIDGE WAY SW, SEATTLE, WA 98106, USA",47.5225908,-122.3602475
2475,"17801 INTERNATIONAL BLVD, A, SEATAC, WA 98158, USA",,
2476,"4527 21ST AVE NE, Seattle, WA 98105, USA",47.6621657,-122.305791
2477,"2012 NE 45TH ST, Seattle, WA 98105, USA",47.6615436,-122.3058971
2478,"4524 19TH AVE NE, Seattle, WA 98105, USA",47.6619738,-122.3068879
2479,"4508 19TH AVE NE, Seattle, WA 98105, USA",47.6616666,-122.3069276
2480,"4535 18TH AVE NE, SEATTLE, WA 98105, USA",47.6623311,-122.3087025
2481,"625 BROADWAY E, Seattle, WA 98102, USA",47.6250278,-122.3211759
2482,"17703 ALPENTAL ACCESS RD SE, SNOQUALMIE PASS, WA 98068, USA",,
2483,"34726 16TH AVE S, Federal Way, WA 98003, USA",47.2901158,-122.3128874
2484,"2762 4TH AVE S, Seattle, WA 98134, USA",47.577981,-122.3287152
2485,"14821 1ST AVE S, BURIEN, WA 98168, USA",47.469857,-122.3342436
2486,"18623 INTERNATIONAL BLVD, SEATAC, WA 98188, USA",47.4356983,-122.2962843
2487,"1246 N CENTRAL AVE, Kent, WA 98032, USA",47.3971586,-122.2273492
2488,"17206 INTERNATIONAL BLVD, SEATTLE, WA 98188, USA",,
2489,"521 AUBURN WAY S, Auburn, WA 98002, USA",47.3023539,-122.2262774
2490,"2233 6th AVE S, SEATTLE, WA 98134, USA",47.5822909,-122.3272239
2491,"723 9TH AVE, D, KIRKLAND, WA 98033, USA",47.6819133,-122.1940802
2492,"22302 MARINE VIEW DR S, DES MOINES, WA 98198, USA",47.4017105,-122.3242429
2493,"23801 16TH AVE S, DES MOINES, WA 98198, USA",47.3883548,-122.3137276
2494,"820 KENT DES MOINES RD, DES MOINES, WA 98198, USA",47.3971735,-122.3229775
2495,"25205 8TH PL S, DES MOINES, WA 98198, USA",47.3755186,-122.3237552
2496,"18732 142ND AVE NE, WOODINVILLE, WA 98072, USA",47.7633376,-122.1502045
2497,"16415 NE 6TH ST, BELLEVUE, WA 98008, USA",47.614976,-122.1206401
2498,"7844 LEARY WAY, REDMOND, WA 98052, USA",47.6735746,-122.1229096
2499,"1624 145TH PL SE, BELLEVUE, WA 98007, USA",47.5956287,-122.1491183
2500,"2115 QUEEN ANNE AVE N, Seattle, WA 98109, USA",47.637716,-122.3571242
2501,"304 105TH AVE NE, BELLEVUE, WA 98004, USA",47.6128035,-122.1997964
2502,"13600 NE 126TH PL, D, KIRKLAND, WA 98034, USA",47.7145912,-122.1588798
2503,"12722 SE 312TH ST, K, AUBURN, WA 98092, USA",,
2504,"1320 UNIVERSITY ST, 1, SEATTLE, WA 98101, USA",47.6128824,-122.3240874
2505,"409 8TH AVE S, SEATTLE, WA 98104, USA",47.5988484,-122.3228462
2506,"32632 3RD AVE, Black Diamond, WA 98010, USA",47.3083066,-122.002871
2507,"1101 POST ALY, SEATTLE, WA 98101, USA",47.6099465,-122.3417871
2508,"1031 14TH ST NE, AUBURN, WA 98002, USA",47.3209986,-122.2162523
2509,"24220 PACIFIC HWY S, KENT, WA 98032, USA",47.3843424,-122.2963079
2510,"9208 HOLMAN RD NW, Seattle, WA 98117, USA",47.6964134,-122.3716892
2511,"12325 30TH AVE NE, Seattle, WA 98125, USA",47.7182099,-122.2969347
2512,"111 NE 45TH ST, SEATTLE, WA 98105, USA",47.6610617,-122.3278129
2513,"12325 30TH AVE NE, SEATTLE, WA 98125, USA",47.7182099,-122.2969347
2514,"115 BROADWAY E, SEATTLE, WA 98102, USA",47.6193196,-122.3211927
2515,"32048 PACIFIC HWY S, FEDERAL WAY, WA 98003, USA",47.3138018,-122.3130216
2516,"500 QUEEN ANNE AVE N, Seattle, WA 98109, USA",47.6234388,-122.3563933
2517,"15600 NE 8TH ST, UNIT O1, BELLEVUE, WA 98008, USA",,
2518,"14150 NE 20TH ST, #E, BELLEVUE, WA 98007, USA",47.6277972,-122.1208748
2519,"6106 ROOSEVELT WAY NE, SEATTLE, WA 98115, USA",47.6730045,-122.317208
2520,"1413 14TH AVE, Seattle, WA 98122, USA",47.6133645,-122.3144509
2521,"9931 WILLOWS RD NE, Redmond, WA 98052, USA",47.6888944,-122.1506732
2522,"1450 114TH AVE SE, 120, Bellevue, WA 98004, USA",,
2523,"18251 CASCADE AVE S, Tukwila, WA 98188, USA",47.4388654,-122.249186
2524,"10900 NE 8TH ST, BELLEVUE, WA 98004, USA",47.6180684,-122.1941741
2525,"17801 INTERNATIONAL BLVD, CT-3, SEATAC, WA 98158, USA",,
2526,"11400 SE 8TH ST, BELLEVUE, WA 98004, USA",47.6022205,-122.188212
2527,"1224 1ST AVE, SEATTLE, WA 98101, USA",47.6068071,-122.3378903
2528,"11701 124TH AVE NE, KIRKLAND, WA 98034, USA",47.7049084,-122.176228
2529,"4092 FACTORIA SQUARE MALL SE, BELLEVUE, WA 98006, USA",47.5738854,-122.1702309
2530,"4860 BEACON AVE S, Seattle, WA 98108, USA",47.5590892,-122.303972
2531,"617 S JACKSON ST S, SEATTLE, WA 98104, USA",47.5992105,-122.3313097
2532,"6275 S 143rd PL, TUKWILA, WA 98168, USA",47.4742796,-122.2554319
2533,"11729 124TH AVE NE, Kirkland, WA 98034, USA",47.7055249,-122.1768455
2534,"2033 6TH AVE, Seattle, WA 98121, USA",47.6145805,-122.3391523
2535,"12320 80TH AVE S, Seattle, WA 98178, USA",47.4923252,-122.2315617
2536,"10455 NE 8TH ST, BELLEVUE, WA 98004, USA",47.6167735,-122.2009147
2537,"2800 SOUTHCENTER MALL, 712, TUKWILA, WA 98188, USA",,
2538,"600 PINE ST, 403, SEATTLE, WA 98101, USA",,
2539,"2621 NE 46TH ST, SEATTLE, WA 98105, USA",47.6615873,-122.299554
2540,"6030 M L KING JR WAY S, SEATTLE, WA 98118, USA",,
2541,"321 RAMSAY WAY, #102, KENT, WA 98032, USA",,
2542,"4725 UNIVERSITY WAY NE, Seattle, WA 98105, USA",47.6638406,-122.3133253
2543,"9712 NE 119TH WAY, KIRKLAND, WA 98034, USA",47.7067122,-122.2122723
2544,"2002 S COMMONS, 2, FEDERAL WAY, WA 98003, USA",,
2545,"6101 15TH AVE NW, Seattle, WA 98107, USA",47.6732811,-122.3765474
2546,"1800 NE 44TH ST, 101, RENTON, WA 98056, USA",,
2547,"1524 E OLIVE WAY, SEATTLE, WA 98122, USA",47.6183874,-122.3259287
2548,"9007 S 19TH ST, TACOMA, WA 98466, USA",47.2435441,-122.5569187
2549,"1250 1ST AVE S, SEATTLE, WA 98134, USA",47.5913974,-122.332507
2550,"515 S WELLER ST, SEATTLE, WA 98104, USA",47.5974076,-122.3271288
2551,"2715 W FORT ST, SEATTLE, WA 98199, USA",47.6611005,-122.3917378
2552,"13720 PACIFIC AVE S, TACOMA, WA 98444, USA",47.1317774,-122.4351718
2553,"2300 228TH AVE SE, SAMMAMISH, WA 98075, USA",47.5892197,-122.033766
2554,"3103 W JAMESON ST, Seattle, WA 98199, USA",47.6598834,-122.397941
2555,"1702 AUBURN WAY N, B, Auburn, WA 98092, USA",,
2556,"2800 1ST AVE, Seattle, WA 98121, USA",47.6167184,-122.3517428
2557,"970 DENNY WAY, SEATTLE, WA 98109, USA",47.6186133,-122.3376551
2558,"509 9TH AVE, SEATTLE, WA 98104, USA",47.6049735,-122.324695
2559,"14419 GREENWOOD AVE N, SEATTLE, WA 98133, USA",47.7338252,-122.3560761
2560,"401 5TH AVE, SEATTLE, WA 98104, USA",47.6025411,-122.3285812
2561,"10555 GREENWOOD AVE N, SEATTLE, WA 98133, USA",47.7067423,-122.3558973
2562,"6728 NE 181ST ST, KENMORE, WA 98028, USA",47.7597221,-122.25011
2563,"7916 GREENWOOD AVE N, SEATTLE, WA 98103, USA",47.6864145,-122.3551782
2564,"4612 STONE WAY N, A, SEATTLE, WA 98103, USA",,
2565,"202 W Gowe ST, KENT, WA 98032, USA",47.3807826,-122.2339635
2566,"8856 35TH AVE SW, SEATTLE, WA 98126, USA",47.5230791,-122.3762062
2567,"9800 NE 116TH ST, KIRKLAND, WA 98034, USA",47.7044307,-122.2099773
2568,"2288 NE DISTRICT WAY, 125, BELLEVUE, WA 98005, USA",,
2569,"12561 116TH AVE NE, KIRKLAND, WA 98034, USA",47.7127705,-122.186982
2570,"6973 COAL CREEK PKWY SE, NEWCASTLE, WA 98059, USA",47.538266,-122.166643
2571,"264 NE 45TH ST, SEATTLE, WA 98105, USA",47.6614956,-122.3254124
2572,"3300 4th AVE S, A, SEATTLE, WA 98134, USA",,
2573,"2516 ALKI AVE SW, Seattle, WA 98116, USA",47.5807773,-122.405959
2574,"12912 SE KENT KANGLEY RD, KENT, WA 98030, USA",47.3594754,-122.1690283
2575,"2305 6TH AVE, 2S, SEATTLE, WA 98121, USA",,
2576,"1015 108TH AVE NE, BELLEVUE, WA 98004, USA",47.6194585,-122.196556
2577,"4106 STONE WAY N, 103, SEATTLE, WA 98103, USA",47.6572817,-122.3421184
2578,"1053 LAKE WASHINGTON BLVD N, RENTON, WA 98056, USA",47.5029024,-122.2054583
2579,"1102 N 34TH ST, Seattle, WA 98103, USA",47.6488884,-122.3437903
2580,"5800 4TH AVE S, B, SEATTLE, WA 98108, USA",,
2581,"707 E PIKE ST, 1, SEATTLE, WA 98101, USA",,
2582,"1520 4TH AVE, Seattle, WA 98101, USA",47.611022,-122.3367461
2583,"11020 NE 6TH ST, #90, BELLEVUE, WA 98004, USA",,
2584,"917 SW 152ND ST, BURIEN, WA 98166, USA",47.4666664,-122.3466605
2585,"5131 S Director St, Seattle, WA 98118, USA",47.5215824,-122.2686562
2586,"6524 NE 181ST ST, #10, KENMORE, WA 98028, USA",47.7602984,-122.252311
2587,"202 E MAIN ST, AUBURN, WA 98002, USA",47.3073176,-122.2272357
2588,"310 WASHINGTON AVE S, KENT, WA 98032, USA",47.3792028,-122.2460842
2589,"20618 108TH AVE SE, KENT, WA 98031, USA",47.4168891,-122.1955335
2590,"12030 NE 85TH ST, KIRKLAND, WA 98033, USA",47.6655354,-122.1659376
2591,"757 RAINIER AVE S, RENTON, WA 98057, USA",47.4712796,-122.2192096
2592,"26100 PACIFIC HWY S, KENT, WA 98032, USA",47.3676112,-122.3024027
2593,"80 FRONT ST S, ISSAQUAH, WA 98027, USA",47.5294457,-122.0354337
2594,"12000 DES MOINES MEMORIAL DR S, BURIEN, WA 98168, USA",47.4951314,-122.3092682
2595,"2209 BEL RED RD, REDMOND, WA 98052, USA",47.6298169,-122.1351599
2596,"250 SW 152ND ST, BURIEN, WA 98166, USA",47.4677859,-122.3388689
2597,"7808 NE BOTHELL WAY, KENMORE, WA 98028, USA",47.7568938,-122.2360324
2598,"363 STRANDER BLVD, TUKWILA, WA 98188, USA",47.4548476,-122.2551593
2599,"10014 15TH AVE SW, SEATTLE, WA 98146, USA",47.5132685,-122.353612
2600,"1222 BRONSON WAY N, RENTON, WA 98057, USA",47.483797,-122.2014127
2601,"7816 AURORA AVE N, SEATTLE, WA 98103, USA",47.6856938,-122.3446656
2602,"14158 NE WOODINVILLE-DUVALL RD, B, WOODINVILLE, WA 98072, USA",,
2603,"21815 MARINE VIEW DR S, DES MOINES, WA 98198, USA",47.4067108,-122.3257811
2604,"9000 RAINIER AVE S, SEATTLE, WA 98118, USA",47.522675,-122.2685594
2605,"1005 STEVENSON AVE, ENUMCLAW, WA 98022, USA",47.2017143,-121.9894534
2606,"2819 NE SUNSET BLVD, RENTON, WA 98056, USA",47.5007227,-122.1781987
2607,"6623 132ND AVE NE, KIRKLAND, WA 98033, USA",47.6654524,-122.1641271
2608,"31014 PACIFIC HWY S, FEDERAL WAY, WA 98003, USA",47.3237079,-122.3122207
2609,"10432 SE KENT KANGLEY RD, KENT, WA 98030, USA",47.3719728,-122.1991364
2610,"1241 AUBURN WAY N, AUBURN, WA 98002, USA",47.3190759,-122.2238357
2611,"3820 S FERDINAND ST, 102, SEATTLE, WA 98118, USA",,
2612,"8825 RAINIER AVE S, SEATTLE, WA 98118, USA",47.52439,-122.270709
2613,"1515 QUEEN ANNE AVE N, SEATTLE, WA 98109, USA",47.6327965,-122.3572204
2614,"6830 NE BOTHELL WAY, KENMORE, WA 98028, USA",47.7585602,-122.2486093
2615,"20030 BALLINGER WAY NE, SHORELINE, WA 98155, USA",47.7752837,-122.3096921
2616,"3220 CALIFORNIA AVE SW, 103, SEATTLE, WA 98116, USA",,
2617,"112 1ST AVE S, #100, SEATTLE, WA 98104, USA",,
2618,"1175 NW GILMAN BLVD, B4, ISSAQUAH, WA 98027, USA",,
2619,"15920 NE 8TH ST, #5, BELLEVUE, WA 98008, USA",47.6174058,-122.1279534
2620,"928 N 160th ST, Shoreline, WA 98133, USA",47.7452242,-122.346855
2621,"1402 1ST ST, ENUMCLAW, WA 98022, USA",47.2015348,-121.989316
2622,"7328 BETTER WAY SE, #10, SNOQUALMIE, WA 98065, USA",,
2623,"20 SW 7TH ST, B-1, RENTON, WA 98057, USA",,
2624,"8431 122nd AVE NE, KIRKLAND, WA 98033, USA",47.6788911,-122.1791872
2625,"16260 REDMOND WAY, 200, REDMOND, WA 98052, USA",,
2626,"19150 NE WOODINVILLE DUVALL RD, A-5, WOODINVILLE, WA 98077, USA",,
2627,"16929 SE 270TH PL, B-102, COVINGTON, WA 98042, USA",47.3587011,-122.1152881
2628,"17160 116TH AVE SE, RENTON, WA 98058, USA",47.4496195,-122.185672
2629,"23714 222nd PL SE, STE D, MAPLE VALLEY, WA 98038, USA",,
2630,"10575 NE 12TH ST, BELLEVUE, WA 98004, USA",47.620807,-122.1995664
2631,"462 228TH AVE NE, SAMMAMISH, WA 98074, USA",47.613347,-122.0345544
2632,"14901 4TH AVE SW, BURIEN, WA 98166, USA",47.4690644,-122.3394109
2633,"24437 RUSSELL RD, 102, KENT, WA 98032, USA",,
2634,"714 TAYLOR AVE N, Seattle, WA 98109, USA",47.6259005,-122.345787
2635,"4717 BROOKLYN AVE NE, SEATTLE, WA 98105, USA",47.6638043,-122.3145226
2636,"11025 5TH AVE NE, SEATTLE, WA 98125, USA",47.7094257,-122.323595
2637,"2317 SW 336TH ST, FEDERAL WAY, WA 98023, USA",47.2998165,-122.3632818
2638,"6621 S 211TH ST, 102, KENT, WA 98032, USA",,
2639,"26019 104TH AVE SE, #104, Kent, WA 98030, USA",,
2640,"16260 MILITARY RD S, #113, SEA TAC, WA 98188, USA",,
2641,"13501 100TH AVE NE, #100, KIRKLAND, WA 98034, USA",,
2642,"6540 CALIFORNIA AVE SW, SEATTLE, WA 98136, USA",47.5438937,-122.386664
2643,"1427 BROADWAY, Seattle, WA 98122, USA",47.6136903,-122.3209747
2644,"4436 RAINIER AVE S, #A, SEATTLE, WA 98118, USA",,
2645,"8345 15TH AVE NW, SEATTLE, WA 98117, USA",47.6901404,-122.377051
2646,"4025 A ST SE, AUBURN, WA 98002, USA",47.272312,-122.2293766
2647,"620 AUBURN WAY S, Auburn, WA 98002, USA",47.3015436,-122.224057
2648,"4020 NE 4TH ST, Renton, WA 98056, USA",47.4888757,-122.1647776
2649,"2320 N 45TH ST, SEATTLE, WA 98103, USA",47.6616334,-122.330569
2650,"3710 FACTORIA BLVD SE, C, BELLEVUE, WA 98006, USA",47.5773715,-122.1679985
2651,"1426 S 324TH ST, #A108, FEDERAL WAY, WA 98003, USA",47.3122168,-122.3146078
2652,"2928 1ST AVE, 1, SEATTLE, WA 98121, USA",,
2653,"9610 17TH AVE SW, SEATTLE, WA 98106, USA",47.5172343,-122.3560588
2654,"335 S WASHINGTON AVE, KENT, WA 98032, USA",47.3786504,-122.2479464
2655,"7919 ROOSEVELT WAY NE, SEATTLE, WA 98115, USA",47.6866278,-122.317727
2656,"4511 UNIVERSITY WAY NE, SEATTLE, WA 98105, USA",47.6616898,-122.3132973
2657,"550 106TH AVE, 150, BELLEVUE, WA 98004, USA",,
2658,"11900 NE VILLAGE PLZ, UNIT 190, KIRKLAND, WA 98034, USA",,
2659,"2445 4TH AVE S, 114, SEATTLE, WA 98134, USA",47.5805575,-122.3296934
2660,"999 3RD AVE, PLZ12, SEATTLE, WA 98104, USA",,
2661,"5503 AIRPORT WAY S, SEATTLE, WA 98108, USA",47.5531644,-122.3211321
2662,"14339 NE 20TH ST, E, BELLEVUE, WA 98007, USA",47.6277972,-122.1208748
2663,"2421 2ND AVE, SEATTLE, WA 98121, USA",47.6149743,-122.3476204
2664,"625 S JACKSON ST, Seattle, WA 98104, USA",47.5989611,-122.3253602
2665,"17005 SOUTHCENTER PKWY, TUKWILA, WA 98188, USA",47.4506546,-122.262964
2666,"7425 166TH AVE NE, C 230, REDMOND, WA 98052, USA",47.6703731,-122.1196915
2667,"125 BROADWAY E, SEATTLE, WA 98102, USA",47.619578,-122.321059
2668,"201 4TH ST NE, AUBURN, WA 98002, USA",47.3108686,-122.226614
2669,"4336 Roosevelt Way Northeast, Suite D, Seattle, WA 98105, USA",,
2670,"914 AUBURN WAY S, Auburn, WA 98002, USA",47.3002537,-122.2221946
2671,"16430 SE 128TH ST, RENTON, WA 98059, USA",47.4889136,-122.1204011
2672,"8296 160th AVE NE, Redmond, WA 98052, USA",47.6765588,-122.1273322
2673,"3500 FREMONT AVE N, SEATTLE, WA 98103, USA",47.650653,-122.349737
2674,"550 QUEEN ANNE AVE N, Seattle, WA 98109, USA",47.6244656,-122.356572
2675,"26010 PACIFIC HWY S, KENT, WA 98032, USA",47.3680684,-122.3035692
2676,"15259 BEL RED RD, BELLEVUE, WA 98007, USA",47.6281889,-122.1355951
2677,"1212 S KING ST, SEATTLE, WA 98144, USA",47.5985479,-122.3165741
2678,"15029 WOODINVILLE REDMOND RD NE, WOODINVILLE, WA 98072, USA",47.7372174,-122.156086
2679,"500 BELLEVUE WAY NE, 240, BELLEVUE, WA 98004, USA",,
2680,"3849 156TH AVE NE, Redmond, WA 98052, USA",47.6439115,-122.1327034
2681,"12125 NE SPRING BLVD, Bellevue, WA 98005, USA",47.6229732,-122.1782926
2682,"12534 LAKE CITY WAY NE, SEATTLE, WA 98125, USA",47.7203247,-122.2944831
2683,"10622 SE CARR RD, #C, RENTON, WA 98055, USA",,
2684,"18740 INTERNATIONAL BLVD, SEATAC, WA 98188, USA",47.4350079,-122.2957472
2685,"4310 SW OREGON ST, SEATTLE, WA 98116, USA",47.5630579,-122.3873095
2686,"2052 NW MARKET ST, Seattle, WA 98107, USA",47.6688461,-122.3843499
2687,"14515 NE 20TH ST, K, M, BELLEVUE, WA 98007, USA",,
2688,"339 STRANDER BLVD, AB, TUKWILA, WA 98188, USA",,
2689,"1706 S 320TH ST, L, Federal Way, WA 98003, USA",,
2690,"83 UNIVERSITY ST, Seattle, WA 98101, USA",47.6063715,-122.3389814
2691,"321 RAMSAY WAY, 103, Kent, WA 98032, USA",,
2692,"17650 140TH AVE NE, WOODINVILLE, WA 98072, USA",47.7560422,-122.152313
2693,"10300 MAIN ST, E & F, BELLEVUE, WA 98004, USA",,
2694,"800 N 10TH PL, A, RENTON, WA 98057, USA",47.4983449,-122.2043291
2695,"4701 24th AVE NE, seattle, WA 98105, USA",47.6632434,-122.3018815
2696,"520 UPTOWN CT, KIRKLAND, WA 98033, USA",,
2697,"7625 170TH AVE NE, REDMOND, WA 98052, USA",47.6708889,-122.1140703
2698,"1580 NW GILMAN BLVD, #1, ISSAQUAH, WA 98027, USA",,
2699,"504 5TH AVE S, #109, SEATTLE, WA 98104, USA",47.5978662,-122.3275098
2700,"815 PINE ST, SEATTLE, WA 98101, USA",47.6131757,-122.3321682
2701,"14625 NE 24th ST, #4B, BELLEVUE, WA 98007, USA",47.631134,-122.145002
2702,"13200 OLD REDMOND RD, REDMOND, WA 98052, USA",47.666673,-122.163548
2703,"1303 6TH AVE, SEATTLE, WA 98101, USA",47.6094549,-122.3331258
2704,"1821 BOREN AVE, SEATTLE, WA 98101, USA",47.6165742,-122.3324442
2705,"3405 AUBURN WAY N, AUBURN, WA 98002, USA",47.338008,-122.2230577
2706,"3080 148TH AVE SE, BELLEVUE, WA 98007, USA",47.5817781,-122.139981
2707,"2305 SW 336TH ST, FEDERAL WAY, WA 98023, USA",47.3004275,-122.3637176
2708,"32201 SE KENT BLACK DIAMOND RD, AUBURN, WA 98092, USA",47.3126154,-122.0958896
2709,"58 FRONT ST N, ISSAQUAH, WA 98027, USA",47.5308665,-122.0363669
2710,"9815 SW Bank RD, Vashon, WA 98070, USA",47.4471485,-122.4596856
2711,"4701 41ST AVE SW, 110, SEATTLE, WA 98116, USA",47.5608516,-122.3843554
2712,"1530 1ST AVE S, SEATTLE, WA 98134, USA",47.5892872,-122.3338874
2713,"11332 LAKE CITY WAY NE, Seattle, WA 98125, USA",47.7113166,-122.2995292
2714,"19515 44th AVE W, LYNNWOOD, WA 98036, USA",47.821784,-122.2922621
2715,"523 3RD AVE, Seattle, WA 98104, USA",47.6025945,-122.3314832
2716,"1251 HARRISON ST, SEATTLE, WA 98109, USA",47.6218152,-122.3314594
2717,"2722 ALKI AVE SW, SEATTLE, WA 98116, USA",47.5790584,-122.4103152
2718,"14509 NE 20TH ST, C, BELLEVUE, WA 98007, USA",,
2719,"12930 E MARGINAL WAY S, TUKWILA, WA 98168, USA",47.4874257,-122.2833758
2720,"355 15th AVE, 1, SEATTLE, WA 98122, USA",,
2721,"1416 10TH AVE, SEATTLE, WA 98122, USA",47.6133604,-122.3192083
2722,"2140 SW 356th ST, FEDERAL WAY, WA 98023, USA",47.2837182,-122.3616039
2723,"522 NE 165TH ST, SHORELINE, WA 98155, USA",47.7487517,-122.3229034
2724,"3655 131ST AVE SE, BELLEVUE, WA 98006, USA",47.5776715,-122.1665911
2725,"4101 AIRPORT WAY S, SEATTLE, WA 98108, USA",47.5669671,-122.3231351
2726,"1301 3RD AVE, SEATTLE, WA 98101, USA",47.6079321,-122.3364964
2727,"9131 CALIFORNIA AVE SW, Seattle, WA 98136, USA",47.5217017,-122.3878878
2728,"4025 1ST AVE S, SEATTLE, WA 98134, USA",47.5670062,-122.33433
2729,"11215 8TH AVE S, BURIEN, WA 98168, USA",47.5025978,-122.3236143
2730,"14857 TUKWILA INTERNATIONAL BLVD, TUKWILA, WA 98168, USA",47.4700646,-122.2866215
2731,"9910 8TH AVE SW, SEATTLE, WA 98106, USA",47.5145725,-122.3449705
2732,"201 MAIN AVE S, RENTON, WA 98057, USA",47.481022,-122.2044169
2733,"2827 NE 55TH ST, Seattle, WA 98105, USA",47.6684047,-122.2960883
2734,"2919 FUHRMAN AVE E, SEATTLE, WA 98102, USA",47.64749,-122.3178218
2735,"16595 REDMOND WAY, 100, REDMOND, WA 98052, USA",,
2736,"1201 NE 65TH ST, SEATTLE, WA 98115, USA",47.6756922,-122.3155089
2737,"12670 120TH AVE NE, KIRKLAND, WA 98034, USA",47.7132665,-122.1801848
2738,"4437 CALIFORNIA AVE SW, SEATTLE, WA 98116, USA",47.5636165,-122.3870027
2739,"414 BROADWAY E, SEATTLE, WA 98102, USA",47.6224681,-122.3207147
2740,"240 W KENT STATION ST, 101, KENT, WA 98032, USA",,
2741,"500 BELLEVUE WAY NE, 212, BELLEVUE, WA 98004, USA",,
2742,"7850 GREENLAKE DR N, Seattle, WA 98103, USA",,
2743,"1111 FAIRVIEW AVE N, SEATTLE, WA 98109, USA",47.6298669,-122.3304197
2744,"757 SOUTHCENTER MALL, TUKWILA, WA 98188, USA",47.4577547,-122.2587848
2745,"215 SW 152ND ST, BURIEN, WA 98166, USA",47.4666482,-122.3372236
2746,"3308 S 170th ST, SEATAC, WA 98188, USA",47.45139,-122.2897924
2747,"841 CENTRAL AVE N, C-110, KENT, WA 98032, USA",,
2748,"3200 SW DASH POINT RD, Federal Way, WA 98023, USA",47.3284159,-122.3747294
2749,"1550 15TH AVE, SEATTLE, WA 98122, USA",47.6150995,-122.3126
2750,"17171 BOTHELL WAY NE, A207, LAKE FOREST PARK, WA 98155, USA",,
2751,"1719 N 45TH ST, SEATTLE, WA 98103, USA",47.6612786,-122.3364392
2752,"206 MAIN ST, KIRKLAND, WA 98033, USA",47.6765564,-122.2047491
2753,"4302 SW OREGON ST, SEATTLE, WA 98116, USA",47.5630561,-122.3869785
2754,"6900 E GREEN LAKE WAY N, SEATTLE, WA 98115, USA",47.6789172,-122.3257366
2755,"900 MADISON ST, SEATTLE, WA 98104, USA",47.608957,-122.3269293
2756,"4525 S CLOVERDALE ST, SEATTLE, WA 98118, USA",47.5248851,-122.2747375
2757,"6918 42ND AVE S, SEATTLE, WA 98118, USA",47.5401682,-122.2802764
2758,"4002 WALLINGFORD AVE N, SEATTLE, WA 98103, USA",47.6557553,-122.3360908
2759,"735 HARDIE AVE SW, RENTON, WA 98057, USA",47.4728679,-122.2181361
2760,"27525 PACIFIC HWY S, FEDERAL WAY, WA 98003, USA",47.354483,-122.3118317
2761,"15215 BROWN AVE NE, Duvall, WA 98019, USA",47.7381313,-121.986345
2762,"15602 MAIN ST NE, DUVALL, WA 98019, USA",47.7409979,-121.9858729
2763,"15807 MAIN ST, DUVALL, WA 98019, USA",47.7425226,-121.9862084
2764,"1201 ALASKAN WAY, SEATTLE, WA 98101, USA",47.605943,-122.340586
2765,"516 E PIKE ST, SEATTLE, WA 98122, USA",47.6142364,-122.324812
2766,"21620 MARINE VIEW DR S, DES MOINES, WA 98198, USA",47.4080179,-122.325374
2767,"504 5TH AVE S, 118, SEATTLE, WA 98104, USA",47.5976328,-122.327506
2768,"175 FRONT ST N, Issaquah, WA 98027, USA",47.5321946,-122.0367016
2769,"4333 UNIVERSITY WAY NE, Seattle, WA 98105, USA",47.6606705,-122.3132667
2770,"700 BELLEVUE WAY NE, BELLEVUE, WA 98004, USA",47.6167198,-122.2009021
2771,"1301 5TH AVE, Seattle, WA 98101, USA",47.6088172,-122.3343526
2772,"7135 M L KING JR WAY S, SEATTLE, WA 98118, USA",,
2773,"306 23RD AVE S, #104, SEATTLE, WA 98144, USA",47.5999303,-122.3014432
2774,"1126 34TH AVE, 101, SEATTLE, WA 98122, USA",,
2775,"9825 S 240TH ST, Kent, WA 98031, USA",47.3860312,-122.2080553
2776,"23847 108TH AVE SE, KENT, WA 98031, USA",47.3884432,-122.196973
2777,"31845 GATEWAY CENTER BLVD S, Federal Way, WA 98003, USA",47.3169216,-122.300559
2778,"520 E MAIN ST, Auburn, WA 98002, USA",47.3073438,-122.2221678
2779,"1902 E YESLER WAY, SEATTLE, WA 98122, USA",47.601877,-122.3074638
2780,"515 MINOR AVE, 120, SEATTLE, WA 98104, USA",,
2781,"14632 SE EASTGATE WAY, BELLEVUE, WA 98007, USA",47.5801354,-122.1439167
2782,"10402 SE 256TH ST, KENT, WA 98030, USA",47.3730578,-122.201718
2783,"2245 EASTLAKE AVE E, C1, SEATTLE, WA 98102, USA",,
2784,"400 228TH AVE NE, SAMMAMISH, WA 98074, USA",47.6145585,-122.0308307
2785,"2244 EASTLAKE AVE E, Seattle, WA 98102, USA",47.6396272,-122.325518
2786,"2301 EASTLAKE AVE E, Seattle, WA 98102, USA",47.6398557,-122.3260998
2787,"24205 SE ISSAQUAH FALL CITY RD, ISSAQUAH, WA 98029, USA",47.5545878,-122.0215522
2788,"22150 NE 156TH PL, Woodinville, WA 98077, USA",47.7437696,-122.0430072
2789,"232 228TH AVE SE, SAMMAMISH, WA 98074, USA",47.6070176,-122.0254813
2790,"14615 SE 22ND ST, Bellevue, WA 98007, USA",47.5903972,-122.1448717
2791,"10613 NE 38TH PL, KIRKLAND, WA 98033, USA",47.6433583,-122.1987815
2792,"14420 468TH AVE SE, North Bend, WA 98045, USA",47.4688834,-121.7157175
2793,"4559 CALIFORNIA AVE SW, SEATTLE, WA 98116, USA",47.5614664,-122.3870841
2794,"12534 AURORA AVE N, SEATTLE, WA 98133, USA",47.7205645,-122.3445532
2795,"14400 AMBAUM BLVD SW, B, BURIEN, WA 98166, USA",,
2796,"3218 EASTLAKE AVE E, SEATTLE, WA 98102, USA",47.6505226,-122.3216855
2797,"901 BOREN AVE, 900, SEATTLE, WA 98104, USA",,
2798,"58 E LYNN ST, SEATTLE, WA 98102, USA",47.6399452,-122.3292677
2799,"33930 WEYERHAEUSER WAY S, FEDERAL WAY, WA 98001, USA",47.2970404,-122.2897332
2800,"19345 WALLINGFORD AVE N, SHORELINE, WA 98133, USA",47.7700475,-122.3392866
2801,"9881 AURORA AVE N, SEATTLE, WA 98103, USA",47.7010524,-122.3450908
2802,"5604 DELRIDGE WAY SW, Seattle, WA 98106, USA",47.551771,-122.3628703
2803,"1437 NW RICHMOND BEACH RD, C, SHORELINE, WA 98177, USA",,
2804,"2411 ALASKAN WAY, SEATTLE, WA 98121, USA",47.6125416,-122.3528448
2805,"10455 NE 4th ST, BELLEVUE, WA 98004, USA",47.6136515,-122.200669
2806,"9745 NE 119TH WAY, KIRKLAND, WA 98034, USA",47.7069934,-122.2111094
2807,"625 SW 100TH ST, SEATTLE, WA 98146, USA",47.5137617,-122.3430603
2808,"1900 N 170TH ST, SHORELINE, WA 98133, USA",47.7533033,-122.3360023
2809,"1730 1ST AVE S, SEATTLE, WA 98134, USA",47.5871897,-122.3335894
2810,"19730 144TH AVE NE, WOODINVILLE, WA 98072, USA",47.771231,-122.147702
2811,"104 12TH AVE, I, Seattle, WA 98122, USA",,
2812,"229 WASHINGTON AVE N, #107, KENT, WA 98032, USA",,
2813,"10000 LAKE CITY WAY NE, SEATTLE, WA 98125, USA",47.701445,-122.3019429
2814,"2201 WESTLAKE AVE, #101, SEATTLE, WA 98121, USA",47.6181143,-122.338965
2815,"2746 NE 45TH ST, Seattle, WA 98105, USA",47.6621552,-122.2964032
2816,"7808 SE 28TH ST, 124, MERCER ISLAND, WA 98040, USA",,
2817,"3310 6TH AVE W, SEATTLE, WA 98119, USA",47.6495833,-122.3644758
2818,"19343 3RD AVE NW, SHORELINE, WA 98177, USA",47.7698133,-122.3620837
2819,"1601 Dexter Ave N Kitchen 111 AVE, K111, Seattle, WA 98109, USA",,
2820,"12449 E MARGINAL WAY S, TUKWILA, WA 98168, USA",47.4909931,-122.2854601
2821,"38 FRONT ST N, ISSAQUAH, WA 98027, USA",47.5305818,-122.0364045
2822,"401 4TH AVE N, Kent, WA 98032, USA",47.384813,-122.2380173
2823,"1521 1ST AVE, SEATTLE, WA 98101, USA",47.6093089,-122.340694
2824,"12413 NE 124TH ST, KIRKLAND, WA 98034, USA",47.7092436,-122.1736904
2825,"14631 AMBAUM BLVD SW, BURIEN, WA 98166, USA",47.4711839,-122.3473229
2826,"1914 POST ALY, SEATTLE, WA 98101, USA",47.6103021,-122.3422197
2827,"607 N 35TH ST, SEATTLE, WA 98103, USA",47.6505296,-122.3509101
2828,"1225 GRIFFIN AVE, ENUMCLAW, WA 98022, USA",47.203984,-121.9901329
2829,"11728 AURORA AVE N, SEATTLE, WA 98133, USA",47.7148878,-122.3439086
2830,"33705 SE REDMOND FALL CITY RD, FALL CITY, WA 98024, USA",47.5677043,-121.8900414
2831,"26915 MAPLE VALLEY BLK DIAMOND RD SE, MAPLE VALLEY, WA 98038, USA",,
2832,"424 MAIN AVE S, North Bend, WA 98045, USA",47.4918696,-121.7877138
2833,"2601 17TH AVE S, SEATTLE, WA 98144, USA",47.579341,-122.310866
2834,"34222 PACIFIC HWY S, FEDERAL WAY, WA 98003, USA",47.2946632,-122.31428
2835,"2620 ALKI AVE SW, Seattle, WA 98116, USA",47.580098,-122.4073145
2836,"6711 GREENWOOD AVE N, Seattle, WA 98103, USA",47.6781419,-122.3555686
2837,"109 EASTLAKE AVE E, Seattle, WA 98109, USA",47.6187963,-122.3292219
2838,"10056 16TH AVE SW, SEATTLE, WA 98146, USA",47.5176068,-122.3551781
2839,"19920 AURORA AVE N, SHORELINE, WA 98133, USA",47.7734733,-122.3458129
2840,"14816 1st AVE S, Burien, WA 98168, USA",47.470242,-122.3334327
2841,"1170 CARILLON PT, Kirkland, WA 98033, USA",47.6571998,-122.2067121
2842,"1467 E REPUBLICAN ST, Seattle, WA 98112, USA",47.6229898,-122.3129329
2843,"8032 FALLS AVE SE, A, Snoqualmie, WA 98065, USA",,
2844,"21240 84TH AVE S, KENT, WA 98032, USA",47.4105943,-122.227396
2845,"10545 SE CARR RD SE, RENTON, WA 98055, USA",,
2846,"1700 20TH AVE, Seattle, WA 98122, USA",47.6175698,-122.3059131
2847,"450 108TH AVE NE, BELLEVUE, WA 98004, USA",47.6142856,-122.196134
2848,"2200 WESTERN AVE, 101, SEATTLE, WA 98121, USA",,
2849,"456 SW MT SI BLVD, C1, NORTH BEND, WA 98045, USA",,
2850,"10230 16TH AVE SW, SEATTLE, WA 98146, USA",47.5109273,-122.3548063
2851,"234 FAIRVIEW AVE N, SEATTLE, WA 98109, USA",47.6206906,-122.3339861
2852,"8709 14TH AVE S, SEATTLE, WA 98108, USA",47.5253366,-122.3151393
2853,"526 S 2ND ST, Renton, WA 98057, USA",47.4810869,-122.210343
2854,"8819 14TH AVE S, SEATTLE, WA 98108, USA",47.5241065,-122.3154556
2855,"15665 NELSON PL S, B, TUKWILA, WA 98188, USA",,
2856,"606 E PINE ST, SEATTLE, WA 98122, USA",47.6153627,-122.3239879
2857,"4727 CALIFORNIA AVE SW, SEATTLE, WA 98116, USA",47.5603337,-122.3869958
2858,"1514 PIKE PL, Seattle, WA 98101, USA",47.6090569,-122.3409283
2859,"1807 HOWARD RD, AUBURN, WA 98002, USA",47.2924042,-122.2121076
2860,"2123 QUEEN ANNE AVE N, Seattle, WA 98109, USA",47.6379208,-122.3571128
2861,"1841 S 120TH ST, SEATTLE, WA 98168, USA",47.4955701,-122.2625274
2862,"5242 LEARY WAY NW, SEATTLE, WA 98107, USA",47.6615545,-122.3672772
2863,"111 AIRPORT WAY, RENTON, WA 98057, USA",47.4847303,-122.2153532
2864,"9625 15th AVE SW, Seattle, WA 98106, USA",47.516664,-122.3541994
2865,"2012 S 320TH ST, F, FEDERAL WAY, WA 98003, USA",,
2866,"2109 AUBURN WAY N, #B, AUBURN, WA 98002, USA",,
2867,"11740 15TH AVE NE, SEATTLE, WA 98125, USA",47.7153541,-122.3121815
2868,"11417 DES MOINES MEMORIAL DR S, TUKWILA, WA 98168, USA",,
2869,"9710 AURORA AVE N, SEATTLE, WA 98103, USA",47.6999979,-122.344342
2870,"13622 NE 20th ST, BELLEVUE, WA 98005, USA",47.6287145,-122.1578626
2871,"14445 AMBAUM BLVD SW, BURIEN, WA 98166, USA",47.4726954,-122.3475491
2872,"5608 DELRIDGE WAY SW, SEATTLE, WA 98106, USA",47.5517521,-122.3628685
2873,"10120 SE 256TH ST, Kent, WA 98030, USA",47.3728376,-122.2049986
2874,"3211 BEACON AVE S, SEATTLE, WA 98144, USA",47.5746639,-122.3093191
2875,"9240 2ND AVE SW, #100, SEATTLE, WA 98106, USA",,
2876,"3416 W MCGRAW ST, Seattle, WA 98199, USA",47.6396937,-122.4019686
2877,"2801 NE SUNSET BLVD, A, RENTON, WA 98056, USA",,
2878,"8515 14TH AVE S, Seattle, WA 98108, USA",47.526838,-122.3151654
2879,"30406 PACIFIC HWY S, #C, FEDERAL WAY, WA 98003, USA",,
2880,"4267 S ORCAS ST, SEATTLE, WA 98118, USA",47.5510969,-122.2787473
2881,"15245 INTERNATIONAL BLVD, SEATAC, WA 98188, USA",47.4659051,-122.2887704
2882,"26026 PACIFIC HWY S, KENT, WA 98032, USA",47.3680493,-122.3023753
2883,"501 CENTRAL AVE N, KENT, WA 98032, USA",47.3849515,-122.2315474
2884,"5901 AIRPORT WAY S, SEATTLE, WA 98108, USA",47.5499575,-122.3180375
2885,"13806 1ST AVE S, BURIEN, WA 98168, USA",47.4792489,-122.3333123
2886,"2840 NW MARKET ST, SEATTLE, WA 98107, USA",47.6688127,-122.3949068
2887,"14820 TUKWILA INTERNATIONAL BLVD, TUKWILA, WA 98168, USA",47.4701252,-122.285818
2888,"14820 TUKWILA INTERNATIONAL BLVD S, Tukwila, WA 98168, USA",,
2889,"29314 PACIFIC HWY S, 101B, federal way, WA 98003, USA",,
2890,"29314 PACIFIC HWY S, 101 B, FEDERAL WAY, WA 98003, USA",,
2891,"19953 BALLINGER WAY NE, Shoreline, WA 98155, USA",47.7739009,-122.3089637
2892,"22855 PACIFIC HWY S, DES MOINES, WA 98198, USA",47.3956236,-122.2955327
2893,"8632 160TH AVE NE, 120, REDMOND, WA 98052, USA",,
2894,"6414 32ND AVE NW, SEATTLE, WA 98107, USA",47.675759,-122.3982206
2895,"515 INDUSTRY DR, TUKWILA, WA 98188, USA",47.4533368,-122.2496559
2896,"601 AURORA AVE N, Seattle, WA 98004, USA",47.6246812,-122.343469
2897,"701 5TH AVE, 300, SEATTLE, WA 98104, USA",,
2898,"2634 NE UNIVERSITY VILLAGE, SEATTLE, WA 98105, USA",47.6617267,-122.2984923
2899,"18570 142ND AVE NE, WOODINVILLE, WA 98072, USA",47.7621105,-122.1501802
2900,"1415 5TH AVE, Seattle, WA 98101, USA",47.6099366,-122.3353594
2901,"4500 15TH AVE S, Seattle, WA 98108, USA",47.5630635,-122.3130814
2902,"17823 108TH AVE SE, RENTON, WA 98055, USA",47.4431004,-122.1987556
2903,"4524 UNIVERSITY WAY NE, SEATTLE, WA 98105, USA",47.6620141,-122.3127657
2904,"3225 205TH PL NE, SAMMAMISH, WA 98074, USA",47.6391042,-122.0668135
2905,"9595 EASTRIDGE DR NE, REDMOND, WA 98053, USA",47.6834036,-122.0106778
2906,"255 SW 152ND ST, BURIEN, WA 98166, USA",47.4665397,-122.3388194
2907,"4720 CALIFORNIA AVE SW, Seattle, WA 98116, USA",47.5604072,-122.3865765
2908,"630 ELLIOTT AVE W, Seattle, WA 98119, USA",47.6253916,-122.3662301
2909,"1201 ALASKAN WAY, 56, SEATTLE, WA 98101, USA",,
2910,"15027 AMBAUM BLVD SW, BURIEN, WA 98166, USA",47.4678237,-122.3458368
2911,"5266 UNIVERSITY WAY NE, SEATTLE, WA 98105, USA",47.6682821,-122.3128555
2912,"3920 STONE WAY N, SEATTLE, WA 98103, USA",47.6542642,-122.3422243
2913,"1538 12TH AVE, #B, SEATTLE, WA 98122, USA",,
2914,"542 1ST AVE S, SEATTLE, WA 98104, USA",47.5969985,-122.333929
2915,"1221 E PIKE ST, SEATTLE, WA 98122, USA",47.6139598,-122.3157647
2916,"23530 NE REDMOND-FALL CITY RD, Redmond, WA 98053, USA",47.6448981,-122.025448
2917,"23953 104TH AVE SE, KENT, WA 98031, USA",47.3873695,-122.2023461
2918,"656 NW RICHMOND BEACH RD, Shoreline, WA 98177, USA",47.7652867,-122.3662157
2919,"15920 WEST VALLEY HWY, SEATTLE, WA 98188, USA",,
2920,"3225 158TH AVE SE, BELLEVUE, WA 98008, USA",47.5810599,-122.1342102
2921,"8323 RAINIER AVE S, A, SEATTLE, WA 98118, USA",,
2922,"210 BROADWAY E, SEATTLE, WA 98102, USA",47.6202603,-122.3204487
2923,"3756 RAINIER AVE S, #A, SEATTLE, WA 98144, USA",,
2924,"17801 INTERNATIONAL BLVD, NS-04, SEATAC, WA 98158, USA",,
2925,"17833 1ST AVE S, NORMANDY PARK, WA 98148, USA",47.4423053,-122.3353454
2926,"1620 BROADWAY, G100, Seattle, WA 98122, USA",,
2927,"1118 OUTLET COLLECTION WAY, 103, AUBURN, WA 98001, USA",,
2928,"428 BROADWAY E, SEATTLE, WA 98102, USA",47.622883,-122.3207158
2929,"1029 106TH AVE NE, Bellevue, WA 98004, USA",47.6195659,-122.1993515
2930,"17139 SOUTHCENTER PKWY, TUKWILA, WA 98188, USA",47.4497676,-122.2632093
2931,"23862 SE KENT KANGLEY RD, MAPLE VALLEY, WA 98038, USA",47.3617891,-122.0233345
2932,"318 CENTRAL WAY, KIRKLAND, WA 98033, USA",47.6776112,-122.2029871
2933,"21024 84TH AVE S, KENT, WA 98032, USA",47.4130557,-122.227827
2934,"13510 AURORA AVE N, Seattle, WA 98133, USA",47.7272812,-122.3439519
2935,"334 1st AVE N, Seattle, WA 98109, USA",47.6219014,-122.3539905
2936,"1835 QUEEN ANNE AVE N, SEATTLE, WA 98109, USA",47.6357546,-122.3571711
2937,"1313 W MEEKER ST, KENT, WA 98032, USA",47.3817067,-122.2500065
2938,"16717 REDMOND WAY, REDMOND, WA 98052, USA",47.6722971,-122.1172873
2939,"1275 N 205TH ST, SHORELINE, WA 98133, USA",47.7753379,-122.3432454
2940,"12321 120th PL NE, KIRKLAND, WA 98034, USA",47.7087758,-122.1797267
2941,"715 N LANDING WAY, RENTON, WA 98057, USA",47.4960837,-122.2063835
2942,"650 228TH AVE NE, SAMMAMISH, WA 98074, USA",47.6155375,-122.0353512
2943,"5712 E LAKE SAMMAMISH PKWY SE, 103, ISSAQUAH, WA 98029, USA",,
2944,"2150 SW 336TH ST, D2, FEDERAL WAY, WA 98023, USA",,
2945,"14027 NE WOODINVILLE-DUVALL RD, Woodinville, WA 98072, USA",47.7534156,-122.1510279
2946,"7301 WOODLAWN AVE NE, SEATTLE, WA 98115, USA",47.6811186,-122.325591
2947,"17017 SE 270th PL, C-113, Covington, WA 98042, USA",,
2948,"2300 RON CROCKETT DR, AUBURN, WA 98001, USA",,
2949,"11842 98TH AVE NE, Kirkland, WA 98034, USA",47.7067194,-122.2098179
2950,"10901 176TH CIR NE, Redmond, WA 98052, USA",47.6980465,-122.1069249
2951,"10901 176TH CT NE, Redmond, WA 98052, USA",47.6947897,-122.10478
2952,"11800 SE 216TH ST, KENT, WA 98031, USA",47.4097329,-122.1834649
2953,"27227 PACIFIC HWY S, FEDERAL WAY, WA 98003, USA",47.3575015,-122.3094151
2954,"9709 60TH AVE S, SEATTLE, WA 98118, USA",47.5147925,-122.2588632
2955,"10903 NE 53RD ST, Kirkland, WA 98033, USA",47.6552323,-122.1955191
2956,"7040 208TH AVE NE, Redmond, WA 98053, USA",,
2957,"5303 RAINIER AVE S, B, SEATTLE, WA 98118, USA",,
2958,"1916 PIKE PL, SEATTLE, WA 98101, USA",47.6103175,-122.342496
2959,"4332 Leary WAY NW, SEATTLE, WA 98107, USA",47.6598123,-122.3652258
2960,"19865 1ST AVE S, 301, NORMANDY PARK, WA 98148, USA",,
2961,"3829A S EDMUNDS ST, SEATTLE, WA 98118, USA",47.5586616,-122.2871193
2962,"11546 15TH AVE NE, Seattle, WA 98125, USA",47.7134864,-122.3121628
2963,"14616 15TH AVE NE, SHORELINE, WA 98155, USA",47.7354451,-122.3124207
2964,"11546 15TH AVE NE, SEATTLE, WA 98125, USA",47.7134539,-122.3120612
2965,"10700 SE 25th ST, BELLEVUE, WA 98004, USA",47.5891298,-122.1982268
2966,"18348 Redmond Way, Building C,, REDMOND, WA 98052, USA",,
2967,"1712 S 356TH ST, FEDERAL WAY, WA 98003, USA",47.2830813,-122.3123239
2968,"600 PINE ST, ENCHANTED TEAS, STE 255 2ND FLOOR, PACIFIC PLACE, SEATTLE, WA 98101, USA",,
2969,"36201 ENCHANTED PKWY S, FEDERAL WAY, WA 98003, USA",47.2738171,-122.3099914
2970,"1407 BOALCH AVE NW, NORTH BEND, WA 98045, USA",47.5053838,-121.7954775
2971,"2960 4TH AVE S, 109, SEATTLE, WA 98134, USA",,
2972,"26205 SE ISSAQUAH/FALL CITY RD, Issaquah, WA 98029, USA",47.5707097,-121.9880971
2973,"9261 45TH AVE SW, SEATTLE, WA 98136, USA",47.5205585,-122.3905013
2974,"1426 S 324TH ST, B201, FEDERAL WAY, WA 98003, USA",,
2975,"1222 BRONSON WAY N, #135, RENTON, WA 98057, USA",,
2976,"1525 13TH AVE, Seattle, WA 98122, USA",47.6149351,-122.3157517
2977,"35101 5TH AVE SW, Federal Way, WA 98023, USA",47.2871318,-122.3410676
2978,"45220 288TH AVE SE, Enumclaw, WA 98022, USA",47.1952805,-121.9582825
2979,"960 ROOSEVELT AVE, ENUMCLAW, WA 98022, USA",47.1985519,-121.9906917
2980,"226 SEMANSKI ST S, Enumclaw, WA 98022, USA",47.1900223,-122.0083049
2981,"358 RAINIER AVE, ENUMCLAW, WA 98022, USA",47.2005879,-121.9828495
2982,"550 SEMANSKI ST S, Enumclaw, WA 98022, USA",47.1868087,-122.0076828
2983,"120 NW GILMAN BLVD, Issaquah, WA 98027, USA",47.5396233,-122.0382055
2984,"5245 California AVE SW, Seattle, WA 98136, USA",47.5551356,-122.3873136
2985,"900 BELLEVUE WAY, BELLEVUE, WA 98004, USA",47.6182444,-122.1999667
2986,"1528 VALENTINE PL S, SEATTLE, WA 98144, USA",47.5888411,-122.3071275
2987,"33101 PACIFIC HWY S, Federal Way, WA 98003, USA",47.3048262,-122.3140289
2988,"22018 84TH AVE S, Kent, WA 98032, USA",47.4045502,-122.227891
2989,"511 S MEAD ST, Seattle, WA 98108, USA",47.5509583,-122.3278994
2990,"725 PIKE ST, # 3, SEATTLE, WA 98101, USA",,
2991,"12770 GATEWAY DR, TUKWILA, WA 98168, USA",47.4886764,-122.2726088
2992,"122 ELLIOTT AVE W, Seattle, WA 98119, USA",47.6190734,-122.3587875
2993,"360 CORPORATE DR N, Tukwila, WA 98188, USA",47.4513296,-122.2565909
2994,"6415 32ND AVE NW, SEATTLE, WA 98107, USA",47.6755287,-122.398565
2995,"35739 W VALLEY HWY, ALGONA, WA 98001, USA",47.2794675,-122.259914
2996,"810 HARVEY RD, AUBURN, WA 98002, USA",47.3156282,-122.213993
2997,"920 ROOSEVELT AVE, Enumclaw, WA 98022, USA",47.1985206,-121.9897577
2998,"618 FRONT ST N, ISSAQUAH, WA 98027, USA",47.5366752,-122.0362613
2999,"14415 TUKWILA INTERNATIONAL BLVD, TUKWILA, WA 98168, USA",47.4739633,-122.2851827
3000,"227 YALE AVE N, SEATTLE, WA 98109, USA",47.62011,-122.330607
3001,"19305 55TH AVE NE, LAKE FOREST PARK, WA 98155, USA",47.7689725,-122.2693923
3002,"4001 1st AVE S, seattle, WA 98134, USA",47.5671577,-122.3347094
3003,"3416 FREMONT AVE N, SEATTLE, WA 98103, USA",47.6501282,-122.3496228
3004,"4540 17TH AVE NE, SEATTLE, WA 98105, USA",47.662393,-122.3091808
3005,"8432 RAINIER AVE S, SEATTLE, WA 98118, USA",47.5270168,-122.2696282
3006,"815 PIKE ST, SEATTLE, WA 98101, USA",47.6119776,-122.3319121
3007,"2020 WESTERN AVE, Seattle, WA 98121, USA",47.610892,-122.3440527
3008,"2614 NE 46TH ST, SEATTLE, WA 98105, USA",47.6618823,-122.2990851
3009,"22833 SE BLACK NUGGET RD, #140, ISSAQUAH, WA 98029, USA",,
3010,"22010 SE 51ST ST, ISSAQUAH, WA 98027, USA",47.5561478,-122.0481496
3011,"20011 AURORA AVE N, SHORELINE, WA 98133, USA",47.7745265,-122.346434
3012,"113 49TH ST NE, AUBURN, WA 98002, USA",47.3511693,-122.2279414
3013,"1505 S 344th ST, FEDERAL WAY, WA 98003, USA",47.2932111,-122.3147159
3014,"29030 216TH AVE SE, BLACK DIAMOND, WA 98010, USA",47.3412238,-122.053536
3015,"401 2ND AVE S, SEATTLE, WA 98104, USA",47.5985501,-122.3319798
3016,"13520 AURORA AVE N, SEATTLE, WA 98133, USA",47.7274998,-122.3445935
3017,"900 160TH AVE NE, BELLEVUE, WA 98008, USA",47.6177486,-122.1273077
3018,"4634 E MARGINAL WAY S, STE E 120, SEATTLE, WA 98134, USA",,
3019,"2208 4TH AVE STE B, Seattle, WA 98121, USA",,
3020,"9050 RAINIER AVE S, SEATTLE, WA 98118, USA",47.5220165,-122.2696916
3021,"3560 FACTORIA BLVD SE, C, BELLEVUE, WA 98006, USA",,
3022,"1525 13TH AVE, K104, SEATTLE, WA 98122, USA",,
3023,"11811 NE 128TH ST, KIRKLAND, WA 98034, USA",47.7144787,-122.1831
3024,"3405 S 336TH ST, FEDERAL WAY, WA 98001, USA",47.2997622,-122.2878009
3025,"5602 S 316TH ST, Auburn, WA 98001, USA",47.3193175,-122.2642598
3026,"26812 40TH AVE S, A, KENT, WA 98032, USA",,
3027,"6900 208TH AVE NE, REDMOND, WA 98053, USA",47.6671834,-122.0599649
3028,"14060 SE PETROVITSKY RD, RENTON, WA 98058, USA",47.4462235,-122.1514822
3029,"4609 VILLAGE TER NE, SEATTLE, WA 98105, USA",47.6620225,-122.298661
3030,"738 N 34TH ST, SEATTLE, WA 98103, USA",47.6494509,-122.3480781
3031,"10503 NE 4TH ST, #201, BELLEVUE, WA 98004, USA",,
3032,"106 1ST AVE S, SEATTLE, WA 98104, USA",47.6013937,-122.3339751
3033,"1091 THOMAS ST, SEATTLE, WA 98109, USA",47.6206528,-122.3361264
3034,"2070 6TH AVE, SEATTLE, WA 98121, USA",47.6151875,-122.339229
3035,"701 5TH AVE, 212, SEATTLE, WA 98104, USA",,
3036,"1430 2ND AVE, SEATTLE, WA 98101, USA",47.6092004,-122.3383543
3037,"600 UNIVERSITY ST, #114, SEATTLE, WA 98101, USA",,
3038,"234 9TH AVE N, SEATTLE, WA 98109, USA",47.6204818,-122.3395958
3039,"83 S King ST, 100, Seattle, WA 98104, USA",,
3040,"911 N 10TH PL, RENTON, WA 98057, USA",47.4984242,-122.202615
3041,"8515 14th AVE S, SEATTLE, WA 98108, USA",47.526838,-122.3151654
3042,"1100 BROADWAY S, EVERETT, WA 98201, USA",,
3043,"330 GRIFFIN AVE, ENUMCLAW, WA 98022, USA",47.1998169,-121.9824903
3044,"12116 JUANITA DR NE, KIRKLAND, WA 98034, USA",47.7092419,-122.2373859
3045,"6711 M L KING JR WAY S, SEATTLE, WA 98118, USA",,
3046,"1402 AUBURN WAY N, AUBURN, WA 98002, USA",47.3200616,-122.2213787
3047,"17323 140TH AVE NE, #302, WOODINVILLE, WA 98072, USA",,
3048,"4575 NE 4TH ST, B3-8, RENTON, WA 98059, USA",,
3049,"2020 S 320th ST, M, FEDERAL WAY, WA 98003, USA",,
3050,"25616 102ND PL SE, KENT, WA 98030, USA",47.3720165,-122.204212
3051,"3615 FACTORIA BLVD SE, BELLEVUE, WA 98006, USA",47.5778981,-122.1700583
3052,"2300 N 45TH ST, SEATTLE, WA 98103, USA",47.6616738,-122.3308905
3053,"4205 SW Morgan ST, SEATTLE, WA 98136, USA",47.5445168,-122.386157
3054,"12559 116th AVE NE, Kirkland, WA 98034, USA",47.7126474,-122.1869872
3055,"501 23RD AVE, SEATTLE, WA 98122, USA",47.6063233,-122.3030158
3056,"64 RAINIER AVE S, RENTON, WA 98057, USA",47.484364,-122.2159804
3057,"27504 122ND PL SE, Kent, WA 98030, USA",47.378026,-122.1783744
3058,"3309 BEACON AVE S, A, SEATTLE, WA 98144, USA",47.5737089,-122.3090255
3059,"10915 WILLOWS RD NE, REDMOND, WA 98052, USA",47.6979156,-122.1547918
3060,"10675 WILLOWS RD NE, REDMOND, WA 98052, USA",47.6958773,-122.1523595
3061,"12355 NE DISTRICT WAY, BELLEVUE, WA 98005, USA",47.6209112,-122.1756942
3062,"1101 DEXTER AVE N, SEATTLE, WA 98109, USA",47.6289273,-122.3428558
3063,"1521 1ST AVE S, 700, SEATTLE, WA 98134, USA",,
3064,"1288 123RD AVE NE, BELLEVUE, WA 98005, USA",47.6216922,-122.1756709
3065,"1525 121ST AVE NE, BELLEVUE, WA 98005, USA",47.6223385,-122.1789647
3066,"9461 WILLOWS RD NE, REDMOND, WA 98052, USA",47.6846531,-122.1465439
3067,"10735 WILLOWS RD NE, REDMOND, WA 98052, USA",47.6963566,-122.1530465
3068,"10525 WILLOWS RD NE, REDMOND, WA 98052, USA",47.693814,-122.1531465
3069,"9521 WILLOWS RD NE, REDMOND, WA 98052, USA",47.686156,-122.1474638
3070,"8727 148TH AVE NE, REDMOND, WA 98052, USA",47.6809627,-122.1450989
3071,"10545 WILLOWS RD NE, REDMOND, WA 98052, USA",47.6945576,-122.1523966
3072,"505 5TH AVE S, SEATTLE, WA 98104, USA",47.597916,-122.3286112
3073,"1531 UTAH AVE S, SEATTLE, WA 98134, USA",47.5891894,-122.3354238
3074,"9845 WILLOWS RD NE, REDMOND, WA 98052, USA",47.6876037,-122.1494195
3075,"9805 WILLOWS RD NE, Redmond, WA 98052, USA",47.6871215,-122.1517506
3076,"8747 148TH AVE NE, REDMOND, WA 98052, USA",47.681166,-122.144908
3077,"1550 121ST AVE NE, BELLEVUE, WA 98005, USA",47.622703,-122.1765049
3078,"12736 NE BEL-RED RD, BELLEVUE, WA 98005, USA",,
3079,"11102 NE 10TH ST, #101, BELLEVUE, WA 98004, USA",,
3080,"12505 NE 144TH ST, KIRKLAND, WA 98034, USA",47.7306744,-122.1737559
3081,"3415 FREMONT AVE N, #A, SEATTLE, WA 98103, USA",47.6501499,-122.3500078
3082,"2804 E MADISON, Seattle, WA 98112, USA",47.6237394,-122.2961123
3083,"2210 N 45TH ST, SEATTLE, WA 98103, USA",47.6615002,-122.332004
3084,"936 NW 49TH ST, SEATTLE, WA 98107, USA",47.6645771,-122.3703583
3085,"226 7TH AVE N, SEATTLE, WA 98109, USA",47.620233,-122.3432817
3086,"19631 INTERNATIONAL BLVD, SEA TAC, WA 98188, USA",,
3087,"1801 12TH AVE NW, Issaquah, WA 98027, USA",47.5507628,-122.0578311
3088,"411 UNIVERSITY ST, SEATTLE, WA 98101, USA",47.6080625,-122.3339285
3089,"3800 SW FINDLAY ST, SEATTLE, WA 98126, USA",47.552724,-122.3802797
3090,"9988 AVONDALE RD NE, REDMOND, WA 98052, USA",47.6887164,-122.0911801
3091,"16600 148TH AVE SE, RENTON, WA 98058, USA",47.4529952,-122.1410972
3092,"17070 140TH AVE SE, Renton, WA 98058, USA",47.4500155,-122.1529234
3093,"17070 140TH AVE SE, RENTON, WA 98058, USA",47.4500155,-122.1529234
3094,"105 YESLER WAY, SEATTLE, WA 98104, USA",47.601639,-122.3336345
3095,"117 LAKE ST S, KIRKLAND, WA 98033, USA",47.6749386,-122.2064528
3096,"1509 1ST AVE, SEATTLE, WA 98101, USA",47.6090915,-122.3404972
3097,"4746 CALIFORNIA AVE SW, Seattle, WA 98116, USA",47.5596819,-122.3866107
3098,"4746 CALIFORNIA AVE SW, SEATTLE, WA 98116, USA",47.5596819,-122.3866107
3099,"33723 SE REDMOND FALL CITY RD, Fall City, WA 98024, USA",47.5675657,-121.889271
3100,"33314 SE 42ND ST, Fall City, WA 98024, USA",47.5695241,-121.8961457
3101,"4224 PRESTON-FALL CITY RD SE, Fall City, WA 98024, USA",47.5666815,-121.8877027
3102,"33707 SE REDMOND FALL CITY RD, FALL CITY, WA 98024, USA",47.5676652,-121.8897621
3103,"4302 PRESTON FALL CITY RD, Fall City, WA 98024, USA",47.5664392,-121.8878193
3104,"108 W NORTH BEND WAY, NORTH BEND, WA 98045, USA",47.4952265,-121.7858868
3105,"8103 FALLS AVE SE, Snoqualmie, WA 98065, USA",47.5279226,-121.8241424
3106,"13754 AURORA AVE N, C, SEATTLE, WA 98133, USA",47.7302026,-122.344635
3107,"2100 N NORTHGATE WAY, STE F, Seattle, WA 98133, USA",,
3108,"1124 W MEEKER ST, KENT, WA 98032, USA",47.3811298,-122.2463085
3109,"7300 FUN CENTER WAY, TUKWILA, WA 98188, USA",,
3110,"17621 REDMOND WAY, Redmond, WA 98052, USA",47.6685025,-122.1044913
3111,"3315 BEACON AVE S, SEATTLE, WA 98144, USA",47.5735784,-122.3090333
3112,"2200 W MEEKER ST, Kent, WA 98032, USA",47.3790123,-122.2657427
3113,"1802 12TH AVE NW, C, ISSAQUAH, WA 98027, USA",47.55042,-122.056099
3114,"10615 NE 68TH ST, KIRKLAND, WA 98033, USA",47.6659376,-122.197877
3115,"6920 COAL CREEK PKWY S, 5, NEWCASTLE, WA 98059, USA",,
3116,"418 MAYNARD AVE S, SEATTLE, WA 98104, USA",47.5985988,-122.3249044
3117,"12085 124TH AVE NE, KIRKLAND, WA 98034, USA",47.7072536,-122.1766541
3118,"3621 33RD AVE S, C5-C6, SEATTLE, WA 98144, USA",,
3119,"1201 1ST AVE S, SEATTLE, WA 98134, USA",47.5920086,-122.33477
3120,"150 W HARRISON ST, SEATTLE, WA 98119, USA",47.622198,-122.3586961
3121,"2004 WESTLAKE AVE, SEATTLE, WA 98121, USA",47.6154511,-122.337749
3122,"399 FAIRVIEW AVE N, SEATTLE, WA 98109, USA",47.6218709,-122.3351277
3123,"11196 NE 10TH ST, 103, BELLEVUE, WA 98004, USA",,
3124,"16450 REDMOND WAY, 100, REDMOND, WA 98052, USA",,
3125,"30711 3RD AVE, BLACK DIAMOND, WA 98010, USA",47.3263037,-122.010403
3126,"33521 SE REDMOND FALL CITY RD, FALL CITY, WA 98024, USA",47.5680969,-121.8921295
3127,"26642 MAPLE VALLEY BLK DIAMOND RD, MAPLE VALLEY, WA 98038, USA",,
3128,"1530 POST ALY, #3A, Seattle, WA 98101, USA",,
3129,"515 BELLEVUE SQUARE, BELLEVUE, WA 98004, USA",,
3130,"500 PINE ST, SEATTLE, WA 98101, USA",47.6119208,-122.3365408
3131,"7900 RENTON AVE S, Seattle, WA 98118, USA",47.5314102,-122.2780038
3132,"1723 1ST AVE S, SEATTLE, WA 98134, USA",47.5874822,-122.334465
3133,"16 Roy ST, SEATTLE, WA 98109, USA",47.625555,-122.3559497
3134,"322 2ND AVE S, SEATTLE, WA 98104, USA",47.5997796,-122.3314547
3135,"2726 E CHERRY ST, Seattle, WA 98122, USA",47.6081548,-122.296447
3136,"6220 EAST LAKE SAMMAMISH PKWY SE, #D, ISSAQUAH, WA 98029, USA",,
3137,"307 WESTLAKE AVE N, B, SEATTLE, WA 98109, USA",,
3138,"485 RENTON CENTER WAY SW, RENTON, WA 98057, USA",,
3139,"2020 S 320th ST, D, Federal Way, WA 98003, USA",,
3140,"876 S 333RD ST, FEDERAL WAY, WA 98003, USA",47.305555,-122.32268
3141,"30611 16TH AVE S, FEDERAL WAY, WA 98003, USA",47.3277363,-122.3158025
3142,"31510 PETE VON REICHBAUER WAY S, FEDERAL WAY, WA 98003, USA",47.3193409,-122.307497
3143,"34620 9TH AVE S, Federal Way, WA 98003, USA",47.2915593,-122.3221762
3144,"1214 S 332ND ST, FEDERAL WAY, WA 98003, USA",47.3047316,-122.3182645
3145,"29645 51ST AVE S, AUBURN, WA 98001, USA",47.3359994,-122.2713983
3146,"1190 24TH AVE, SEATTLE, WA 98122, USA",47.6127674,-122.3012356
3147,"1400 E PROSPECT ST, SEATTLE, WA 98112, USA",47.6302957,-122.3141354
3148,"1300 1ST AVE, SEATTLE, WA 98101, USA",47.6077008,-122.3385575
3149,"2901 WESTERN AVE, SEATTLE, WA 98121, USA",47.616272,-122.353583
3150,"11463 RAINIER AVE S, SEATTLE, WA 98178, USA",47.4994644,-122.2211475
3151,"203 S 2ND ST, C, RENTON, WA 98057, USA",,
3152,"1400 10TH AVE, SEATTLE, WA 98122, USA",47.6131229,-122.3192334
3153,"10134 MAIN ST, BELLEVUE, WA 98004, USA",47.6103797,-122.204649
3154,"10836 E MARGINAL WAY S, SEATTLE, WA 98168, USA",47.5317922,-122.3090045
3155,"93 MARION ST, SEATTLE, WA 98104, USA",47.6037242,-122.3358755
3156,"3663 Stone WAY N, Seattle, WA 98103, USA",47.6512611,-122.3427675
3157,"9219 35TH AVE NE, Seattle, WA 98115, USA",47.6963926,-122.2909373
3158,"14200 NE 145th ST, B, WOODINVILLE, WA 98072, USA",,
3159,"3513 STONE WAY N, SEATTLE, WA 98103, USA",47.6499328,-122.3432313
3160,"4001 21ST AVE W, B, SEATTLE, WA 98199, USA",47.6562238,-122.383705
3161,"23843 108TH AVE SE, KENT, WA 98031, USA",47.3884686,-122.1969729
3162,"2431 RUCKER AVE, EVERETT, WA 98201, USA",47.984832,-122.210928
3163,"15206 AURORA AVE N, SHORELINE, WA 98133, USA",47.7393199,-122.3440645
3164,"5740 M L KING JR WAY S, Seattle, WA 98118, USA",,
3165,"13424 NE 175TH ST, Woodinville, WA 98072, USA",47.7545616,-122.1595813
3166,"1634 PORTER ST, ENUMCLAW, WA 98022, USA",47.204998,-121.9913849
3167,"1302 N 30TH ST, RENTON, WA 98056, USA",47.5186676,-122.2015046
3168,"419 S 2ND ST, 1, Renton, WA 98057, USA",47.4810255,-122.2110364
3169,"14810 NE 145TH ST, WOODINVILLE, WA 98072, USA",47.732818,-122.1436628
3170,"27400 PACIFIC HWY S, A, FEDERAL WAY, WA 98003, USA",,
3171,"8040 NE 132ND ST, Kirkland, WA 98034, USA",47.7203312,-122.2300322
3172,"4217 UNIVERSITY WAY NE, SEATTLE, WA 98105, USA",47.6588831,-122.31337
3173,"301 FRONT ST N, ISSAQUAH, WA 98027, USA",47.532895,-122.036578
3174,"3125 NW 85TH ST, SEATTLE, WA 98117, USA",47.6904588,-122.3980417
3175,"2738 ALKI AVE SW, SEATTLE, WA 98116, USA",47.5787855,-122.4108204
3176,"2622 NW MARKET ST, #D, SEATTLE, WA 98107, USA",,
3177,"16929 SE 270TH PL, 106, Covington, WA 98042, USA",,
3178,"15212 6TH AVE SW, BURIEN, WA 98166, USA",47.4664837,-122.3416901
3179,"21008 108TH AVE SE, Kent, WA 98031, USA",47.4138964,-122.1956727
3180,"172 20TH AVE, SEATTLE, WA 98122, USA",47.603309,-122.3059533
3181,"100 N ST SE, Auburn, WA 98002, USA",47.3075396,-122.2115316
3182,"85 FRONT ST N, ISSAQUAH, WA 98027, USA",47.5310634,-122.036697
3183,"110 9TH AVE SW, PUYALLUP, WA 98371, USA",47.1843191,-122.2988723
3184,"1301 ALASKAN WAY, SEATTLE, WA 98101, USA",47.606043,-122.3421667
3185,"2120 W EMERSON PL, Seattle, WA 98199, USA",47.6563383,-122.3843322
3186,"2222 CALIFORNIA AVE SW, SEATTLE, WA 98116, USA",47.5835511,-122.3862317
3187,"332 BURNETT AVE S, RENTON, WA 98057, USA",47.4786528,-122.2075695
3188,"202 SW 152ND ST, BURIEN, WA 98166, USA",47.4674243,-122.3364446
3189,"2649 LANDERHOLM CIR SE, BELLEVUE, WA 98007, USA",47.5858474,-122.143641
3190,"2010 148TH AVE NE, REDMOND, WA 98052, USA",47.6286864,-122.1425637
3191,"15515 WESTMINSTER WAY N, E, SHORELINE, WA 98133, USA",47.7422778,-122.3482352
3192,"17214 REDMOND WAY, REDMOND, WA 98052, USA",47.6726638,-122.1099598
3193,"13620 NE 175TH ST, 112, Woodinville, WA 98072, USA",,
3194,"2600 SW BARTON ST, C-1, SEATTLE, WA 98126, USA",,
3195,"1928 S COMMONS, FEDERAL WAY, WA 98003, USA",47.3133876,-122.3066618
3196,"11220 NE 124TH ST, KIRKLAND, WA 98034, USA",47.7114885,-122.1914273
3197,"775 NW GILMAN BLVD, ISSAQUAH, WA 98027, USA",47.5435913,-122.0498747
3198,"910 N 10TH PL, A, RENTON, WA 98057, USA",47.4987617,-122.2030548
3199,"30741 3RD AVE, 100, BLACK DIAMOND, WA 98010, USA",,
3200,"425 URBAN PLZ, 200, KIRKLAND, WA 98033, USA",,
3201,"1525 11TH AVE, SEATTLE, WA 98122, USA",47.6146815,-122.3185383
3202,"415 CEDAR ST, Seattle, WA 98121, USA",47.6181294,-122.3473344
3203,"14252 SE 176TH ST, RENTON, WA 98058, USA",47.4456355,-122.1495908
3204,"19151 144TH AVE NE, WOODINVILLE, WA 98072, USA",47.7664348,-122.1482937
3205,"16402 INTERNATIONAL BLVD S, SEATAC, WA 98188, USA",,
3206,"312 CENTRAL WAY, 102, KIRKLAND, WA 98033, USA",,
3207,"8102 161ST AVE NE, REDMOND, WA 98052, USA",47.6762513,-122.1253639
3208,"1256 REPUBLICAN ST, SEATTLE, WA 98109, USA",47.6232572,-122.3316105
3209,"2125 SW 356TH ST, #D, FEDERAL WAY, WA 98023, USA",,
3210,"23826 PACIFIC HWY S, KENT, WA 98032, USA",47.3876277,-122.2956153
3211,"317 NW GILMAN BLVD, #28, Issaquah, WA 98027, USA",,
3212,"220 2ND AVE S, #001, SEATTLE, WA 98104, USA",,
3213,"609 Westlake AVE N, SEATTLE, WA 98109, USA",47.6250152,-122.338768
3214,"15 LAKE ST, #100, KIRKLAND, WA 98033, USA",47.6759493,-122.2073078
3215,"7530 164TH AVE NE, A108, REDMOND, WA 98052, USA",47.6719873,-122.121293
3216,"240 2ND AVE S, #102, SEATTLE, WA 98104, USA",,
3217,"208 SW 43RD ST, RENTON, WA 98057, USA",47.4415497,-122.2204308
3218,"15715 MAIN ST NE, 101, DUVALL, WA 98019, USA",,
3219,"1832 S 120TH ST, BURIEN, WA 98168, USA",47.496024,-122.3087176
3220,"1300 E PIKE ST, 103, SEATTLE, WA 98122, USA",,
3221,"8421 GREENWOOD AVE N, SEATTLE, WA 98103, USA",47.6900651,-122.355423
3222,"14707 BOTHELL WAY NE, SHORELINE, WA 98155, USA",47.7357,-122.2925178
3223,"14475 WOODINVILLE REDMOND RD NE, Woodinville, WA 98072, USA",47.7325033,-122.1419822
3224,"17801 INTERNATIONAL BLVD, CT-15, SEATAC, WA 98158, USA",,
3225,"9823 15TH AVE SW, E, Seattle, WA 98106, USA",,
3226,"8570 GREENWOOD AVE N, SEATTLE, WA 98103, USA",47.6920561,-122.355072
3227,"4520 CALIFORNIA AVE SW, SEATTLE, WA 98116, USA",47.5622444,-122.3865638
3228,"5101 RAINIER AVE S, #106, SEATTLE, WA 98118, USA",,
3229,"30 FRONT ST S, ISSAQUAH, WA 98027, USA",47.5297918,-122.0364267
3230,"14712 NE 91ST ST, REDMOND, WA 98052, USA",47.6835259,-122.144064
3231,"207 E 1st ST, CLE ELUM, WA 98922, USA",47.1946777,-120.9361913
3232,"1620 BROADWAY AVE, 100D, SEATTLE, WA 98122, USA",,
3233,"220 BLANCHARD ST, SEATTLE, WA 98121, USA",47.6138415,-122.3438403
3234,"333 108TH AVE NE, M175, BELLEVUE, WA 98004, USA",,
3235,"2101 4TH AVE, SEATTLE, WA 98121, USA",47.6140237,-122.342302
3236,"440 BELLEVUE WAY NE, BELLEVUE, WA 98004, USA",47.6144352,-122.2013597
3237,"400 UNIVERSITY ST, Seattle, WA 98101, USA",47.6084212,-122.3347567
3238,"600 E PINE ST, SEATTLE, WA 98122, USA",47.6153475,-122.3242827
3239,"15 LAKE ST, 200, Kirkland, WA 98033, USA",47.6760057,-122.2071193
3240,"5600 ROOSEVELT WAY NE, Seattle, WA 98105, USA",47.6695963,-122.3170702
3241,"5905 AIRPORT WAY S, SEATTLE, WA 98108, USA",47.5499198,-122.31781
3242,"401 UNION ST, 201, SEATTLE, WA 98101, USA",,
3243,"1321 1ST AVE, SEATTLE, WA 98101, USA",47.6074407,-122.3390223
3244,"225 108TH AVE NE, N120, BELLEVUE, WA 98004, USA",,
3245,"7101 M L KING JR WAY S, 111, SEATTLE, WA 98118, USA",,
3246,"1165 HARRISON ST, SEATTLE, WA 98109, USA",47.6218903,-122.333861
3247,"6230 RAINIER AVE S, SEATTLE, WA 98118, USA",47.5462711,-122.2756043
3248,"12248 AURORA AVE N, Seattle, WA 98133, USA",47.7192687,-122.3443862
3249,"921 S HARNEY ST, SEATTLE, WA 98108, USA",47.5479071,-122.3205856
3250,"1616 W BERTONA ST, SEATTLE, WA 98119, USA",47.6504197,-122.377841
3251,"485 FRONT ST N, D1, ISSAQUAH, WA 98027, USA",,
3252,"4800 139TH AVE SE, Bellevue, WA 98006, USA",47.5584168,-122.1550131
3253,"90 Blanchard ST, Seattle, WA 98121, USA",47.6124652,-122.3456212
3254,"601 S KING ST 20, Seattle, WA 98104, USA",,
3255,"7619 GREENWOOD AVE N, 1, SEATTLE, WA 98103, USA",,
3256,"14025 INTERURBAN AVE S, TUKWILA, WA 98168, USA",47.477857,-122.2616
3257,"111 S 3RD AVE, Renton, WA 98057, USA",,
3258,"424 MAYNARD AVE S, SEATTLE, WA 98104, USA",47.5985137,-122.3249044
3259,"6825 NE 170TH ST, KENMORE, WA 98028, USA",47.7514479,-122.2489464
3260,"4004 NE 4TH ST, #102, RENTON, WA 98056, USA",,
3261,"3650 E VALLEY RD, RENTON, WA 98057, USA",47.4469227,-122.216806
3262,"23801 104TH AVE SE, Kent, WA 98031, USA",47.389215,-122.2030679
3263,"700 BELLEVUE WAY NE, #300, BELLEVUE, WA 98004, USA",,
3264,"16255 SE 256TH ST, Kent, WA 98042, USA",47.3724067,-122.1496454
3265,"4242 S 144TH ST, TUKWILA, WA 98168, USA",47.4749366,-122.2797606
3266,"2050 S COLUMBIAN WAY, SEATTLE, WA 98108, USA",47.5599898,-122.3051882
3267,"154 N 35TH ST, SEATTLE, WA 98103, USA",47.6518501,-122.3552422
3268,"26927 BLACK DIAMOND RD SE, Maple Valley, WA 98038, USA",,
3269,"26905 MAPLE VALLEY BLACK DIAMON RD SE, MAPLE VALLEY, WA 98038, USA",,
3270,"164 S Washington ST, Seattle, WA 98104, USA",47.6010108,-122.3321363
3271,"229 WELLS AVE S, RENTON, WA 98057, USA",47.4801424,-122.205586
3272,"31001 144TH AVE SE, KENT, WA 98042, USA",47.3232466,-122.152312
3273,"601 ROY ST, Seattle, WA 98109, USA",47.6249606,-122.3445805
3274,"99 UNION ST, SEATTLE, WA 98101, USA",47.6076048,-122.3392726
3275,"820 GRIFFIN AVE, ENUMCLAW, WA 98022, USA",47.201761,-121.9870294
3276,"1437 NW RICHMOND BEACH RD, B, SHORELINE, WA 98177, USA",,
3277,"2950 FAIRVIEW AVE E, UNIT B, SEATTLE, WA 98102, USA",,
3278,"2626 NE UNIVERSITY VILLAGE ST, SEATTLE, WA 98105, USA",47.6636406,-122.2990835
3279,"5900 AIRPORT WAY S, SEATTLE, WA 98108, USA",47.5499765,-122.3174584
3280,"10036 MAIN ST, BELLEVUE, WA 98004, USA",47.6102939,-122.2050277
3281,"7708 CENTER BLVD SE, SNOQUALMIE, WA 98065, USA",47.5314445,-121.8733035
3282,"25632 PACIFIC HWY S, 10, KENT, WA 98032, USA",,
3283,"2614 NE 55TH ST, SEATTLE, WA 98105, USA",47.6686386,-122.2988466
3284,"1023 ALASKAN WAY, Seattle, WA 98104, USA",47.6043036,-122.3392958
3285,"4619 VILLAGE TER NE, SEATTLE, WA 98105, USA",47.6621003,-122.298662
3286,"1411 NW 70TH ST, SEATTLE, WA 98117, USA",47.6794481,-122.3746687
3287,"1010 E UNION ST, SEATTLE, WA 98122, USA",47.6130833,-122.3188989
3288,"1420 NW GILMAN BLVD, ISSAQUAH, WA 98027, USA",47.5461289,-122.0581524
3289,"27317 MAPLE VALLEY-BLK DIAMOND RD, MAPLE VALLEY, WA 98038, USA",,
3290,"249 MAIN AVE S, #113, NORTH BEND, WA 98045, USA",,
3291,"7726 CENTER BLVD SE, #125, SNOQUALMIE, WA 98065, USA",,
3292,"117 ROOSEVELT AVE, ENUMCLAW, WA 98022, USA",47.1996811,-121.9795392
3293,"3013 S MOUNT BAKER BLVD, SEATTLE, WA 98144, USA",47.5764205,-122.2941738
3294,"2006 S WELLER ST, SEATTLE, WA 98144, USA",47.5983409,-122.3055372
3295,"2901 6TH AVE S, SEATTLE, WA 98134, USA",47.5769831,-122.3267047
3296,"258 CENTRAL WAY, Kirkland, WA 98033, USA",47.6774068,-122.2045716
3297,"8201 LAKE CITY WAY NE, SEATTLE, WA 98115, USA",47.6887717,-122.3108196
3298,"1100 FAIRVIEW AVE N, SEATTLE, WA 98109, USA",47.6266258,-122.3324568
3299,"12221 120TH AVE, KIRKLAND, WA 98034, USA",47.7077168,-122.1842004
3300,"100 NW 85TH ST, SEATTLE, WA 98117, USA",47.6920247,-122.3590104
3301,"915 NW 45TH ST, SEATTLE, WA 98107, USA",47.6602178,-122.368369
3302,"26520 MAPLE VALLEY BLK DIAMOND RD SE, MAPLE VALLEY, WA 98038, USA",,
3303,"18325 AURORA AVE N, SHORELINE, WA 98133, USA",47.7622039,-122.3474936
3304,"25250 PACIFIC HWY S, 215, KENT, WA 98032, USA",,
3305,"8020 RAILROAD AVE SE, SNOQUALMIE, WA 98065, USA",47.5287156,-121.8248029
3306,"106 N 36th ST, Seattle, WA 98103, USA",47.6530947,-122.357341
3307,"4600 FREMONT AVE N, SEATTLE, WA 98103, USA",47.6624023,-122.3496717
3308,"4258 FREMONT AVE N, #4262, SEATTLE, WA 98103, USA",,
3309,"3808 S EDMUNDS ST, SEATTLE, WA 98118, USA",47.5587746,-122.2850109
3310,"3409 Woodland Park AVE N, SEATTLE, WA 98103, USA",47.6491918,-122.344448
3311,"459 N 36TH ST, SEATTLE, WA 98103, USA",47.6517127,-122.3530775
3312,"4106 STONE WAY N, 104, SEATTLE, WA 98103, USA",47.6577052,-122.3421044
3313,"3510 Fremont AVE N, Seattle, WA 98103, USA",47.6509565,-122.3497063
3314,"4605 Fremont AVE N, Seattle, WA 98103, USA",47.6624233,-122.3504679
3315,"15600 NE 8TH ST, PM-13, BELLEVUE, WA 98008, USA",,
3316,"7330 164TH AVE NE, E110A, REDMOND, WA 98052, USA",,
3317,"219 KIRKLAND AVE, KIRKLAND, WA 98033, USA",47.6751539,-122.2037489
3318,"10020 SE 256TH ST, KENT, WA 98030, USA",47.3727275,-122.2072593
3319,"209 YALE AVE N, SEATTLE, WA 98109, USA",47.6198994,-122.3306081
3320,"2364 NW 80TH ST, SEATTLE, WA 98117, USA",47.6869298,-122.3872379
3321,"3425 S 146TH ST, TUKWILA, WA 98168, USA",47.4721286,-122.2888608
3322,"2735 CALIFORNIA AVE SW, Seattle, WA 98116, USA",47.5784064,-122.3868516
3323,"1426 WESTERN AVE, SEATTLE, WA 98101, USA",47.6081274,-122.340713
3324,"1400 5TH AVE, SEATTLE, WA 98101, USA",47.6099602,-122.3344053
3325,"1605 W Meeker ST, Kent, WA 98032, USA",47.3815417,-122.2559717
3326,"10500 GREENWOOD AVE N, Seattle, WA 98133, USA",47.705208,-122.355332
3327,"16510 AURORA AVE N, SHORELINE, WA 98133, USA",47.7489888,-122.345027
3328,"19803 1ST AVE S, NORMANDY PARK, WA 98148, USA",47.4251458,-122.3358818
3329,"111 W NORTH BEND WAY, NORTH BEND, WA 98045, USA",47.4949742,-121.7862354
3330,"1904 PIKE PL, Seattle, WA 98101, USA",47.6098611,-122.342338
3331,"2643 NE VILLAGE LN, SEATTLE, WA 98105, USA",47.6622247,-122.2986636
3332,"7430 164TH AVE NE, B240, REDMOND, WA 98052, USA",47.6706197,-122.1203685
3333,"13197 NEWCASTLE COMMONS DR, NEWCASTLE, WA 98059, USA",47.5435111,-122.1625199
3334,"1817 HOWARD RD, Auburn, WA 98002, USA",47.2927184,-122.21168
3335,"1915 140TH AVE NE, BELLEVUE, WA 98005, USA",47.6270551,-122.1543551
3336,"9833 17TH AVE SW, SEATTLE, WA 98106, USA",47.5145482,-122.3568315
3337,"5425 RUSSELL AVE NW, SEATTLE, WA 98107, USA",47.6680465,-122.3825252
3338,"2300 24th AVE E, SEATTLE, WA 98112, USA",47.6396555,-122.301911
3339,"8037 15TH AVE NW, SEATTLE, WA 98117, USA",47.6879209,-122.3772446
3340,"20330 15TH AVE NE, SHORELINE, WA 98155, USA",47.776259,-122.3135569
3341,"1030 ELLIOTT AVE W, SEATTLE, WA 98119, USA",47.6282954,-122.3702702
3342,"421 6TH AVE S, SEATTLE, WA 98104, USA",47.5985039,-122.3265331
3343,"7330 164 TH AVE NE, E255, REDMOND, WA 98052, USA",,
3344,"520 S MAIN ST, SEATTLE, WA 98104, USA",47.600209,-122.3267205
3345,"17650 140TH AVE SE, B-5, RENTON, WA 98058, USA",,
3346,"10602 NE 9TH PL, Bellevue, WA 98004, USA",47.6185416,-122.1985795
3347,"590 BELL ST, SEATTLE, WA 98121, USA",47.616642,-122.342594
3348,"15006 76TH AVE E, PUYALLUP, WA 98375, USA",47.2043851,-122.3287841
3349,"432 S CLOVERDALE ST, SEATTLE, WA 98108, USA",47.5271137,-122.3300719
3350,"5101 RAINIER AVE S, SEATTLE, WA 98118, USA",47.5559577,-122.283797
3351,"2112 7TH AVE, 3C, SEATTLE, WA 98121, USA",,
3352,"9019 AURORA AVE N, Seattle, WA 98103, USA",47.6943958,-122.3447602
3353,"601 2nd AVE, SEATTLE, WA 98104, USA",47.6023199,-122.332846
3354,"2536 ALKI AVE SW, 106, SEATTLE, WA 98116, USA",,
3355,"9832 14TH AVE SW, SEATTLE, WA 98106, USA",47.5142933,-122.352378
3356,"1600 MELROSE AVE, SEATTLE, WA 98122, USA",47.6154981,-122.3276703
3357,"1300 S 308TH ST, FEDERAL WAY, WA 98003, USA",47.3275788,-122.3170565
3358,"5000 UNIVERSITY WAY NE, A, SEATTLE, WA 98105, USA",,
3359,"300 NE 65TH ST, Seattle, WA 98115, USA",47.6760172,-122.3255395
3360,"7500 35TH AVE SW, SEATTLE, WA 98126, USA",47.5353552,-122.3761938
3361,"23220 MAPLE VALLEY BLK DIAMOND RD SE, MAPLE VALLEY, WA 98038, USA",,
3362,"8550 GREENWOOD AVE N, SEATTLE, WA 98103, USA",47.6913907,-122.3551052
3363,"219 BROADWAY E, #16, SEATTLE, WA 98102, USA",47.6205781,-122.3213415
3364,"5903 RAINIER AVE S, SEATTLE, WA 98118, USA",47.5495326,-122.2773276
3365,"1511 7TH AVE, SEATTLE, WA 98101, USA",47.6117419,-122.3336235
3366,"4529 17TH AVE NE, Seattle, WA 98105, USA",47.6618427,-122.3093873
3367,"670 S WELLER ST, SEATTLE, WA 98104, USA",47.5976268,-122.3240809
3368,"4117 4TH AVE S, SEATTLE, WA 98134, USA",47.5666776,-122.3298999
3369,"7102 WOODLAWN AVE NE, SEATTLE, WA 98115, USA",47.680102,-122.324439
3370,"5450 SANDPOINT WAY NE, SEATTLE, WA 98105, USA",,
3371,"1130 BROADWAY AVE, SEATTLE, WA 98122, USA",,
3372,"321 AUBURN WAY N, Auburn, WA 98002, USA",47.3103879,-122.2263753
3373,"12335 LAKE CITY WAY NE, SEATTLE, WA 98125, USA",47.7184478,-122.29602
3374,"19151 144TH AVE NE, D, WOODINVILLE, WA 98072, USA",,
3375,"815 S 216TH ST, DES MOINES, WA 98198, USA",47.4078725,-122.3222236
3376,"400 23RD AVE, SEATTLE, WA 98122, USA",47.6055267,-122.3012677
3377,"1417 BROADWAY, Seattle, WA 98122, USA",47.6136243,-122.3209773
3378,"1620 NW GILMAN BLVD, Issaquah, WA 98027, USA",47.5457665,-122.0617987
3379,"13400 NE 175th ST, Woodinville, WA 98072, USA",47.754561,-122.1600098
3380,"11114 117TH PL NE, KIRKLAND, WA 98033, USA",47.6996824,-122.1842735
3381,"16095 CLEVELAND ST, REDMOND, WA 98052, USA",47.6744104,-122.1267235
3382,"102 BELLEVUE WAY NE, Bellevue, WA 98004, USA",47.6114128,-122.2011613
3383,"9 14TH ST NW, AUBURN, WA 98001, USA",47.3205117,-122.2308989
3384,"1315 NW MALL ST, Issaquah, WA 98027, USA",47.5438615,-122.0587518
3385,"2401 N NORTHLAKE WAY, SEATTLE, WA 98103, USA",47.6514871,-122.3294682
3386,"4320 SW MYRTLE ST, SEATTLE, WA 98136, USA",47.5402245,-122.3891028
3387,"21609 84TH AVE S, KENT, WA 98032, USA",47.4080224,-122.2284183
3388,"800 E THOMAS ST, SEATTLE, WA 98102, USA",47.6212098,-122.321843
3389,"1400 3RD AVE, SEATTLE, WA 98101, USA",47.6089474,-122.336808
3390,"1410-B NW GILMAN BLVD, ISSAQUAH, WA 98027, USA",47.5420462,-122.0442213
3391,"1101 E PIKE ST, Seattle, WA 98122, USA",47.613905,-122.3179728
3392,"974 SOUTHCENTER MALL, 300, Tukwila, WA 98188, USA",,
3393,"401 1ST AVE S, SEATTLE, WA 98104, USA",47.5990992,-122.334476
3394,"5013 SW DAKOTA ST, SEATTLE, WA 98116, USA",47.5665882,-122.3964554
3395,"3611 S GENESEE ST, Seattle, WA 98118, USA",47.5638617,-122.2864681
3396,"82 STEWART ST, SEATTLE, WA 98101, USA",47.6099229,-122.3420255
3397,"365 S GRADY WAY, RENTON, WA 98057, USA",47.4704547,-122.2132753
3398,"206 N 36TH ST, Seattle, WA 98103, USA",47.65303,-122.3561471
3399,"1317 NE 47TH ST, SEATTLE, WA 98105, USA",47.6629919,-122.313417
3400,"108 KIRKLAND AVE, Kirkland, WA 98033, USA",47.6756507,-122.2060934
3401,"907 MADISON ST, Seattle, WA 98104, USA",47.6084303,-122.3269973
3402,"5625 AIRPORT WAY S, SEATTLE, WA 98108, USA",47.5514468,-122.3193198
3403,"5200 DENVER AVE S, SEATTLE, WA 98108, USA",47.5552618,-122.3256809
3404,"5501-B AIRPORT WAY S, SEATTLE, WA 98108, USA",47.5515287,-122.3191911
3405,"5513 AIRPORT WAY S, SEATTLE, WA 98108, USA",47.5529619,-122.3208225
3406,"6200 CORSON AVE S, Seattle, WA 98108, USA",47.5471224,-122.32109
3407,"5327 DENVER AVE S, Seattle, WA 98108, USA",47.5542188,-122.3252186
3408,"8511 Roosevelt WAY NE, SEATTLE, WA 98115, USA",47.6907758,-122.3179588
3409,"4872 RAINIER AVE S, SEATTLE, WA 98118, USA",47.557967,-122.2849069
3410,"1501 WESTERN AVE, 100, Seattle, WA 98101, USA",,
3411,"13510 100TH AVE NE, KIRKLAND, WA 98034, USA",47.7215803,-122.2071801
3412,"1499 POST ALY, SEATTLE, WA 98101, USA",47.608511,-122.3405735
3413,"1218 3RD AVE, 103, SEATTLE, WA 98101, USA",,
3414,"1623 BELLEVUE AVE, A, SEATTLE, WA 98122, USA",,
3415,"2942 1ST AVE S, SEATTLE, WA 98134, USA",47.5763508,-122.33389
3416,"28835 PACIFIC HWY S, Federal Way, WA 98003, USA",47.3423063,-122.3127709
3417,"8150 RAILROAD AVE SE, Snoqualmie, WA 98065, USA",47.5274498,-121.8240821
3418,"1148 E MAIN ST, AUBURN, WA 98002, USA",47.3076088,-122.2139896
3419,"500 1ST AVE SE, ISSAQUAH, WA 98027, USA",47.5269773,-122.0348477
3420,"12510 15TH AVE NE, A-10E, SEATTLE, WA 98125, USA",,
3421,"4600 LEARY WAY NW, SEATTLE, WA 98107, USA",47.6624481,-122.367558
3422,"10024 MAIN ST, Bellevue, WA 98004, USA",47.6102914,-122.2053448
3423,"1005 37TH AVE SE, Auburn, WA 98002, USA",,
3424,"1190 SUNSET BLVD NE, D, Renton, WA 98056, USA",,
3425,"3418 W MCGRAW ST, SEATTLE, WA 98199, USA",47.6396968,-122.4020842
3426,"500 NW 65TH ST, SEATTLE, WA 98117, USA",47.6760761,-122.362656
3427,"4329 A ST SE, C, AUBURN, WA 98002, USA",,
3428,"5629 119TH AVE SE, BELLEVUE, WA 98006, USA",47.5520496,-122.1799115
3429,"103 102ND AVE SE, BELLEVUE, WA 98004, USA",47.6098628,-122.2042509
3430,"3217 CALIFORNIA AVE SW, #A, SEATTLE, WA 98116, USA",,
3431,"501 STADIUM PL S, SEATTLE, WA 98104, USA",47.5979788,-122.3318503
3432,"17817 VASHON HWY SW, VASHON ISLAND, WA 98070, USA",47.4449724,-122.4609531
3433,"2450 S 142ND ST, SEATAC, WA 98168, USA",47.4779922,-122.2990299
3434,"23700 SE 280TH ST, Maple Valley, WA 98038, USA",47.3516685,-122.025182
3435,"17616 VASHON HWY SW, VASHON ISLAND, WA 98070, USA",47.4468951,-122.4602537
3436,"1000 S 112TH ST, Seattle, WA 98168, USA",47.5042213,-122.3197178
3437,"19405 120TH AVE SE, KENT, WA 98058, USA",47.430071,-122.1810235
3438,"13440 MAIN ST, BELLEVUE, WA 98005, USA",47.6099474,-122.1561814
3439,"928 E BARBARA BAILEY WAY, SEATTLE, WA 98102, USA",47.6188881,-122.319941
3440,"188 SHY BEAR WAY NW, Issaquah, WA 98027, USA",,
3441,"1101 Outlet Collection Way WAY SW, K5, Auburn, WA 98001, USA",,
3442,"105 S 156TH ST, BURIEN, WA 98148, USA",47.4630235,-122.33328
3443,"1524 TACOMA AVE S, TACOMA, WA 98402, USA",47.2477987,-122.4436076
3444,"9988 15TH AVE SW, A, SEATTLE, WA 98146, USA",,
3445,"2500 SW 336th ST, A, FEDERAL WAY, WA 98023, USA",,
3446,"1400 S 312TH ST, #1, FEDERAL WAY, WA 98003, USA",,
3447,"2200 S JACKSON ST, Seattle, WA 98144, USA",47.5993997,-122.303085
3448,"1011 Boren AVE, Seattle, WA 98104, USA",47.6095912,-122.3255914
3449,"23811 WEST VALLEY HWY S, 105, KENT, WA 98032, USA",,
3450,"2518 BEACON AVE S, Seattle, WA 98144, USA",47.5804952,-122.313046
3451,"23811 WEST VALLEY HWY S, KENT, WA 98032, USA",47.387652,-122.2487512
3452,"14412 SE PETROVITSKY RD, RENTON, WA 98058, USA",47.444188,-122.1476123
3453,"17051 SE 272ND ST 40, KENT, WA 98042, USA",,
3454,"425 CEDAR ST, Seattle, WA 98121, USA",47.6182373,-122.3471963
3455,"15255 NE BELLEVUE REDMOND RD, Bellevue, WA 98007, USA",47.628399,-122.1351153
3456,"2908 E CHERRY ST, SEATTLE, WA 98122, USA",47.6080899,-122.294432
3457,"621 QUEEN ANNE AVE N, SEATTLE, WA 98109, USA",47.6251992,-122.356884
3458,"2125 WESTERN AVE, 100, SEATTLE, WA 98121, USA",,
3459,"706 E PIKE ST, B, SEATTLE, WA 98122, USA",,
3460,"1124 E PIKE ST, SEATTLE, WA 98122, USA",47.6142397,-122.317069
3461,"394 22ND AVE, MILTON, WA 98354, USA",47.255869,-122.3058804
3462,"240 2ND AVE S, 101, SEATTLE, WA 98104, USA",47.6001618,-122.3313409
3463,"19811 AURORA AVE N, SHORELINE, WA 98133, USA",47.7728457,-122.3463936
3464,"5316 BALLARD AVE NW, SEATTLE, WA 98107, USA",47.6668953,-122.3834951
3465,"936 NE PARK DR, 100, Issaquah, WA 98029, USA",,
3466,"3810 AIRPORT WAY S, Unit # 3, SEATTLE, WA 98108, USA",,
3467,"1216 A ST SE, AUBURN, WA 98002, USA",47.2966665,-122.2284121
3468,"23803 104TH AVE SE, KENT, WA 98031, USA",47.3890168,-122.203124
3469,"8520 14TH AVE S, SEATTLE, WA 98108, USA",47.5267329,-122.3145647
3470,"6100 EVERGREEN WAY, EVERETT, WA 98203, USA",47.9427152,-122.217397
3471,"13721 LAKE CITY WAY NE, SEATTLE, WA 98125, USA",47.729076,-122.2927591
3472,"15747 AMBAUM BLVD SW, Seattle, WA 98166, USA",,
3473,"451 7TH AVE S, D, KIRKLAND, WA 98033, USA",,
3474,"747 6TH ST S, KIRKLAND, WA 98033, USA",47.6701913,-122.1974421
3475,"451 7TH AVE S, KIRKLAND, WA 98033, USA",47.6692905,-122.1994308
3476,"400 URBAN PLZ, KIRKLAND, WA 98033, USA",47.6780902,-122.1995947
3477,"720 4TH AVE, KIRKLAND, WA 98033, USA",47.678627,-122.1965491
3478,"609 FAIRVIEW AVE N, SEATTLE, WA 98109, USA",47.6252537,-122.3349034
3479,"625 BOREN AVE N, SEATTLE, WA 98109, USA",47.6252315,-122.3362497
3480,"1021 VALLEY ST N, SEATTLE, WA 98109, USA",,
3481,"509 6th ST S, KIRKLAND, WA 98033, USA",47.6680728,-122.196269
3482,"601 N 34TH ST, SEATTLE, WA 98103, USA",47.6492188,-122.3504628
3483,"651 N 34TH ST, SEATTLE, WA 98103, USA",47.6487001,-122.3506265
3484,"787 6TH ST S, KIRKLAND, WA 98033, USA",47.6692193,-122.1979095
3485,"500 7TH AVE S, D, KIRKLAND, WA 98033, USA",,
3486,"520 WESTLAKE AVE N, Seattle, WA 98109, USA",47.6239693,-122.3380602
3487,"630 FAIRVIEW AVE N, SEATTLE, WA 98109, USA",47.625074,-122.3342177
3488,"620 BOREN AVE N, SEATTLE, WA 98109, USA",47.6247574,-122.335687
3489,"425 URBAN PLZ, KIRKLAND, WA 98033, USA",47.6778863,-122.1991661
3490,"400 URBAN PLZ, 7th, Kirkland, WA 98033, USA",,
3491,"12001 NE 12TH ST, Bellevue, WA 98005, USA",47.6198092,-122.1788807
3492,"14450 WOODINVILLE-REDMOND RD, E, WOODINVILLE, WA 98072, USA",,
3493,"2401 4TH AVE, 120, SEATTLE, WA 98121, USA",,
3494,"4620 UNION BAY PL NE, SEATTLE, WA 98105, USA",47.6632772,-122.2946007
3495,"4503 8th AVE NW, Seattle, WA 98107, USA",47.6616897,-122.3664784
3496,"614 E MAIN ST, AUBURN, WA 98002, USA",47.3075029,-122.2213827
3497,"213 N 85TH ST, Seattle, WA 98103, USA",47.6904868,-122.355918
3498,"323 OCCIDENTAL AVE S, Seattle, WA 98104, USA",47.5993473,-122.333092
3499,"7719 GREENWOOD AVE N, SEATTLE, WA 98103, USA",47.6853487,-122.3555121
3500,"14507 AURORA AVE N, SHORELINE, WA 98133, USA",47.734399,-122.3454357
3501,"14505 148TH AVE NE, WOODINVILLE, WA 98072, USA",47.7329117,-122.1423482
3502,"116 A ST SE, AUBURN, WA 98002, USA",47.3062281,-122.2283555
3503,"1101 OUTLET COLLECTION WAY WAY, #1364, Auburn, WA 98001, USA",,
3504,"1 E MAIN ST, AUBURN, WA 98002, USA",47.3075981,-122.2165959
3505,"7277 PERIMETER RD S, SEATTLE, WA 98108, USA",47.5298443,-122.3008918
3506,"6855 176TH AVE NE, REDMOND, WA 98052, USA",47.6666885,-122.1065321
3507,"310 WELLS AVE S, RENTON, WA 98057, USA",47.4793155,-122.2052039
3508,"13270 100TH AVE NE, KIRKLAND, WA 98034, USA",47.720173,-122.207636
3509,"14302 124TH AVE NE, KIRKLAND, WA 98034, USA",47.7304334,-122.1753222
3510,"659 NW RICHMOND BEACH RD, SHORELINE, WA 98177, USA",47.7647889,-122.3662776
3511,"540 ELLIOTT AVE W, SEATTLE, WA 98119, USA",47.6241792,-122.36479
3512,"19119 BOTHELL WAY NE, BOTHELL, WA 98011, USA",47.7669673,-122.2106645
3513,"350 SUNSET BLVD N, RENTON, WA 98057, USA",47.4880346,-122.1940493
3514,"8762 HOLMAN RD NW, SEATTLE, WA 98117, USA",47.693542,-122.3757956
3515,"14327 ISSAQUAH HOBART RD SE, ISSAQUAH, WA 98027, USA",47.4736584,-122.0246947
3516,"13279 AURORA AVE N, SEATTLE, WA 98133, USA",47.726788,-122.345321
3517,"7671 SE 27TH ST, MERCER ISLAND, WA 98040, USA",47.5864481,-122.2357491
3518,"10230 NE POINTS DR, 100, KIRKLAND, WA 98033, USA",,
3519,"201 ELLIOTT AVE W, SEATTLE, WA 98119, USA",47.6196908,-122.3602135
3520,"11225 SE 6TH ST, BELLEVUE, WA 98004, USA",47.6040703,-122.1893347
3521,"1918 8TH AVE, SEATTLE, WA 98101, USA",47.6152073,-122.3355413
3522,"1901 Oakesdale AVE SW, 150, Renton, WA 98057, USA",,
3523,"860 TERRY AVE, SEATTLE, WA 98109, USA",47.6079026,-122.3252206
3524,"2415 AIRPORT WAY S, SEATTLE, WA 98134, USA",47.5811856,-122.3221067
3525,"1007 STEWART ST, SEATTLE, WA 98101, USA",47.6161711,-122.3330473
3526,"1812 BOREN AVE, SEATTLE, WA 98101, USA",47.6167885,-122.3318825
3527,"7501 ROOSEVELT WAY NE, SEATTLE, WA 98115, USA",47.6833426,-122.3177418
3528,"5313 BALLARD AVE NW, B, SEATTLE, WA 98107, USA",47.6666366,-122.3837173
3529,"4436 RAINIER AVE S, #B, SEATTLE, WA 98118, USA",,
3530,"4507 BROOKLYN AVE NE, SEATTLE, WA 98105, USA",47.6616576,-122.3146301
3531,"710 S GRADY WAY, Renton, WA 98057, USA",47.4729402,-122.2100073
3532,"1120 SW GRADY WAY, RENTON, WA 98057, USA",47.4682169,-122.233444
3533,"5149 S GRAHAM ST, SEATTLE, WA 98118, USA",47.5455168,-122.2688077
3534,"1150 11th AVE, SEATTLE, WA 98122, USA",47.6126016,-122.317964
3535,"3100 E VALLEY RD, Renton, WA 98057, USA",47.4515106,-122.2162842
3536,"16716 AURORA AVE N, SHORELINE, WA 98133, USA",47.7511873,-122.345075
3537,"626 SW 152ND ST, BURIEN, WA 98166, USA",47.4670785,-122.3430661
3538,"7501 35TH AVE NE, SEATTLE, WA 98115, USA",47.6831645,-122.290906
3539,"198 E BLAINE ST, SEATTLE, WA 98102, USA",47.634946,-122.325401
3540,"1607 N 45TH ST, 101, SEATTLE, WA 98103, USA",,
3541,"21 S NEVADA ST, SEATTLE, WA 98134, USA",47.5653482,-122.34054
3542,"721 PINE ST, SEATTLE, WA 98101, USA",47.6125272,-122.3337331
3543,"1739 NE PARK DR, ISSAQUAH, WA 98029, USA",47.5467628,-122.0046609
3544,"9 Lakeshore PLZ, KIRKLAND, WA 98033, USA",47.6758525,-122.2092044
3545,"2 BOSTON ST, SEATTLE, WA 98109, USA",47.6385016,-122.3567302
3546,"28700 191ST PL SE, KENT, WA 98042, USA",47.3445245,-122.086886
3547,"15614 MAIN ST NE, DUVALL, WA 98019, USA",47.7412179,-121.9857228
3548,"7001 35TH AVE NE, SEATTLE, WA 98115, USA",47.6797151,-122.2906727
3549,"31239 3RD AVE, BLACK DIAMOND, WA 98010, USA",47.3211287,-122.0064982
3550,"1610 S 272ND ST, DES MOINES, WA 98198, USA",47.3581512,-122.312841
3551,"20602 108th AVE SE, KENT, WA 98031, USA",47.4171084,-122.1967222
3552,"1402 OUTLET COLLECTION DR, AUBURN, WA 98001, USA",,
3553,"23912 SE KENT KANGLEY RD, Maple Valley, WA 98038, USA",47.3613535,-122.0226383
3554,"27210 Maple Valley Black Diamond RD SE, Maple Valley, WA 98042, USA",47.3582958,-122.0203728
3555,"33510 PACIFIC HWY S, FEDERAL WAY, WA 98003, USA",47.3013854,-122.3127484
3556,"35007 ENCHANTED PKWY S, FEDERAL WAY, WA 98003, USA",47.2877812,-122.3140751
3557,"17629 VASHON HWY SW, VASHON ISLAND, WA 98070, USA",47.4465292,-122.460669
3558,"33717 SE Fall City RD, Fall City, WA 98024, USA",,
3559,"13990 NE 178TH PL, Woodinville, WA 98072, USA",47.7588656,-122.1566633
3560,"209 12TH AVE S, Suite B, SEATTLE, WA 98144, USA",,
3561,"16943 SOUTHCENTER PKWY, TUKWILA, WA 98188, USA",47.4509575,-122.2630949
3562,"14040 INTERURBAN AVE S, TUKWILA, WA 98168, USA",47.4775644,-122.2598008
3563,"4752 CALIFORNIA AVE SW, SEATTLE, WA 98116, USA",47.5594825,-122.3866085
3564,"212 FRONT ST N, ISSAQUAH, WA 98027, USA",47.5321327,-122.036354
3565,"13501 100TH AVE NE, KIRKLAND, WA 98034, USA",47.7213516,-122.208335
3566,"3610 C FACTORIA BLVD SE, BELLEVUE, WA 98006, USA",47.5782616,-122.1674824
3567,"5101 14TH AVE NW, SEATTLE, WA 98107, USA",47.665919,-122.3740254
3568,"6235 AIRPORT WAY S, 102, SEATTLE, WA 98108, USA",,
3569,"3600 NE 45TH ST, SEATTLE, WA 98105, USA",47.6613226,-122.2886113
3570,"500 BELLEVUE WAY NE, 250, BELLEVUE, WA 98004, USA",,
3571,"1001 ALASKAN WAY, 104, Seattle, WA 98104, USA",,
3572,"214 E MEEKER ST, KENT, WA 98032, USA",47.3815169,-122.2318058
3573,"100 4TH AVE N, SEATTLE, WA 98109, USA",47.619062,-122.3486489
3574,"17801 INTERNATIONAL BLVD, S Sat, SEATAC, WA 98158, USA",,
3575,"14835 MAIN ST, BELLEVUE, WA 98007, USA",47.6095798,-122.1418004
3576,"608 NW RICHMOND BEACH RD, #8, SHORELINE, WA 98177, USA",,
3577,"18404 120TH AVE NE, #104, BOTHELL, WA 98011, USA",,
3578,"3700 FACTORIA BLVD SE, BELLEVUE, WA 98006, USA",47.5773729,-122.167643
3579,"12288 NE DISTRICT WAY, 135, BELLEVUE, WA 98005-5001, USA",,
3580,"14828 NE 95TH ST, REDMOND, WA 98052, USA",47.6860034,-122.1428256
3581,"32607 47TH AVE SW, Federal Way, WA 98023, USA",47.308855,-122.3935562
3582,"7900 E GREENLAKE DR N, #104, Seattle, WA 98103, USA",,
3583,"2400 N 65TH ST, SEATTLE, WA 98103, USA",47.6770258,-122.3289517
3584,"401 NE NORTHGATE WAY, 915A, Seattle, WA 98125, USA",47.7079996,-122.3257854
3585,"20216 Ballinger WAY NE, Shoreline, WA 98155, USA",47.7771246,-122.3112255
3586,"1407 S DEARBORN ST, SEATTLE, WA 98144, USA",47.5956092,-122.3136885
3587,"8576 GREENWOOD AVE N, SEATTLE, WA 98103, USA",47.6921308,-122.3551025
3588,"12565 SE GREEN VALLEY RD, AUBURN, WA 98092, USA",47.2961433,-122.1748659
3589,"21226 84TH AVE S, KENT, WA 98032, USA",47.4109616,-122.2273693
3590,"7200 E GREENLAKE DR N, SEATTLE, WA 98115, USA",,
3591,"7850 GREENLAKE DR N, SEATTLE, WA 98103, USA",,
3592,"7200 AURORA AVE N, Seattle, WA 98103, USA",47.6817959,-122.3439993
3593," 7630 E Green Lake Dr N, Seattle, WA 98103, USA",47.6837007,-122.3339211
3594,"7012 WOODLAWN AVE NE, 3B, SEATTLE, WA 98115, USA",,
3595,"1386 158TH PL NE, BELLEVUE, WA 98008, USA",47.6216346,-122.1291299
3596,"14424 GREENWOOD AVE N, Seattle, WA 98133, USA",47.7338736,-122.3551298
3597,"144 NW 80TH ST, SEATTLE, WA 98117, USA",47.6872997,-122.3592756
3598,"7511 GREENWOOD AVE N, SEATTLE, WA 98103, USA",47.6836921,-122.3554933
3599,"16201 16TH AVE SW, BURIEN, WA 98166, USA",47.4579688,-122.356033
3600,"5432 SAND POINT WAY NE, Seattle, WA 98105, USA",47.6679433,-122.2758416
3601,"1239 GRIFFIN AVE, ENUMCLAW, WA 98022, USA",47.2040634,-121.9904115
3602,"1214 Griffin AVE, Enumclaw, WA 98022, USA",47.2036229,-121.9901981
3603,"1368 SOUTHCENTER BLVD, #100, TUKWILA, WA 98188, USA",,
3604,"2313 1ST AVE S, #B, SEATTLE, WA 98121, USA",,
3605,"6820 Greenwood AVE N, Seattle, WA 98103, USA",47.6793772,-122.3551139
3606,"6501 35TH AVE SW, SEATTLE, WA 98126, USA",47.5445211,-122.3767767
3607,"7800 NE BOTHELL WAY, 140, KENMORE, WA 98028, USA",,
3608,"3020 NE 127TH ST, SEATTLE, WA 98125, USA",47.7216444,-122.2952057
3609,"6625 132ND AVE NE, KIRKLAND, WA 98033, USA",47.6657608,-122.165911
3610,"8700 15TH AVE NW, SEATTLE, WA 98117, USA",47.6928201,-122.3759102
3611,"23910 104TH AVE SE, KENT, WA 98031, USA",47.3875734,-122.2005311
3612,"26525 MAPLE VALLEY BLK DIAMOND RD SE, MAPLE VALLEY, WA 98038, USA",,
3613,"26104 PACIFIC HWY S, KENT, WA 98032, USA",47.3674361,-122.3025274
3614,"9660 16TH AVE SW, Seattle, WA 98106, USA",47.5157184,-122.3548721
3615,"15012 JUANITA DR NE, KENMORE, WA 98028, USA",47.7374638,-122.249103
3616,"14313 AURORA AVE N, SEATTLE, WA 98133, USA",47.7327732,-122.3456315
3617,"14575 148TH AVE NE, WOODINVILLE, WA 98072, USA",47.734336,-122.1423301
3618,"17178 116TH AVE SE, RENTON, WA 98058, USA",47.4491365,-122.1856873
3619,"5269 RAINIER AVE S, SEATTLE, WA 98118, USA",47.5540155,-122.2813911
3620,"29000 NE 150th ST, DUVALL, WA 98019, USA",47.7357727,-121.9527684
3621,"1601 5TH AVE, Seattle, WA 98101, USA",47.6123814,-122.3375307
3622,"910 STEWART ST, SEATTLE, WA 98101, USA",47.6158477,-122.3344228
3623,"1111 SW 128TH ST, BURIEN, WA 98146, USA",47.4878416,-122.3488751
3624,"14525 148TH AVE NE, WOODINVILLE, WA 98072, USA",47.734255,-122.142333
3625,"4634 E MARGINAL WAY S, 120, SEATTLE, WA 98134, USA",,
3626,"3003 77TH AVE SE, 100, MERCER ISLAND, WA 98040, USA",,
3627,"1000 GRIFFIN AVE, ENUMCLAW, WA 98022, USA",47.2022962,-121.98852
3628,"410 BROADWAY E, SEATTLE, WA 98102, USA",47.6223791,-122.3207011
3629,"3409 STONE WAY N, Seattle, WA 98103, USA",47.6489486,-122.3431475
3630,"6001 140TH AVE NE, Redmond, WA 98052, USA",47.6617938,-122.1572124
3631,"2030 8TH AVE, # 114, SEATTLE, WA 98121, USA",,
3632,"1620 S 312TH ST, G, FEDERAL WAY, WA 98003, USA",,
3633,"4222 UNIVERSITY WAY NE, Seattle, WA 98105, USA",47.6590377,-122.3130072
3634,"17171 BOTHELL WAY NE, 206, LAKE FOREST PARK, WA 98155, USA",,
3635,"17505 AURORA AVE N, SHORELINE, WA 98133, USA",47.7563055,-122.3463013
3636,"13804 NE 175TH ST, #104, WOODINVILLE, WA 98072, USA",,
3637,"1007 BOREN AVE, Seattle, WA 98104, USA",47.609488,-122.3254959
3638,"3840 A ST SE, Unit 102, AUBURN, WA 98002, USA",,
3639,"4111 SW ADMIRAL WAY, SEATTLE, WA 98116, USA",47.5810171,-122.3844667
3640,"2355 10TH AVE E, SEATTLE, WA 98102, USA",47.641282,-122.3204594
3641,"11020 8TH AVE NE, SEATTLE, WA 98125, USA",47.7094515,-122.3202751
3642,"10715 SE CARR RD, RENTON, WA 98055, USA",47.4447159,-122.1979355
3643,"2100 N NORTHGATE WAY, #E, SEATTLE, WA 98133, USA",47.7089798,-122.3334346
3644,"4701 ROOSEVELT WAY NE, SEATTLE, WA 98105, USA",47.6632608,-122.3176464
3645,"1291 N 205TH ST, SHORELINE, WA 98133, USA",47.7753531,-122.3429055
3646,"1301 MADISON ST, SEATTLE, WA 98104, USA",47.6102568,-122.3225488
3647,"1631 6TH AVE, Seattle, WA 98101, USA",47.6123628,-122.3357239
3648,"17652 1ST AVE S, Seattle, WA 98148, USA",47.5228934,-122.3348648
3649,"512 RAMSAY WAY, #106, KENT, WA 98032, USA",,
3650,"12523 NE 144TH ST, Kirkland, WA 98034, USA",47.7309946,-122.173486
3352,"9019 AURORA AVE N, Seattle, WA 98103, USA",47.6943938,-122.3447614
3365,"1511 7TH AVE, SEATTLE, WA 98101, USA",47.611743,-122.3336225
3378,"1620 NW GILMAN BLVD, Issaquah, WA 98027, USA",47.545769,-122.0617967
3379,"13400 NE 175th ST, Woodinville, WA 98072, USA",47.754559,-122.1600108
3394,"5013 SW DAKOTA ST, SEATTLE, WA 98116, USA",47.5665862,-122.3964573
3651,"10400 GREENWOOD AVE N, SEATTLE, WA 98133, USA",47.704481,-122.355326
3652,"13501 100TH AVE NE, #140, KIRKLAND, WA 98034, USA",,
3653,"1945 S COMMONS ST, FEDERAL WAY, WA 98003, USA",,
3654,"2600 SOUTHCENTER MALL, FC-11, TUKWILA, WA 98188, USA",,
3655,"24202 104TH AVE SE, KENT, WA 98030, USA",47.3850797,-122.2012644
3656,"17313 SE 270TH PL, C110, COVINGTON, WA 98042, USA",,
3657,"2716 Alki AVE SW, SEATTLE, WA 98116, USA",47.5791383,-122.4100684
3658,"1501 4TH AVE, Seattle, WA 98101, USA",47.6102556,-122.3379572
3659,"14506 NE 20th ST, BELLEVUE, WA 98007, USA",47.6285769,-122.1461751
3660,"91 FRONT ST N, ISSAQUAH, WA 98027, USA",47.5311883,-122.0366946
3661,"100 108TH AVE NE, BELLEVUE, WA 98004, USA",47.6112981,-122.1953721
3662,"606 S WELLER ST, Seattle, WA 98104, USA",47.5976335,-122.3260295
3663,"31217 PACIFIC HWY S, FEDERAL WAY, WA 98003, USA",47.3218451,-122.3153309
3664,"7589 170TH AVE NE, REDMOND, WA 98052, USA",47.6703291,-122.1158026
3665,"4216 UNIVERSITY WAY NE, SEATTLE, WA 98105, USA",47.6588916,-122.3128768
3666,"221 5TH AVE S, SEATTLE, WA 98104, USA",47.60063,-122.3277816
3667,"14830 1ST AVE S, BURIEN, WA 98168, USA",47.4697795,-122.3334714
3668,"5710 RAINIER AVE S, SEATTLE, WA 98118, USA",47.5509062,-122.27731
3669,"907 NW BALLARD WAY, #B120, SEATTLE, WA 98107, USA",,
3670,"12900 SE KENT KANGLEY RD, KENT, WA 98030, USA",47.3591395,-122.1690214
3671,"1253 N 205TH ST, SHORELINE, WA 98133, USA",47.7770061,-122.34365
3672,"17025 SOUTHCENTER BLVD, TUKWILA, WA 98188, USA",47.4632653,-122.2495397
3673,"620 228TH AVE NE, SAMMAMISH, WA 98074, USA",47.6149014,-122.0350769
3674,"1676 9TH AVE NE, 120, ISSAQUAH, WA 98029, USA",,
3675,"1424 11TH AVE, A, SEATTLE, WA 98122, USA",,
3676," SEA-TAC AIRPORT, ConC, SEA TAC, WA 98158, USA",,
3677,"27433 MAPLE VALLEY/BLACK DIAMON RD SE, MAPLE VALLEY, WA 98038, USA",,
3678,"13602 AMBAUM BLVD SW, BURIEN, WA 98166, USA",47.4809741,-122.3479512
3679,"800 5TH AVE N, SEATTLE, WA 98109, USA",47.6264717,-122.3472095
3680,"4800 Delridge WAY SW, Seattle, WA 98106, USA",47.55915,-122.362778
3681,"1221 S MAIN ST, #202, SEATTLE, WA 98144, USA",,
3682,"188 106TH AVE NE, #210, BELLEVUE, WA 98004, USA",47.6117769,-122.198458
3683,"7845 LEARY WAY, REDMOND, WA 98052, USA",47.67366,-122.1232079
3684,"14481 WOODINVILLE REDMOND RD NE, WOODINVILLE, WA 98072, USA",47.7322151,-122.1419021
3685,"16324 INTERNATIONAL BLVD, SEATAC, WA 98188, USA",47.456336,-122.2929135
3686,"14625 NE 24TH ST, 6, BELLEVUE, WA 98007, USA",,
3687,"5600 ROOSEVELT WAY NE, K107, SEATTLE, WA 98105, USA",,
3688,"5413 6TH AVE NW, SEATTLE, WA 98107, USA",47.6683336,-122.3634371
3689,"4660 OHIO ST, B, SEATTLE, WA 98134, USA",,
3690,"12579 DENSMORE AVE N, Seattle, WA 98133, USA",47.7216747,-122.3381836
3691,"14822 INTERNATIONAL BLVD, TUKWILA, WA 98168, USA",47.4700493,-122.2858526
3692,"3002 BEACON AVE S, SEATTLE, WA 98144, USA",47.5768033,-122.3093377
3693,"4012 LEARY WAY NW, SEATTLE, WA 98107, USA",47.6564716,-122.3619741
3694,"1610 N 41ST ST, SEATTLE, WA 98103, USA",47.6575012,-122.3380298
3695,"2729 EASTLAKE AVE E, SEATTLE, WA 98102, USA",47.6448689,-122.3260031
3696,"700 5TH AVE N, Seattle, WA 98109, USA",47.6258256,-122.3465504
3697,"21109 66TH AVE S, KENT, WA 98032, USA",47.4128273,-122.2537694
3698,"31720 GATEWAY CENTER BLVD S, FEDERAL WAY, WA 98003, USA",47.3170388,-122.29811
3699,"18850 28TH AVE S, SEATAC, WA 98188, USA",47.4329932,-122.2972556
3700,"1300 LAKE WASHINGTON BLVD N, RENTON, WA 98056, USA",47.5037976,-122.1991477
3701,"19211 WOODINVILLE SNOHOMISH RD NE, WOODINVILLE, WA 98072, USA",,
3702,"11405 NE 2ND PL, BELLEVUE, WA 98004, USA",47.6118111,-122.1865481
3703,"17770 NE 78TH PL, REDMOND, WA 98052, USA",47.6740937,-122.1026938
3704,"9550 1ST AVE NE, SEATTLE, WA 98115, USA",47.6992604,-122.3281883
3705,"19445 INTERNATIONAL BLVD, SEA TAC, WA 98188, USA",,
3706,"7200 S 156TH ST, TUKWILA, WA 98188, USA",47.463364,-122.2443159
3707,"2313 N 45TH ST, SEATTLE, WA 98103, USA",47.6612672,-122.3307489
3708,"2120 SW 336TH ST, 12, FEDERAL WAY, WA 98023, USA",,
3709,"106 SW CAMPUS DR, #B, FEDERAL WAY, WA 98023, USA",,
3710,"3307 3RD AVE W, 313, SEATTLE, WA 98119, USA",,
3711,"6261 13TH AVE S, SEATTLE, WA 98108, USA",47.5467198,-122.3164138
3712,"12723 NE 124TH ST, KIRKLAND, WA 98034, USA",47.7100825,-122.1705498
3713,"20104 SE 436th ST, ENUMCLAW, WA 98022, USA",47.2106355,-122.0735405
3714,"1060 N 39TH ST, Seattle, WA 98103, USA",47.654209,-122.345113
3715,"4021 E MADISON ST, SEATTLE, WA 98112, USA",47.6340072,-122.2803551
3716,"801 SENECA ST, Seattle, WA 98101, USA",47.6093272,-122.3294887
3717,"717 SW 148TH ST, Seattle, WA 98166, USA",,
3718,"115 CENTRAL WAY, KIRKLAND, WA 98033, USA",47.6763092,-122.2075082
3719,"2411 76TH AVE SE, MERCER ISLAND, WA 98040, USA",47.5885712,-122.238162
3720,"23845 PACIFIC HWY S, Des Moines, WA 98198, USA",47.3872502,-122.2964829
3721,"7328 BETTER WAY LOOP SE, SNOQUALMIE, WA 98065, USA",47.5340018,-121.8392387
3722,"203 S 2ND ST, RENTON, WA 98057, USA",47.4812161,-122.2142291
3723,"14110 MAIN ST NE, B, DUVALL, WA 98019, USA",,
3724,"18119 E VALLEY HWY, 101, KENT, WA 98032, USA",,
3725,"13003 SE KENT KANGLEY RD, 114, KENT, WA 98030, USA",,
3726,"4820 NE 4TH ST, A109, RENTON, WA 98059, USA",47.4892434,-122.154163
3727,"12859 NE 85TH ST S, KIRKLAND, WA 98033, USA",,
3728,"6135 SEAVIEW AVE NW, SEATTLE, WA 98107, USA",47.67404,-122.4078058
3729,"22 A ST SW, Auburn, WA 98001, USA",47.3066821,-122.2307596
3730,"10214 SE 240TH ST, A, KENT, WA 98031, USA",,
3731,"21839 Marine View DR S, Des Moines, WA 98198, USA",47.4060234,-122.3255446
3732,"530 W MAIN ST, AUBURN, WA 98001, USA",47.3072899,-122.2363879
3733,"14301 AMBAUM BLVD SW, Seattle, WA 98166, USA",,
3734,"609 S WELLER ST, #2F, SEATTLE, WA 98104, USA",,
3735,"1411 156th AVE NE, BELLEVUE, WA 98007, USA",47.6231735,-122.133191
3736,"1645 140TH AVE NE, 008, BELLEVUE, WA 98005, USA",,
3737,"17181 NE REDMOND WAY, A08, Redmond, WA 98052, USA",,
3738,"320 4TH ST, KIRKLAND, WA 98033, USA",47.6786088,-122.2011257
3739,"4220 A ST SE, AUBURN, WA 98002, USA",47.2708438,-122.2283183
3740,"1031 BELLEVUE SQUARE, BELLEVUE, WA 98004, USA",,
3741,"1171 NW SAMMAMISH RD, ISSAQUAH, WA 98027, USA",47.5519405,-122.0573561
3742,"17307 SE 272ND ST, # 118, COVINGTON, WA 98042, USA",,
3743,"6014 MARTIN LUTHER KING JR WAY S, SEATTLE, WA 98118, USA",47.5475727,-122.285651
3744,"2630 NE VILLAGE LN, SEATTLE, WA 98105, USA",47.662413,-122.2988036
3745,"17105 SOUTHCENTER PKWY, TUKWILA, WA 98188, USA",47.4500503,-122.2632119
3746,"9025 25TH AVE SW, SEATTLE, WA 98106, USA",47.5226736,-122.3655616
3747,"18126 E VALLEY HWY, KENT, WA 98032, USA",47.4398093,-122.2211348
3748,"4757 12TH AVE NE, SEATTLE, WA 98105, USA",47.6648079,-122.3154104
3749,"16929 SE 270TH PL, B114, COVINGTON, WA 98042, USA",,
3750,"27011 PACIFIC HWY S, DES MOINES, WA 98198, USA",47.3593868,-122.3096096
3751,"700 5TH AVE, 604, SEATTLE, WA 98104, USA",,
3752,"15023 AURORA AVE N, SEATTLE, WA 98133, USA",47.7216989,-122.3449551
3753,"5811 RAINIER AVE S, SEATTLE, WA 98118, USA",47.5501186,-122.2775735
3754,"1411 4TH AVE, Seattle, WA 98101, USA",47.6093512,-122.3363055
3755,"1021 SW KLICKITAT WAY, Seattle, WA 98134, USA",47.5705651,-122.3490415
3756,"24002 VASHON HWY SW, VASHON, WA 98070, USA",47.3890467,-122.4656017
3757,"17601 VASHON HWY SW, VASHON ISLAND, WA 98070, USA",47.4472274,-122.4608369
3758,"2255 NE 65TH ST, Seattle, WA 98115, USA",47.6756728,-122.30341
3759,"711 S KING ST, SEATTLE, WA 98104, USA",47.598235,-122.3231892
3760,"16415 SOUTHCENTER PKWY, TUKWILA, WA 98188, USA",47.4559139,-122.2628219
3761,"24437 RUSSELL RD S, 117, KENT, WA 98032, USA",,
3762,"31455 28TH AVE S, FEDERAL WAY, WA 98003, USA",47.3178501,-122.299752
3763,"2676 ALKI AVE SW, SEATTLE, WA 98116, USA",47.5793974,-122.4091509
3764,"601 BELLEVUE AVE E, Seattle, WA 98102, USA",47.6244271,-122.3267869
3765,"1527 MELROSE AVE, SEATTLE, WA 98122, USA",47.6144298,-122.3280376
3766,"202 W NORTH BEND WAY, #D, NORTH BEND, WA 98045, USA",,
3767,"920 15TH ST SW, 103, AUBURN, WA 98001, USA",,
3768,"1711 N 45TH ST, SEATTLE, WA 98103, USA",47.6612786,-122.3368004
3769,"2701 E MADISON ST, Seattle, WA 98112, USA",47.6225707,-122.297239
3770,"802 14TH ST NE, AUBURN, WA 98002, USA",47.3200101,-122.2195543
3771,"960 HARRINGTON AVE NE, A, Renton, WA 98056, USA",,
3772,"2304 2nd AVE, Seattle, WA 98121, USA",47.614419,-122.3456805
3773,"5231 BALLARD AVE NW, Seattle, WA 98107, USA",47.6661245,-122.3830931
3774,"412 12TH AVE S, SEATTLE, WA 98144, USA",47.5986513,-122.3168107
3775,"1702 AUBURN WAY N, G, AUBURN, WA 98002, USA",,
3776,"918 E PIKE ST S, SEATTLE, WA 98122, USA",47.6142164,-122.3198375
3777,"18 AUBURN WAY S, AUBURN, WA 98002, USA",47.3072579,-122.2256268
3778,"4100 39TH AVE S, SEATTLE, WA 98118, USA",47.5653397,-122.2834069
3779,"402 SW 132ND ST, BURIEN, WA 98146, USA",47.4856664,-122.3410017
3780,"11530 12TH AVE NE, SEATTLE, WA 98125, USA",47.7134356,-122.3144189
3781,"11815 SE 304TH ST, Auburn, WA 98092, USA",47.3290412,-122.1836645
3782,"7100 116TH AVE SE, NEWCASTLE, WA 98056, USA",47.5380205,-122.1842702
3783,"1101 HOQUIAM AVE NE, Renton, WA 98059, USA",47.5017082,-122.152755
3784,"2311 NW MARKET ST, SEATTLE, WA 98107, USA",47.6685187,-122.3866864
3785,"1110 MARSHALL AVE, ENUMCLAW, WA 98022, USA",47.2045135,-121.9878259
3786,"1666 GARRETT ST, ENUMCLAW, WA 98022, USA",,
3787,"6030 CALIFORNIA AVE SW, SEATTLE, WA 98136, USA",47.5475441,-122.3869788
3788,"4105 LEARY WAY NW, Seattle, WA 98107, USA",47.6573167,-122.3634479
3789,"11000 NE 10TH ST, B, BELLEVUE, WA 98004, USA",47.6194715,-122.1932663
3790,"220 KIRKLAND AVE, KIRKLAND, WA 98033, USA",47.6756829,-122.2038607
3791,"509 BROADWAY E, Seattle, WA 98102, USA",47.6235137,-122.321113
3792,"6884 WOODLAWN AVE NE, SEATTLE, WA 98115, USA",47.6776751,-122.3265137
3793,"723 9TH AVE, KIRKLAND, WA 98033, USA",47.6819885,-122.1941397
3794,"13820 108TH AVE NE, Kirkland, WA 98034, USA",47.7247156,-122.195699
3795,"13035 LAKE CITY WAY NE, SEATTLE, WA 98125, USA",47.7238772,-122.2931111
3796,"1920 PIKE PL, A, SEATTLE, WA 98101, USA",47.610141,-122.34283
3797,"14304 124TH AVE NE, KIRKLAND, WA 98034, USA",47.730188,-122.1754862
3798,"1227 S WELLER ST, SEATTLE, WA 98144, USA",47.5973,-122.3154454
3799,"10334 AURORA AVE N, Seattle, WA 98133, USA",47.7043925,-122.3443814
3800,"16175 CLEVELAND ST, 105, REDMOND, WA 98052, USA",,
3801,"522 19TH AVE E, SEATTLE, WA 98112, USA",47.6239997,-122.3071746
3802,"2570 NE UNIVERITY VILLAGE ST, SEATTLE, WA 98105, USA",,
3803,"10045 NE 1ST ST, CU-2, Bellevue, WA 98004, USA",,
3804,"701 5TH AVE, 116, SEATTLE, WA 98104, USA",,
3805,"8224 NE 138TH ST, Kirkland, WA 98034, USA",47.7250725,-122.2301577
3806,"1207 S JACKSON ST, #110B, SEATTLE, WA 98144, USA",,
3807,"516 BROADWAY E, SEATTLE, WA 98102, USA",47.623646,-122.3207849
3808,"4136 1ST AVE S, SEATTLE, WA 98134, USA",47.5661042,-122.3336424
3809,"14590 NE 145TH ST, WOODINVILLE, WA 98072, USA",47.7329068,-122.146683
3810,"2815 ELLIOTT AVE, 101, SEATTLE, WA 98121, USA",,
3811,"9075 RAILROAD AVE SE, SNOQUALMIE, WA 98065, USA",47.5187602,-121.8178451
3812,"330 SW 43RD ST, P, RENTON, WA 98057, USA",,
3813,"5963 CORSON AVE S, SEATTLE, WA 98108, USA",47.5479109,-122.3220334
3814,"14450 WOODINVILLE REDMOND RD NE, WOODINVILLE, WA 98072, USA",47.7324083,-122.1409412
3815,"1500 S 336TH ST, #16, FEDERAL WAY, WA 98003, USA",,
3816,"5611 UNIVERSITY WAY NE, SEATTLE, WA 98105, USA",47.669801,-122.3132234
3817,"7320 GREENWOOD AVE N, SEATTLE, WA 98103, USA",47.6824348,-122.3551067
3818,"3700 E MERCER WAY, MERCER ISLAND, WA 98040, USA",47.5768209,-122.2038073
3819,"4610 Village CT NE, Seattle, WA 98105, USA",47.6620094,-122.299155
3820,"700 110th AVE NE, 192, BELLEVUE, WA 98004, USA",,
3821,"4106 BROOKLYN AVE NE, Seattle, WA 98105, USA",47.6571233,-122.3141435
3822,"1372 31ST AVE S, SEATTLE, WA 98144, USA",47.5904939,-122.2921385
3823,"910 John ST, 100, SEATTLE, WA 98109, USA",,
3824,"529 PARK AVE N, RENTON, WA 98057, USA",47.4913082,-122.2024856
3825,"202 BROADWAY E, SEATTLE, WA 98102, USA",47.6201028,-122.3206563
3826,"1410 34TH AVE, SEATTLE, WA 98122, USA",47.6132884,-122.2891431
3827,"440 16TH AVE NE, AUBURN, WA 98002, USA",,
3828,"1215 AUBURN WAY N, AUBURN, WA 98002, USA",47.3189159,-122.2223082
3829,"15228 NE 173RD ST, WOODINVILLE, WA 98072, USA",47.752816,-122.1363867
3830,"1005 BOREN AVE, SEATTLE, WA 98104, USA",47.6094367,-122.3254463
3831,"2621 NE SUNSET BLVD, RENTON, WA 98056, USA",47.4985008,-122.1824558
3832,"14056 GREENWOOD AVE N, SEATTLE, WA 98133, USA",47.7319592,-122.355101
3833,"15022 NE BELLEVUE REDMOND RD, Bellevue, WA 98007, USA",47.6275854,-122.1396116
3834,"4013 LEARY WAY NW, Seattle, WA 98107, USA",47.6562639,-122.3626785
3835,"15027 BEL RED RD, BELLEVUE, WA 98007, USA",47.6257794,-122.1402849
3836,"7789 HIGHLAND PARK WAY SW, SEATTLE, WA 98106, USA",47.5321137,-122.347104
3837,"1012 SW TRENTON ST, SEATTLE, WA 98106, USA",47.525614,-122.3486763
3838,"21449 PACIFIC HWY S, DES MOINES, WA 98198, USA",47.4087585,-122.2986649
3839,"100 N 160TH ST, SHORELINE, WA 98133, USA",47.7456954,-122.3591143
3840,"2720 NE 7TH ST, Renton, WA 98056, USA",47.4955445,-122.1823525
3841,"1190-B SUNSET BLVD NE, Renton, WA 98056, USA",47.4911462,-122.1905251
3842,"927 NE PARK DR, ISSAQUAH, WA 98029, USA",47.5431428,-122.018634
3843,"225 S 152ND ST, Seattle, WA 98148, USA",,
3844,"11427 3RD ST S, Seattle, WA 98168, USA",,
3845,"400 S 156TH ST, BURIEN, WA 98148, USA",47.4645918,-122.3292645
3846,"11460 WOLVERINE WAY, SEATTLE, WA 98146, USA",,
3847,"4505 39TH AVE SW, Seattle, WA 98116, USA",47.5623324,-122.3818936
3848,"25656 102ND PL SE, KENT, WA 98030, USA",47.3710847,-122.2039127
3849,"5303 RAINIER AVE S, SEATTLE, WA 98118, USA",47.5536406,-122.2805787
3850,"2129 QUEEN ANNE AVE N, Seattle, WA 98109, USA",47.6380526,-122.3571107
3851,"800 SENECA ST, 101, SEATTLE, WA 98101, USA",,
3852,"10010 MAIN ST, Bothell, WA 98011, USA",47.7602724,-122.2069386
3853,"4745 17TH AVE NE, Seattle, WA 98105, USA",47.6639045,-122.3093684
3854,"1843 NW RICHMOND BEACH RD, SHORELINE, WA 98177, USA",47.7701689,-122.3770983
3855,"1520 E OLIVE WAY, SEATTLE, WA 98122, USA",47.6183009,-122.3259852
3856,"12250 24TH AVE S, Seattle, WA 98168, USA",47.5432924,-122.3029695
3857,"1075 DUVALL AVE NE, RENTON, WA 98059, USA",47.5010876,-122.157431
3858,"2701 BEACON AVE S, Seattle, WA 98144, USA",47.5790532,-122.3129176
3859,"300 112TH AVE SE, Bellevue, WA 98004, USA",47.6069297,-122.1906495
3860,"3056 S 188TH ST, SEATAC, WA 98188, USA",47.4350548,-122.2929915
3861,"1800 NW GILMAN BLVD, ISSAQUAH, WA 98027, USA",47.546221,-122.0647698
3862,"16630 REDMOND WAY, REDMOND, WA 98052, USA",47.6734399,-122.1185966
3863,"10777 NE 10TH ST, BELLEVUE, WA 98004, USA",47.6187855,-122.1968714
3864,"1801 E VALLEY RD, RENTON, WA 98057, USA",47.4631345,-122.2194827
3865,"307 W Meeker ST, KENT, WA 98032, USA",47.3817553,-122.2352453
3866,"411 108TH AVE NE, BELLEVUE, WA 98004, USA",47.6141268,-122.1966928
3867,"2510 6TH AVE, SEATTLE, WA 98121, USA",47.618257,-122.3445613
3868,"3010 ISSAQUAH-PINE LAKE RD SE, SAMMAMISH, WA 98075, USA",47.5833702,-122.034163
3869,"22350 NE MARKET PLACE DR, 112, REDMOND, WA 98053, USA",,
3870,"22125 SE 237TH ST, MAPLE VALLEY, WA 98038, USA",47.3881229,-122.046006
3871,"7903 CENTER BLVD SE, SNOQUALMIE, WA 98065, USA",47.5297006,-121.8729045
3872,"10216 SE 256TH ST, 110, KENT, WA 98030, USA",,
3873,"2521 15TH AVE S, SEATTLE, WA 98144, USA",47.5804338,-122.3136133
3874,"4712 11TH AVE NE, SEATTLE, WA 98105, USA",47.6635702,-122.3161747
3875,"1451 NW 46th ST, SEATTLE, WA 98107, USA",47.6618796,-122.375609
3876,"17641 GARDEN WAY NE, WOODINVILLE, WA 98072, USA",47.7553927,-122.1569602
3877,"2749 CALIFORNIA AVE SW, Seattle, WA 98116, USA",47.5774568,-122.387086
3878,"1320 4TH AVE, SEATTLE, WA 98101, USA",47.6090875,-122.3352648
3879,"1810 12TH AVE NW, ISSAQUAH, WA 98027, USA",47.5513272,-122.0551648
3880,"430 KIRKLAND WAY, Kirkland, WA 98033, USA",47.6757093,-122.2000589
3881,"2215 SW 356TH ST, Federal Way, WA 98023, USA",47.2824285,-122.362586
3882,"2917 1ST AVE S, SEATTLE, WA 98134, USA",47.5771288,-122.3344657
3883,"951 NW Ballard WAY, SEATTLE, WA 98107, USA",47.662605,-122.3703771
3884,"951 NW Ballard WAY, Seattle, WA 98107, USA",47.662605,-122.3703771
3885,"4223 UNIVERSITY WAY NE, SEATTLE, WA 98105, USA",47.6590369,-122.3133669
3886,"1601 2ND AVE, 100, SEATTLE, WA 98101, USA",47.6103433,-122.3401563
3887,"19002 13TH PL S, 3, SEATAC, WA 98148, USA",,
3888," SEA-TAC AIRPORT, ConA, SEA TAC, WA 98158, USA",,
3889,"2841 S 188TH ST, SEATAC, WA 98188, USA",47.4341552,-122.2958679
3890,"10216 SE 256TH ST, 106, KENT, WA 98030, USA",,
3891,"7119 M L KING JR WAY S, Seattle, WA 98118, USA",,
3892,"20250 276TH AVE SE, HOBART, WA 98038, USA",47.4199223,-121.9726807
3893,"447 SW 153RD ST, Seattle, WA 98166, USA",,
3894,"16175 Cleveland ST, #107, REDMOND, WA 98052, USA",,
3895,"103 BELLEVUE WAY NE, STE 3, BELLEVUE, WA 98004, USA",,
3896,"2626 NE VILLAGE LN, SEATTLE, WA 98105, USA",47.6624128,-122.298902
3897,"215 JAMES ST, SEATTLE, WA 98104, USA",47.6024738,-122.3318467
3898,"507 C ST SW, AUBURN, WA 98001, USA",47.302487,-122.2330255
3899,"32124 25TH AVE S, Federal Way, WA 98003, USA",47.3138471,-122.3010253
3900,"211 DEXTER AVE N, Seattle, WA 98109, USA",47.6203256,-122.3428024
3901,"90 ANDOVER PARK E, TUKWILA, WA 98188, USA",47.4613351,-122.2494797
3902,"19621 INTERNATIONAL BLVD, SEA TAC, WA 98188, USA",,
3903,"17110 148TH AVE NE, Woodinville, WA 98072, USA",47.7517907,-122.1392922
3904,"14508 WOODINVILLE-REDMOND RD NE, WOODINVILLE, WA 98072, USA",47.7331816,-122.1528598
3905,"9796 HOLMAN RD NW, Seattle, WA 98117, USA",47.7011593,-122.3623657
3906,"9615 20TH AVE SW, SEATTLE, WA 98106, USA",47.5169678,-122.3596001
3907,"505 17TH AVE SE, Auburn, WA 98002, USA",,
3908,"7300 120TH AVE NE, Kirkland, WA 98033, USA",47.6706909,-122.1808437
3909,"8516 GREENWOOD AVE N, Seattle, WA 98103, USA",47.6908745,-122.3551243
3910,"7009 GREENWOOD AVE N, SEATTLE, WA 98103, USA",47.6796784,-122.3557852
3911,"1421 ELLIOTT AVE W, SEATTLE, WA 98119, USA",47.6308277,-122.3745615
3912,"728 21ST AVE E, SEATTLE, WA 98112, USA",47.6260756,-122.3041819
3913,"4142 42ND AVE SW, Seattle, WA 98116, USA",47.5653574,-122.3850531
3914,"5000 20th AVE NW, SEATTLE, WA 98107, USA",47.6656029,-122.3819747
3915,"380 UPLAND DR, TUKWILA, WA 98188, USA",47.4480459,-122.2565695
3916,"1005 TERRACE ST, SEATTLE, WA 98104, USA",47.6044645,-122.3218198
3917,"500 MINOR AVE N, SEATTLE, WA 98109, USA",47.62324,-122.332878
3918,"999 3RD AVE, 2, SEATTLE, WA 98104, USA",,
3919,"3016 78TH AVE SE, MERCER ISLAND, WA 98040, USA",47.5834689,-122.2327191
3920,"3013 BEACON AVE S, SEATTLE, WA 98144, USA",47.5766219,-122.3100052
3921,"664 S WELLER ST, SEATTLE, WA 98104, USA",47.5976282,-122.324324
3922,"6955 FORT DENT WAY, TUKWILA, WA 98188, USA",47.4674682,-122.2454829
3923,"206 WESTERN AVE W, SEATTLE, WA 98119, USA",47.6202689,-122.3603609
3924,"2241 148TH AVE NE, Bellevue, WA 98007, USA",47.6306875,-122.1449415
3925,"1901 WESTERN AVE, E, SEATTLE, WA 98101, USA",,
3926,"33427 Pacific HWY S, A, Federal Way, WA 98003, USA",,
3927,"113 SW 153RD ST, BURIEN, WA 98166, USA",47.4657711,-122.3346714
3928,"14339 NE 20TH ST, A, BELLEVUE, WA 98007, USA",47.6275787,-122.1489608
3929,"1640 S 318TH PL, A, FEDERAL WAY, WA 98003, USA",,
3930,"516 MAYNARD AVE S, SEATTLE, WA 98104, USA",47.5978114,-122.324854
3931,"800 UNION AVE NE, Renton, WA 98059, USA",47.4963612,-122.1633128
3932,"4744 University WAY NE, Seattle, WA 98105, USA",47.6644102,-122.3129288
3933,"703 E PIKE ST, Seattle, WA 98122, USA",47.6139483,-122.3231531
3934,"1805 136TH PL NE, 104, BELLEVUE, WA 98005, USA",,
3935,"15001 NE 36TH ST, Redmond, WA 98052, USA",47.6394868,-122.1374785
3936,"507 MAYNARD AVE S, 511C, SEATTLE, WA 98104, USA",,
3937,"13200 AURORA AVE N, F, SEATTLE, WA 98133, USA",47.7245197,-122.3438461
3938,"125 SW 148TH ST, B, BURIEN, WA 98166, USA",47.4698222,-122.3360706
3939,"17650 140TH AVE SE, RENTON, WA 98058, USA",47.444025,-122.1534802
3940,"8517 14TH AVE S, SEATTLE, WA 98108, USA",47.5267289,-122.3151613
3941,"8056 LAKE CITY WAY NE, SEATTLE, WA 98115, USA",47.687579,-122.311858
3942,"504 5TH AVE S, 107A, SEATTLE, WA 98104, USA",47.5980588,-122.3275117
3943,"1721 1ST AVE S, SEATTLE, WA 98134, USA",47.5875626,-122.334481
3944,"5321 NE 4TH ST, RENTON, WA 98059, USA",47.4878761,-122.147814
3945,"17801 INTERNATIONAL BLVD, C Con, SEATAC, WA 98158, USA",,
3946,"26420 MAPLE VALLEY-BLACK DIAMON RD, L102, MAPLE VALLEY, WA 98038, USA",,
3947,"507 15TH AVE E, SEATTLE, WA 98112, USA",47.6233694,-122.312828
3948,"17001 NE 104TH ST, Redmond, WA 98052, USA",47.6920965,-122.1135232
3949,"27641 144TH AVE SE, Kent, WA 98042, USA",47.3538803,-122.1516236
3950,"900 UNIVERSITY ST, SEATTLE, WA 98101, USA",47.6110465,-122.3289296
3951,"5701 6TH AVE S, SEATTLE, WA 98108, USA",47.5514889,-122.3282867
3952,"458 SW MOUNT SI BLVD, B3, NORTH BEND, WA 98045, USA",,
3953,"1414 2ND AVE, SEATTLE, WA 98101, USA",47.6088245,-122.3381541
3954,"5427 BALLARD AVE NW, SEATTLE, WA 98107, USA",47.6680496,-122.3857166
3955,"1650 E OLIVE WAY, SEATTLE, WA 98102, USA",47.6198759,-122.323832
3956,"3911 1ST AVE S, SEATTLE, WA 98134, USA",47.5676664,-122.3354883
3957,"8125 FALLS AVE SE, SNOQUALMIE, WA 98065, USA",47.5276924,-121.8239806
3958,"700 E PINE ST, Seattle, WA 98122, USA",47.6153574,-122.323178
3959,"21222 84TH AVE S, KENT, WA 98032, USA",47.411518,-122.2278524
3960,"2020 S 320TH ST, G, FEDERAL WAY, WA 98003, USA",,
3961,"1000 1ST AVE, SEATTLE, WA 98104, USA",47.6050656,-122.3361201
3962,"17100 SOUTHCENTER PKWY, Suite 128, Tukwila, WA 98188, USA",,
3963,"21237 84TH AVE S, KENT, WA 98032, USA",47.4095392,-122.2283751
3964,"4410 CALIFORNIA AVE SW, SEATTLE, WA 98116, USA",47.5643608,-122.3865232
3965,"8551 GREENWOOD AVE N, SEATTLE, WA 98103, USA",47.6923048,-122.3555406
3966,"730 Blanchard ST, SEATTLE, WA 98121, USA",47.6172377,-122.33953
3967,"16717 SE 272ND ST, 101C, COVINGTON, WA 98042, USA",,
3968,"35002 PACIFIC HWY S, A-104, FEDERAL WAY, WA 98003, USA",,
3969,"101 DENNY WAY, Seattle, WA 98109, USA",47.6185149,-122.35478
3970,"2208 QUEEN ANNE AVE N, SEATTLE, WA 98109, USA",47.6387102,-122.3567358
3971,"4200 E MADISON ST, SEATTLE, WA 98112, USA",47.6358827,-122.2782742
3972,"2410 S 312TH ST, FEDERAL WAY, WA 98003, USA",47.3223952,-122.3025121
3973,"1095 S 324TH ST, A, FEDERAL WAY, WA 98003, USA",,
3974,"420 8TH AVE S, SEATTLE, WA 98104, USA",47.5985046,-122.3222891
3975,"2900 78TH AVE SE, MERCER ISLAND, WA 98040, USA",47.5844008,-122.2333224
3976,"14423 AMBAUM BLVD SW, SEATTLE, WA 98166, USA",,
3977,"17801 INTERNATIONAL BLVD, CT-10, SEATAC, WA 98158, USA",,
3978,"3150 S 160th ST, SEATTLE, WA 98188, USA",,
3979,"17801 INTERNATIONAL BLVD, 01, SEATAC, WA 98158, USA",,
3980,"5000 E MARGINAL WAY S, SEATTLE, WA 98134, USA",47.5572665,-122.33857
3981,"17801 INTERNATIONAL BLVD, #3050, SEATAC, WA 98158, USA",,
3982,"17801 INTERNATIONAL BLVD, CC-02, SEATAC, WA 98158, USA",,
3983,"18230 E VALLEY HWY, #152, KENT, WA 98032, USA",47.4385839,-122.220247
3984,"12108 JUANITA DR NE, KIRKLAND, WA 98034, USA",47.7087235,-122.2371849
3985,"15120 NE 24TH ST, 18F, REDMOND, WA 98052, USA",,
3986,"298 106TH AVE NE, BELLEVUE, WA 98004, USA",47.6127667,-122.1986772
3987,"1501 E OLIVE WAY, Seattle, WA 98122, USA",47.6179198,-122.3259419
3988,"6105 ROOSEVELT WAY NE, A, SEATTLE, WA 98115, USA",47.6730696,-122.3175409
3989,"525 RAINIER AVE S, SEATTLE, WA 98144, USA",47.5976307,-122.313155
3990,"824 SW 152ND ST, BURIEN, WA 98166, USA",47.4668801,-122.3456775
3991,"11 MERCER ST, SEATTLE, WA 98109, USA",47.6244759,-122.3561344
3992,"8420 GREENWOOD AVE N, SEATTLE, WA 98103, USA",47.6900651,-122.35518
3993,"11022 NE 8TH ST, BELLEVUE, WA 98004, USA",47.6174616,-122.1932317
3994,"14801 NE 8TH ST, BELLEVUE, WA 98007, USA",47.6167193,-122.1425774
3995,"1207 S JACKSON ST, 104, Seattle, WA 98144, USA",,
3996,"3400 STONE WAY N, STE 4, SEATTLE, WA 98103, USA",,
3997,"4721 CALIFORNIA AVE SW, Seattle, WA 98116, USA",47.5604465,-122.3870061
3998,"101 W PARK ST, A, NORTH BEND, WA 98045, USA",47.4934808,-121.7875515
3999,"30402 132ND AVE SE, E, AUBURN, WA 98092, USA",,
4000,"3404 MAPLE VALLEY HWY, RENTON, WA 98058, USA",47.4749925,-122.1732382
4001,"9024 RAILROAD AVE SE, SNOQUALMIE, WA 98065, USA",47.5198643,-121.8181497
4002,"2041 7TH AVE, SEATTLE, WA 98121, USA",47.6154608,-122.3385073
4003,"1635 8TH AVE, SEATTLE, WA 98101, USA",47.6137114,-122.334167
4004,"15785 BEAR CREEK PKWY NE, REDMOND, WA 98052, USA",,
4005,"3244 139TH AVE SE, BELLEVUE, WA 98005, USA",47.584779,-122.154876
4006,"201 5th AVE N, SEATTLE, WA 98109, USA",47.6202536,-122.3478983
4007,"110 6th AVE N, SEATTLE, WA 98109, USA",47.6188102,-122.3446053
4008,"125 16TH AVE E, Seattle, WA 98112, USA",47.6189675,-122.3122285
4009,"900 160th AVE NE, 1, Bellevue, WA 98008, USA",,
4010,"2207 E MADISON ST, SEATTLE, WA 98112, USA",47.6181372,-122.3038632
4011,"2800 SOUTHCENTER MALL, FC13, TUKWILA, WA 98188, USA",,
4012,"13520 100TH AVE NE, KIRKLAND, WA 98034, USA",47.7219321,-122.2075014
4013,"3900 FACTORIA BLVD SE, #C, BELLEVUE, WA 98006, USA",,
4014,"23 LAKE BELLEVUE DR, BELLEVUE, WA 98005, USA",47.6191044,-122.1818447
4015,"4600 150TH AVE NE, REDMOND, WA 98052, USA",47.651235,-122.1392071
4016,"1001 FAIRVIEW AVE N, #1800, SEATTLE, WA 98109, USA",,
4017,"2255 140TH AVE NE, D, Bellevue, WA 98005, USA",,
4018,"6421 15TH AVE NW, #A, Seattle, WA 98107, USA",47.6758131,-122.37662
4019,"6500 4TH AVE S, SEATTLE, WA 98108, USA",47.5451456,-122.3291755
4020,"458 SW MT SI BLVD, B-1C, NORTH BEND, WA 98045, USA",,
4021,"4500 NE SUNSET BLVD, Renton, WA 98059, USA",47.505394,-122.1588284
4022,"15225 1ST AVE S, BURIEN, WA 98148, USA",47.4661492,-122.3342298
4023,"15301 MAPLE VALLEY HWY, RENTON, WA 98058, USA",47.4644852,-122.1359245
4024,"1802 12TH AVE NW, #F, ISSAQUAH, WA 98027, USA",47.5502213,-122.056098
4025,"20619 MILITARY RD S, SEATTLE, WA 98198, USA",47.5303474,-122.2943737
4026,"3219 M L KING JR WAY S, Seattle, WA 98144, USA",,
4027,"17203 15TH AVE NE, SHORELINE, WA 98155, USA",47.7541588,-122.313656
4028,"306 N 125TH ST, SEATTLE, WA 98133, USA",47.7198747,-122.3549008
4029,"1706 S 320TH ST, F, FEDERAL WAY, WA 98003, USA",,
4030,"13215 SE 240TH ST, B, KENT, WA 98042, USA",,
4031,"6524 NE 181ST ST, KENMORE, WA 98028, USA",47.7596846,-122.2519745
4032,"2434 32ND AVE W, Seattle, WA 98199, USA",47.640667,-122.3981604
4033,"1001 4th AVE, 510, Seattle, WA 98154, USA",,
4034,"1421 31ST AVE S, SEATTLE, WA 98144, USA",47.5897433,-122.2926774
4035,"12505 GREENWOOD AVE N, Seattle, WA 98133, USA",47.7208614,-122.35677
4036,"4433 S GRAHAM ST, 3, SEATTLE, WA 98118, USA",,
4037,"178 SW CAMPUS DR, FEDERAL WAY, WA 98023, USA",47.2902447,-122.335688
4038,"1433 NW SAMMAMISH RD, ISSAQUAH, WA 98027, USA",47.5512414,-122.0601662
4039,"1044 OUTLET COLLECTION WAY SW, AUBURN, WA 98001, USA",,
4040,"20402 INTERNATIONAL BLVD, SEA TAC, WA 98198, USA",,
4041,"10002 AURORA AVE N, 2-24, SEATTLE, WA 98133, USA",,
4042,"950 E MADISON ST, SEATTLE, WA 98122, USA",47.6118518,-122.3197218
4043,"14747 NE 20TH ST, BELLEVUE, WA 98007, USA",47.6271304,-122.1436821
4044,"610 RAINIER AVE S, RENTON, WA 98057, USA",47.4747122,-122.2141974
4045,"24060 104TH AVE SE, KENT, WA 98030, USA",47.3853214,-122.2018282
4046,"27149 185TH AVE SE, #117, COVINGTON, WA 98042, USA",,
4047,"400 PINE ST, 3050, SEATTLE, WA 98101, USA",,
4048,"1267 N 205th ST, SHORELINE, WA 98133, USA",47.7753409,-122.3433335
4049,"12942 NE 24TH ST, BELLEVUE, WA 98005, USA",47.631935,-122.1691345
4050,"601 SW 41ST ST, RENTON, WA 98057, USA",47.44312,-122.22516
4051,"12 BOSTON ST, Seattle, WA 98109, USA",47.6385159,-122.3563471
4052,"2717 61ST AVE SW, SEATTLE, WA 98116, USA",47.5784969,-122.4111083
4053,"1118 MYRTLE AVE, ENUMCLAW, WA 98022, USA",47.203768,-121.9886258
4054,"3208 W MCGRAW ST, Seattle, WA 98199, USA",47.639709,-122.398783
4055,"301 ORAVETZ PL SE, Auburn, WA 98092, USA",47.263966,-122.2275226
4056,"36001 1ST AVE S, Federal Way, WA 98003, USA",47.2763214,-122.3360702
4057,"5997 RAINIER AVE S, SEATTLE, WA 98118, USA",47.5475943,-122.2770023
4058,"18005 NE 68TH ST, REDMOND, WA 98052, USA",47.6664353,-122.0991773
4059,"23330 MAPLE VALLEY-BLACK DIAMON RD SE, A, MAPLE VALLEY, WA 98038, USA",,
4060,"1215 THOMAS ST, Seattle, WA 98109, USA",47.6206583,-122.3320703
4061,"3438 S 148TH ST, TUKWILA, WA 98168, USA",47.470972,-122.2880058
4062,"16906 116TH AVE SE, RENTON, WA 98058, USA",47.4501005,-122.1842693
4063,"14606 35TH AVE S, Tukwila, WA 98168, USA",47.4722918,-122.2878681
4064,"3900 S HOLLY PARK DR, SEATTLE, WA 98118, USA",,
4065,"1401 E Yesler WAY, SEATTLE, WA 98122, USA",47.6011058,-122.3137516
4066,"1401 E Yesler WAY, Seattle, WA 98122, USA",47.6011058,-122.3137516
4067,"1401 E Yesler WAY, SEATTLE, WA 98101, USA",47.6011058,-122.3137516
4068,"2400 1ST AVE, SEATTLE, WA 98121, USA",47.6143664,-122.3477997
4069,"15901 W VALLEY HWY, TUKWILA, WA 98188, USA",47.4601564,-122.2461291
4070,"333 15TH ST NE, AUBURN, WA 98002, USA",47.3213858,-122.2254055
4071,"16260 MILITARY RD S, SEA TAC, WA 98188, USA",,
4072,"4303 FREMONT AVE N, SEATTLE, WA 98103, USA",47.6591419,-122.350174
4073,"3207 CALIFORNIA AVE SW, SEATTLE, WA 98116, USA",47.5753744,-122.3870924
4074,"601 108TH AVE NE, #120, BELLEVUE, WA 98004, USA",,
4075,"4235 E Madison ST, SEATTLE, WA 98112, USA",47.636046,-122.2773323
4076,"1901 WESTERN AVE, D, SEATTLE, WA 98101, USA",47.609776,-122.3432257
4077,"8406 RAILROAD AVE SE, SNOQUALMIE, WA 98065, USA",47.5249726,-121.8221164
4078,"6417 ROOSEVELT WAY NE, SEATTLE, WA 98115, USA",47.6756157,-122.3175045
4079,"2108 E DENNY WAY, SEATTLE, WA 98122, USA",47.6183983,-122.3043585
4080,"30741 3RD AVE, 133, BLACK DIAMOND, WA 98010, USA",,
4081,"3080 148TH AVE SE, Bellevue, WA 98007, USA",47.5817781,-122.139981
4082,"653-B 156TH AVE NE, BELLEVUE, WA 98007, USA",47.6313147,-122.1323625
4083,"14625 NE 20TH ST, BELLEVUE, WA 98007, USA",47.627489,-122.1449133
4084,"10457 SE 240TH ST, KENT, WA 98031, USA",47.3866261,-122.2000887
4085,"23223 PACIFIC HWY S, KENT, WA 98032, USA",47.3931976,-122.2967373
4086,"2301 NW MARKET ST, SEATTLE, WA 98107, USA",47.6685284,-122.3864174
4087,"19987 1st AVE S, 101, Normandy Park, WA 98148, USA",,
4088,"1017 S JACKSON ST, B, Seattle, WA 98104, USA",,
4089,"17155 SOUTHCENTER PKWY, TUKWILA, WA 98188, USA",47.4496352,-122.2632231
4090,"525 NW LOCUST ST, ISSAQUAH, WA 98027, USA",47.5408089,-122.0446507
4091,"14553 BOTHELL WAY NE, SHORELINE, WA 98155, USA",47.7351977,-122.2928193
4092,"18002 15TH AVE NE, SHORELINE, WA 98155, USA",47.759535,-122.3131809
4093,"13754 AURORA AVE N, #D, SEATTLE, WA 98133, USA",47.7301777,-122.3445505
4094,"1913 N 45th ST, Seattle, WA 98103, USA",47.6612815,-122.3344363
4095,"2822 Western AVE, Seattle, WA 98121, USA",47.6162004,-122.3530557
4096,"4719 CALIFORNIA AVE SW, SEATTLE, WA 98116, USA",47.560547,-122.3870188
4097,"12345 8TH AVE NE, Seattle, WA 98125, USA",47.7186337,-122.3216209
4098,"529 C ST SW, AUBURN, WA 98001, USA",47.301828,-122.2335311
4099,"2141 WEST VALLEY HWY N, AUBURN, WA 98001, USA",47.3269189,-122.2507456
4100,"15500 SIMONDS RD NE, KENMORE, WA 98028, USA",47.7414843,-122.222623
4101,"14106 JUANITA DR NE, KIRKLAND, WA 98034, USA",47.7284063,-122.2437327
4102,"6505 INGLEWOOD RD NE, KENMORE, WA 98028, USA",47.7503466,-122.2559492
4103,"24120 NE 8TH ST, SAMMAMISH, WA 98074, USA",47.6180971,-122.0179491
4104,"1819 N 135TH ST, SEATTLE, WA 98133, USA",47.7259435,-122.3378889
4105,"2050 NW MARKET ST, SEATTLE, WA 98107, USA",47.6688541,-122.3842733
4106,"25412 104TH AVE SE, Kent, WA 98030, USA",47.373729,-122.2008512
4107,"1513 BROADWAY, C, SEATTLE, WA 98122, USA",47.6145348,-122.3210094
4108,"4220 12th AVE NE, MR-2, SEATTLE, WA 98105, USA",,
4109,"2501 15TH AVE W, Seattle, WA 98119, USA",47.6412423,-122.3772029
4110,"850 103RD AVE NE, 208, BELLEVUE, WA 98004, USA",,
4111,"16245 NE 24TH ST, BELLEVUE, WA 98008, USA",47.6290328,-122.1241742
4112,"11133 NE 65TH ST, Kirkland, WA 98033, USA",47.664105,-122.1912096
4113,"15015 MAIN ST, BELLEVUE, WA 98007, USA",47.6083143,-122.1425307
4114,"655 156th AVE SE, -104, BELLEVUE, WA 98007, USA",,
4115,"414 8TH AVE S, SEATTLE, WA 98104, USA",47.5987122,-122.3222932
4116,"1620 S 312TH ST, #A, FEDERAL WAY, WA 98003, USA",,
4117,"7330 164TH AVE NE, E-200, REDMOND, WA 98052, USA",,
4118,"17530 132ND AVE NE, #F, WOODINVILLE, WA 98072, USA",,
4119,"101 W NORTH BEND WAY, NORTH BEND, WA 98045, USA",47.4948726,-121.7860236
4120,"17017 SE 270TH PL, 101, COVINGTON, WA 98042, USA",,
4121,"222 1ST AVE S, KENT, WA 98032, USA",47.380278,-122.2334104
4122,"2123 N 40TH ST, Seattle, WA 98103, USA",47.6554359,-122.3328118
4123,"2316 NE 65th ST, SEATTLE, WA 98115, USA",47.6759934,-122.3019943
4124,"170 LAKE ST S, KIRKLAND, WA 98033, USA",47.6743278,-122.2058545
4125,"14605 1ST AVE S, BURIEN, WA 98168, USA",47.47197,-122.334354
4126,"9525 14TH AVE S, SEATTLE, WA 98108, USA",47.5179627,-122.315547
4127,"611 BROADWAY E, SEATTLE, WA 98102, USA",47.6246337,-122.3211449
4128,"421 CENTRAL AVE S, KENT, WA 98032, USA",47.3780128,-122.2311465
4129,"13622 NE 20TH ST, D, BELLEVUE, WA 98005, USA",,
4130,"12501 BEL RED RD, BELLEVUE, WA 98005, USA",47.6198127,-122.1727882
4131,"3355 146TH PL SE, 110, BELLEVUE, WA 98007, USA",,
4132,"15600 NE 8TH ST, #PM1-, Bellevue, WA 98008, USA",,
4133,"5437 ISLAND CREST WAY, Mercer Island, WA 98040, USA",47.5540695,-122.2228917
4134,"17705 VASHON HWY SW, VASHON ISLAND, WA 98070, USA",,
4135,"4869 RAINIER AVE S, Seattle, WA 98118, USA",47.5581234,-122.2854077
4136,"3033 78TH AVE SE, MERCER ISLAND, WA 98040, USA",47.5825696,-122.2346907
4137,"7447 84TH AVE SE, MERCER ISLAND, WA 98040, USA",47.5368179,-122.2285665
4138,"1580 NW GILMAN BLVD, Issaquah, WA 98027, USA",47.5467363,-122.0611967
4139,"25 NW GILMAN BLVD, Issaquah, WA 98027, USA",47.5380108,-122.0367468
4140,"317 NW GILMAN BLVD, #47, ISSAQUAH, WA 98027, USA",,
4141,"700 2ND AVE SE, ISSAQUAH, WA 98027, USA",47.5224809,-122.0286682
4142,"1484 HYLA AVE NW, ISSAQUAH, WA 98027, USA",47.5467723,-122.0650381
4143,"500 2ND AVE SE, ISSAQUAH, WA 98027, USA",47.525369,-122.0322
4144,"1025 NW GILMAN BLVD, E5, Issaquah, WA 98027, USA",,
4145,"16300 SE RENTON ISSAQUAH RD, RENTON, WA 98059, USA",47.5009682,-122.1231611
4146,"555 NW HOLLY ST, Issaquah, WA 98027, USA",47.5364209,-122.0456177
4147,"7329 BETTER WAY LOOP SE, 125, SNOQUALMIE, WA 98065, USA",,
4148,"1441 NW RICHMOND BEACH RD, SHORELINE, WA 98177, USA",47.7697754,-122.3769995
4149,"620 AUBURN WAY S, G, Auburn, WA 98002, USA",,
4150,"1618 N 45TH ST, Seattle, WA 98103, USA",47.6615057,-122.3382597
4151,"575 BELLEVUE SQ, #405, BELLEVUE, WA 98004, USA",,
4152,"36201 ENCHANTED WAY, FEDERAL WAY, WA 98003, USA",47.2738171,-122.3099914
4153,"550 106th AVE NE, BELLEUE, WA 98004, USA",,
4154,"4743 BROOKLYN AVE NE, Seattle, WA 98105, USA",47.6643454,-122.3144605
4155,"1028 MADISON ST, SEATTLE, WA 98104, USA",47.6091024,-122.3259321
4156,"32621 3RD AVE, BLACK DIAMOND, WA 98010, USA",47.3086706,-122.0038193
4157,"15608 NE WOODINVILLE-DUVALL PL, WOODINVILLE, WA 98072, USA",47.7624909,-122.1312882
4158,"305 NW 85TH ST, SEATTLE, WA 98117, USA",47.6903568,-122.361061
4159,"523 MAYNARD AVE S, SEATTLE, WA 98104, USA",47.5977374,-122.325226
4160,"1118 STEVENSON AVE, ENUMCLAW, WA 98022, USA",47.2019768,-121.9910404
4161,"4160 CALIFORNIA AVE SW, SEATTLE, WA 98116, USA",47.5648061,-122.3865627
4162,"1001 ALASKAN WAY, SEATTLE, WA 98104, USA",47.6041175,-122.3395997
4163,"125 SW 148TH ST, D, BURIEN, WA 98166, USA",,
4164,"1505 156TH AVE NE, BELLEVUE, WA 98007, USA",47.6234517,-122.1327953
4165,"2004 S 320TH ST, FEDERAL WAY, WA 98003, USA",47.3160513,-122.3079668
4166,"401 NE NORTHLAKE WAY, Seattle, WA 98105, USA",47.6536059,-122.3240253
4167,"5910 LAKE WASHINGTON BLVD NE, Kirkland, WA 98033, USA",47.660562,-122.2060618
4168,"13448 AURORA AVE N, SEATTLE, WA 98133, USA",47.7264586,-122.3442161
4169,"25405 104TH AVE SE, Kent, WA 98030, USA",47.374499,-122.2028848
4170,"1201 LAKE WASHINGTON BLVD, Renton, WA 98056, USA",47.5069748,-122.2025231
4171,"6150 E LAKE SAMMAMISH PKWY, G, ISSAQUAH, WA 98029, USA",,
4172,"4522 TOLT AVE, CARNATION, WA 98014, USA",47.6482774,-121.9137703
4173,"22350 NE MARKET PLACE DR, REDMOND, WA 98053, USA",,
4174,"15329 BROWN AVE NE, Duvall, WA 98019, USA",47.7390732,-121.9862959
4175,"1118 OUTLET COLLECTION WAY SW, #105, AUBURN, WA 98001, USA",,
4176,"12539 116TH AVE NE, Kirkland, WA 98034, USA",47.71244,-122.1879051
4177,"3801 E MERCER WAY, MERCER ISLAND, WA 98040, USA",47.5755543,-122.2082835
4178,"8932 161ST AVE NE, REDMOND, WA 98052, USA",47.6819189,-122.1233962
4179,"23826 PACIFIC HWY S, Kent, WA 98032, USA",47.3876277,-122.2956153
4180,"15770 REDMOND WAY, REDMOND, WA 98052, USA",47.6742606,-122.1301622
4181,"202 E MAIN ST, 6B, AUBURN, WA 98002, USA",,
4182,"1025 NW Gilman Blvd E8, Issaquah, WA 98027, USA",,
4183,"14810 NE 145TH ST, B, WOODINVILLE, WA 98072, USA",,
4184,"1610 S 347TH PL, FEDERAL WAY, WA 98003, USA",47.2906075,-122.3128303
4185,"402 SEATTLE BLVD N, PACIFIC, WA 98047, USA",47.2727822,-122.2556865
4186,"221 CENTRAL AVE N, KENT, WA 98032, USA",47.3830057,-122.2313996
4187,"2400 SW 336TH ST, FEDERAL WAY, WA 98023, USA",47.3010366,-122.3640146
4188,"311 GRIFFIN AVE, ENUMCLAW, WA 98022, USA",47.2001344,-121.9820166
4189,"740 NW GILMAN BLVD, ISSAQUAH, WA 98027, USA",47.5446755,-122.0500334
4190,"4810 NE 4TH ST, RENTON, WA 98059, USA",47.4888962,-122.154696
4191,"16280 NE 87TH ST, REDMOND, WA 98052, USA",47.6800616,-122.122612
4192,"12515 AURORA AVE N, SEATTLE, WA 98133, USA",47.7202972,-122.3454545
4193,"3742 S 144TH ST, TUKWILA, WA 98168, USA",47.4744872,-122.2847464
4194,"3179 156TH AVE SE, BELLEVUE, WA 98007, USA",47.5815657,-122.1354914
4195,"14206 1ST AVE S, SEATTLE, WA 98168, USA",47.5228934,-122.3348648
4196,"1127 SW 128TH ST, SEATTLE, WA 98146, USA",,
4197,"479 RAINIER AVE S, RENTON, WA 98057, USA",47.4769685,-122.2159505
4198,"18213 AURORA AVE N, SHORELINE, WA 98133, USA",47.7610665,-122.3464356
4199,"2813 NE SUNSET BLVD, RENTON, WA 98056, USA",47.5008852,-122.1791331
4200,"1900 148TH AVE NE, BELLEVUE, WA 98007, USA",47.6269957,-122.1426839
4201,"8502 AURORA AVE N, SEATTLE, WA 98103, USA",47.6906916,-122.344712
4202,"340 15TH ST NE, AUBURN, WA 98002, USA",47.3205993,-122.2250761
4203,"2840 S 188TH ST, SEATTLE, WA 98188, USA",,
4204,"23911 104TH AVE SE, KENT, WA 98031, USA",47.3878613,-122.2026546
4205,"12409 NE 116TH ST, KIRKLAND, WA 98033, USA",47.7036051,-122.1754651
4206,"1907 4TH AVE S, SEATTLE, WA 98134, USA",47.5856973,-122.3295037
4207,"22633 MARINE VIEW DR S, DES MOINES, WA 98198, USA",47.3983228,-122.3248802
4208,"20746 108TH AVE SE, KENT, WA 98031, USA",47.4162142,-122.1965099
4209,"4203 SW ADMIRAL WAY, SEATTLE, WA 98116, USA",47.5811031,-122.3853786
4210,"1810 S 272ND ST, DES MOINES, WA 98198, USA",47.3541578,-122.3120328
4211,"13050 INTERURBAN AVE S, SEATTLE, WA 98168, USA",,
4212,"17445 131ST AVE NE, WOODINVILLE, WA 98072, USA",47.7536367,-122.1658905
4213,"5903 1ST AVE S, SEATTLE, WA 98108, USA",47.5500002,-122.3345973
4214,"8829 S 180TH ST, KENT, WA 98032, USA",,
4215,"16757 SE 272ND ST, COVINGTON, WA 98042, USA",47.3578074,-122.1166877
4216,"2808 CALDER AVE NE, 12234, REDMOND, WA 98052, USA",,
4217,"701 5TH AVE, #112A, SEATTLE, WA 98104, USA",,
4218,"228 9TH AVE N, SEATTLE, WA 98109, USA",47.6204545,-122.3396163
4219,"3924 AIRPORT WAY S, SEATTLE, WA 98108, USA",47.5682691,-122.3223357
4220,"35731 W VALLEY HWY S, AUBURN, WA 98001, USA",47.3470052,-122.2496612
4221,"31254 PACIFIC HWY S, Federal Way, WA 98003, USA",47.3208483,-122.313054
4222,"2115 BEL-RED RD, REDMOND, WA 98052, USA",47.6293051,-122.1355733
4223,"1514 PIKE PL, 2, SEATTLE, WA 98101, USA",,
4224,"4868 RAINIER AVE S, SEATTLE, WA 98118, USA",47.5580652,-122.2849482
4225,"11700 NE 160TH ST, BOTHELL, WA 98011, USA",47.7442281,-122.1842265
4226,"17409 133RD AVE NE, 115, WOODINVILLE, WA 98072, USA",,
4227,"1000 NE 135TH ST, Seattle, WA 98125, USA",47.72858,-122.3170222
4228,"2901 S JACKSON ST, SEATTLE, WA 98144, USA",47.5989762,-122.2947093
4229,"13106 NE 175TH ST, Woodinville, WA 98072, USA",47.7548409,-122.1646464
4230,"15606 NE WOODINVILLE DUVALL RD, WOODINVILLE, WA 98072, USA",47.7616354,-122.1313365
4231,"12221 NE 124TH ST, KIRKLAND, WA 98034, USA",47.7084263,-122.17776
4232,"11520 AVONDALE RD NE, Redmond, WA 98052, USA",47.7028303,-122.0924821
4233,"10801 NE 68TH ST, KIRKLAND, WA 98033, USA",47.6663626,-122.1957925
4234,"12001 NE 8TH ST, Bellevue, WA 98005, USA",47.6170054,-122.1798824
4235,"2903 78TH AVE SE, MERCER ISLAND, WA 98040, USA",47.584018,-122.2341049
4236,"3670 150TH AVE SE, Bellevue, WA 98006, USA",47.57621,-122.1398741
4237,"1605 NW GILMAN BLVD, ISSAQUAH, WA 98027, USA",47.5454648,-122.0614581
4238,"825 FRONT ST N, ISSAQUAH, WA 98027, USA",47.5387178,-122.0364284
4239,"2936 228TH AVE SE, SAMMAMISH, WA 98075, USA",47.5833061,-122.0347308
4240,"4333 TOLT AVE, Carnation, WA 98014, USA",47.6470609,-121.9151581
4241,"4102 NE 4TH ST, Renton, WA 98059, USA",47.4888981,-122.1636834
4242,"13138 INTERURBAN AVE S, Seattle, WA 98168, USA",,
4243,"17941 108TH AVE SE, RENTON, WA 98055, USA",47.4418123,-122.197367
4244,"22588 84TH AVE S, KENT, WA 98032, USA",47.3996054,-122.227908
4245,"1720 S 272ND ST, DES MOINES, WA 98198, USA",47.3581783,-122.3109832
4246,"1520 S 348TH ST, FEDERAL WAY, WA 98003, USA",47.2903992,-122.3141307
4247,"902 SUPERMALL WAY, AUBURN, WA 98001, USA",47.2966305,-122.2415409
4248,"10 DENNY WAY, Seattle, WA 98109, USA",47.6185236,-122.3564851
4249,"15 E SUNSET WAY, ISSAQUAH, WA 98027, USA",47.5300374,-122.036204
4250,"424 7TH AVE S, SEATTLE, WA 98104, USA",47.5984709,-122.323587
4251,"8904 AURORA AVE N, Seattle, WA 98103, USA",47.6936762,-122.3443025
4252,"12500 LAKE CITY WAY NE, SEATTLE, WA 98125, USA",47.7194327,-122.294848
4253,"2801 E MADISON ST, SEATTLE, WA 98112, USA",47.6234821,-122.2959789
4254,"23100 PACIFIC HWY S, 101, DES MOINES, WA 98198, USA",,
4255,"306 WILLIAMS AVE S, RENTON, WA 98057, USA",47.4794055,-122.2063739
4256,"3423 FREMONT AVE N, Seattle, WA 98103, USA",47.6503182,-122.3500891
4257,"4214-A UNIVERSITY WAY NE, Seattle, WA 98105, USA",47.665669,-122.3130556
4258,"14 FRONT ST N, ISSAQUAH, WA 98027, USA",47.5303803,-122.0363951
4259,"12336 31ST AVE NE, SEATTLE, WA 98125, USA",47.7185554,-122.2948838
4260,"14200 TUKWILA INTERNATIONAL BLVD, 141, TUKWILA, WA 98168, USA",,
4261,"22315 MARINE VIEW DR S, SEATTLE, WA 98198, USA",,
4262,"16002 REDMOND WAY NE, Redmond, WA 98052, USA",,
4263,"6160 E LAKE SAMMAMISH PKWY SE, ISSAQUAH, WA 98029, USA",47.5470016,-122.0396501
4264,"680 SOUTHCENTER MALL, #1110, TUKWILA, WA 98188, USA",,
4265,"1413 S 348TH ST, L-101, FEDERAL WAY, WA 98003, USA",47.2893949,-122.315481
4266,"17125 SE 270TH PL, #101, COVINGTON, WA 98042, USA",,
4267,"131 BELLEVUE SQUARE, BELLEVUE, WA 98004, USA",,
4268,"11725 1ST AVE NE, SEATTLE, WA 98125, USA",47.714311,-122.3290424
4269,"1133 W JAMES ST, KENT, WA 98032, USA",47.3869245,-122.246814
4270,"509 15TH AVE E, Seattle, WA 98112, USA",47.6234297,-122.3128279
4271,"13401 Roosevelt WAY N, SEATTLE, WA 98133, USA",47.7260313,-122.3293562
4272,"11051 34TH AVE NE, SEATTLE, WA 98125, USA",47.7101948,-122.2934203
4273,"15100 SE 38TH ST, Bellevue, WA 98006, USA",47.5765354,-122.1381418
4274,"15932 NE 8TH ST, Bellevue, WA 98008, USA",47.6173616,-122.1273471
4275,"21425 PACIFIC HWY S, DES MOINES, WA 98198, USA",47.4087365,-122.2996
4276,"220 FRONT ST N, Issaquah, WA 98027, USA",47.532679,-122.0363531
4277,"1212 S King ST, SEATTLE, WA 98144, USA",47.5985479,-122.3165741
4278,"17875 NE REDMOND WAY, #144, REDMOND, WA 98052, USA",,
4279,"1400 1ST AVE, SEATTLE, WA 98101, USA",47.6080515,-122.339037
4280,"500 BELLEVUE WAY NE, #130, BELLEVUE, WA 98004, USA",,
4281,"7325 166TH AVE NE, F142, REDMOND, WA 98052, USA",,
4282,"11613 124TH AVE NE, F, KIRKLAND, WA 98034, USA",47.7046749,-122.1762717
4283,"31515 PETE VON REICHBAUER WAY S, 112, FEDERAL WAY, WA 98003, USA",,
4284,"1530 POST ALY, SEATTLE, WA 98101, USA",47.6094177,-122.3411298
4285,"2851 SW ROXBURY ST, SEATTLE, WA 98126, USA",47.5172659,-122.3709631
4286,"1428 NW LEARY WAY, SEATTLE, WA 98107, USA",47.663833,-122.374939
4287,"14500 15TH AVE NE, SHORELINE, WA 98155, USA",47.734077,-122.31263
4288,"19245 DES MOINES MEMORIAL DR S, SEA TAC, WA 98148, USA",,
4289,"1111 17TH AVE SE, AUBURN, WA 98002, USA",,
4290,"620 A ST SE, AUBURN, WA 98002, USA",47.3013057,-122.2283748
4291,"201 E JAMES ST, Kent, WA 98032, USA",47.386898,-122.2320768
4292,"1011 SR 906, SNOQUALMIE PASS, WA 98068, USA",,
4293,"15218 SE 272ND ST, Kent, WA 98042, USA",47.358193,-122.1386434
4294,"14820 TUKWILA INTERNATIONAL HWY, TUKWILA, WA 98168, USA",,
4295,"17550 NE 67TH CT, REDMOND, WA 98052, USA",47.6657399,-122.1066194
4296,"16341 SE RENTON ISSAQUAH RD, Renton, WA 98059, USA",47.5003432,-122.1223731
4297,"1067 SOUTHCENTER MALL, TUKWILA, WA 98188, USA",47.4579113,-122.2572197
4298,"7520 NE BOTHELL WAY, KENMORE, WA 98028, USA",47.7569482,-122.2394441
4299,"15815 1ST AVE S, BURIEN, WA 98148, USA",47.4612102,-122.3344436
4300,"15546 LAKE HILLS BLVD SE, F3 F4, BELLEVUE, WA 98007, USA",,
4301,"1510 NE 117TH ST, B, SEATTLE, WA 98125, USA",,
4302,"1060 E UNION ST, SEATTLE, WA 98122, USA",47.6130754,-122.3183672
4303,"1040 E UNION ST, SEATTLE, WA 98122, USA",47.6130765,-122.3185364
4304,"917 S NEBRASKA ST, SEATTLE, WA 98108, USA",47.5488206,-122.3201482
4305,"6808 E GREENLAKE WAY N, Seattle, WA 98115, USA",,
4306,"26915 186TH AVE SE, Kent, WA 98042, USA",,
4307,"4529 CALIFORNIA AVE SW, Seattle, WA 98116, USA",47.562069,-122.3870248
4308,"462 N 36TH ST, #107, SEATTLE, WA 98103, USA",,
4309,"1133 24TH AVE, N, SEATTLE, WA 98122, USA",47.6961923,-122.3876075
4310,"17309 SE 270th PL, A119, COVINGTON, WA 98042, USA",,
4311,"6920 COAL CREEK PKWY SE #7, NEWCASTLE, WA 98059, USA",,
4312,"2020 S 320TH ST, C, FEDERAL WAY, WA 98003, USA",,
4313,"920 15TH ST SW, Auburn, WA 98001, USA",47.2953917,-122.2402913
4314,"1401 S 348TH ST, M105, FEDERAL WAY, WA 98003, USA",,
4315,"13242 Aurora AVE N, Seattle, WA 98133, USA",47.7261133,-122.3445974
4316,"1289 N 205TH ST, SHORELINE, WA 98133, USA",47.7753377,-122.343013
4317,"22704 SE 4TH ST, 206, SAMMAMISH, WA 98074, USA",,
4318,"26300 238TH LN SE, MAPLE VALLEY, WA 98038, USA",47.3657961,-122.0223819
4319,"1125 N 152ND ST, SHORELINE, WA 98133, USA",47.7388084,-122.3440774
4320,"35509 21ST AVE SW, FEDERAL WAY, WA 98023, USA",47.2832626,-122.3626706
4321,"7234 NE BOTHELL WAY, KENMORE, WA 98028, USA",47.7580209,-122.2447353
4322,"7500 25TH AVE NE, Seattle, WA 98115, USA",47.6832832,-122.3004519
4323,"6920 COAL CREEK PKWY, #6, NEWCASTLE, WA 98059, USA",,
4324,"18404 120TH AVE NE, 106, BOTHELL, WA 98011, USA",,
4325,"321 NE THORNTON PL, SEATTLE, WA 98125, USA",47.7024574,-122.3245444
4326,"2931 RAINIER AVE S, SEATTLE, WA 98144, USA",47.5769191,-122.2973684
4327,"4735 UNIVERSITY WAY NE, SEATTLE, WA 98105, USA",47.6641324,-122.3132488
4328,"11111 NE 8th ST, 120, BELLEVUE, WA 98004, USA",,
4329,"14515 NE 20TH ST, Bellevue, WA 98007, USA",47.6274742,-122.1466098
4330,"7001 SEAVIEW AVE NW, #170, SEATTLE, WA 98117, USA",47.6806003,-122.4047438
4331,"5201 UNIVERSITY WAY NE, SEATTLE, WA 98105, USA",47.6666128,-122.3135496
4332,"7500 M L KING JR WAY S, Seattle, WA 98118, USA",,
4333,"507 NE NORTHGATE WAY, SEATTLE, WA 98125, USA",47.7080922,-122.3226213
4334,"804 LANDING WAY, 408, RENTON, WA 98057, USA",,
4335,"15253 BEL RED RD, BELLEVUE, WA 98007, USA",47.6287163,-122.1350637
4336,"12305 120TH AVE NE, #E, KIRKLAND, WA 98034, USA",47.7090757,-122.1850293
4337,"102 1ST AVE S, SEATTLE, WA 98104, USA",47.6015362,-122.333957
4338,"8074 160TH AVE NE, REDMOND, WA 98052, USA",47.6756342,-122.1271082
4339,"13780 NE 175TH ST, #106, WOODINVILLE, WA 98072, USA",,
4340,"1567 HIGHLANDS DR NE, #100, ISSAQUAH, WA 98029, USA",,
4341,"710 228th AVE NE, SAMMAMISH, WA 98074, USA",47.6159012,-122.0336251
4342,"1032 106TH AVE NE, #1213, BELLEVUE, WA 98004, USA",,
4343,"12816 SE 38TH ST, BELLEVUE, WA 98006, USA",47.5763862,-122.1683383
4344,"17224 SE 272ND ST, #3, COVINGTON, WA 98042, USA",47.3585385,-122.1114194
4345,"1420 5TH AVE, SEATTLE, WA 98101, USA",47.610486,-122.3346274
4346,"1221 MADISON ST, Seattle, WA 98104, USA",47.6100549,-122.3231936
4347,"31889 GATEWAY CENTER BLVD S, Federal Way, WA 98003, USA",47.3164542,-122.3012157
4348,"92 CENTRAL WAY, KIRKLAND, WA 98033, USA",47.6764951,-122.2085004
4349,"390 WESTLAKE AVE N, #W.-C, SEATTLE, WA 98109, USA",,
4350,"701 5TH AVE, 211, SEATTLE, WA 98104, USA",47.6044785,-122.3305363
4351,"1940 1ST AVE S, SEATTLE, WA 98134, USA",47.5848009,-122.333966
4352,"229 WASHINGTON AVE N, KENT, WA 98032, USA",47.3827163,-122.2477669
4353,"6702 BOTHELL WAY NE, KENMORE, WA 98028, USA",47.7558496,-122.2721841
4354,"439 RAINIER AVE S, RENTON, WA 98057, USA",47.4774546,-122.2163838
4355,"1835 AUBURN WAY N, #A, AUBURN, WA 98002, USA",47.3244826,-122.2218167
4356,"21110 84TH AVE S, 100, KENT, WA 98032, USA",,
4357,"34902 PACIFIC HWY S, FEDERAL WAY, WA 98003, USA",47.2886645,-122.3180147
4358,"225 SW 7TH ST, RENTON, WA 98057, USA",47.473495,-122.2190584
4359,"1046 1ST AVE S, SEATTLE, WA 98134, USA",47.5925675,-122.3335121
4360,"12402 SE 38th ST, BELLEVUE, WA 98006, USA",47.5778475,-122.1732916
4361,"226 Main ST, Kirkland, WA 98033, USA",47.6768281,-122.2046346
4362,"12300 MAIN ST, BELLEVUE, WA 98005, USA",47.6113615,-122.1762978
4363,"1325 4TH AVE, 103, Seattle, WA 98101, USA",,
4364,"15600 NE 8TH ST, #0-11, BELLEVUE, WA 98008, USA",,
4365,"17208 BOTHELL WAY NE, BOTHELL, WA 98011, USA",47.7526287,-122.2113504
4366,"1640 FELL ST, ENUMCLAW, WA 98022, USA",47.2065168,-121.9939739
4367,"15219 21ST AVE SW, Seattle, WA 98166, USA",47.5162428,-122.3605239
4368,"14404 137TH PL NE, WOODINVILLE, WA 98072, USA",47.7317166,-122.1562048
4369,"31248 PACIFIC HWY S, E, FEDERAL WAY, WA 98003, USA",,
4370,"6115 NE BOTHELL WAY, Kenmore, WA 98028, USA",47.7581167,-122.2613111
4371,"10237 MAIN ST, BELLEVUE, WA 98004, USA",47.6099878,-122.2035164
4372,"2118 7TH AVE, SEATTLE, WA 98121, USA",47.6164435,-122.339107
4373,"2620 NE UNIVERSITY VILLAGE ST, SEATTLE, WA 98105, USA",47.6639486,-122.2989951
4374,"11910 NE VILLAGE PLZ, KIRKLAND, WA 98034, USA",47.7125817,-122.1807033
4375,"1230 S 336TH ST, #C, FEDERAL WAY, WA 98003, USA",,
4376,"6621 S 211TH ST, #101, KENT, WA 98032, USA",,
4377,"1551 MCHUGH AVE, ENUMCLAW, WA 98022, USA",47.2141225,-121.9890433
4378,"500 S KING ST, SEATTLE, WA 98104, USA",47.5984737,-122.3275111
4379,"2603 NE 46TH ST, SEATTLE, WA 98105, USA",47.6616138,-122.299772
4380,"758 SOUTHCENTER MALL, TUKWILA, WA 98188, USA",47.4577328,-122.2578263
4381,"800 BELLEVUE WAY, BELLEVUE, WA 98004, USA",47.617826,-122.200923
4382,"201 GARFIELD ST, SEATTLE, WA 98109, USA",47.6327505,-122.3519988
4383,"11111 8TH ST, #125, BELLEVUE, WA 98004, USA",,
4384,"520 NE RAVENNA BLVD, Seattle, WA 98115, USA",47.6771968,-122.3222923
4385,"3301 S HORTON ST, SEATTLE, WA 98144, USA",47.5734685,-122.2907526
4386,"14012 132ND AVE NE, Kirkland, WA 98034, USA",47.7265063,-122.1628505
4387,"4030 NE 109TH ST, SEATTLE, WA 98125, USA",47.7065021,-122.2847711
4388,"4057 5TH AVE NE, SEATTLE, WA 98105, USA",47.6569703,-122.3240326
4389,"650 SW CAMPUS DR, Federal Way, WA 98023, USA",47.2953982,-122.3433511
4390,"3272 FUHRMAN AVE E, 100, SEATTLE, WA 98102, USA",,
4391,"418 RAMSEY WAY, 101, KENT, WA 98032, USA",,
4392,"6205 15TH AVE NW, SEATTLE, WA 98107, USA",47.6740521,-122.3764666
4393,"98 FRONT ST N, ISSAQUAH, WA 98027, USA",47.5313303,-122.0363854
4394,"5614 E LAKE SAMMAMISH PKWY SE, Issaquah, WA 98029, USA",47.551716,-122.0435412
4395,"618 NW 65TH ST, SEATTLE, WA 98117, USA",47.676071,-122.3641965
4396,"3820 RAINIER AVE S, Seattle, WA 98118, USA",47.568114,-122.2887331
4397,"1372 SOUTHCENTER MALL, TUKWILA, WA 98188, USA",47.4595296,-122.2559116
4398,"656 STRANDER BLVD, TUKWILA, WA 98188, USA",47.45738,-122.2451032
4399,"25445 104TH AVE SE, KENT, WA 98030, USA",47.3734705,-122.2028733
4400,"3506 STONE WAY N, SEATTLE, WA 98103, USA",47.6497249,-122.3424
4401,"214 MADISON ST, SEATTLE, WA 98104, USA",47.6055642,-122.334563
4402,"3930 A ST SE, #305, AUBURN, WA 98002, USA",,
4403,"900 S JACKSON ST, 203, SEATTLE, WA 98104, USA",,
4404,"15920 NE 8TH ST, 1, BELLEVUE, WA 98008, USA",47.6176366,-122.1279503
4405,"1101 OUTLET COLLECTION WAY SW, 1348, AUBURN, WA 98001, USA",,
4406,"13038 SE KENT KANGLEY RD, KENT, WA 98030, USA",47.3585313,-122.1663892
4407,"32925 1ST AVE S, P, FEDERAL WAY, WA 98003, USA",,
4408,"9714 NE JUANITA DR, C, KIRKLAND, WA 98034, USA",47.7052632,-122.2122591
4409,"9635 NE 132ND ST, KIRKLAND, WA 98034, USA",47.718101,-122.207935
4410,"10601 NE 132ND ST, KIRKLAND, WA 98034, USA",47.715489,-122.2004345
4411,"10601 NE 132ND ST, Kirkland, WA 98034, USA",47.7148986,-122.1997857
4412,"9702 JUANITA DR NE, Kirkland, WA 98034, USA",47.7053263,-122.2127843
4413,"14223 TUKWILA INTERNATIONAL BLVD, TUKWILA, WA 98168, USA",47.4750028,-122.2845415
4414,"110 BOREN AVE S, SEATTLE, WA 98144, USA",47.600767,-122.3167203
4415,"9252 57TH AVE S, SEATTLE, WA 98118, USA",47.5200927,-122.2613836
4416,"418 8TH AVE S, SEATTLE, WA 98104, USA",47.5985994,-122.3222896
4417,"17171 BOTHELL WAY NE, Lake Forest Park, WA 98155, USA",47.7549291,-122.2803149
4418,"701 5TH AVE, SEATTLE, WA 98104, USA",47.6045429,-122.3307181
4419,"18779 ANDERSON PKWY NE, POULSBO, WA 98370, USA",,
4420,"4405 WALLINGFORD AVE N, SEATTLE, WA 98103, USA",47.6605063,-122.3363845
4421,"5919 AIRPORT WAY S, Seattle, WA 98108, USA",47.5496126,-122.317554
4422,"300 BROADWAY E, Seattle, WA 98102, USA",47.621253,-122.3206536
4423,"1600 LIND AVE SW, RENTON, WA 98057, USA",47.4648808,-122.2216242
4424,"10023 NE 183RD ST, BOTHELL, WA 98011, USA",47.7605351,-122.2062551
4425,"3440 SW 320TH ST, FEDERAL WAY, WA 98023, USA",47.3139067,-122.3749131
4426,"29005 MILITARY RD S, FEDERAL WAY, WA 98003, USA",47.3417242,-122.3019986
4427,"722 E PIKE ST, SEATTLE, WA 98122, USA",47.6142279,-122.3222957
4428,"5901 CALIFORNIA AVE SW, Seattle, WA 98136, USA",47.5501866,-122.3872637
4429,"700 3RD AVE, SEATTLE, WA 98104, USA",47.6038362,-122.3319331
4430,"2126 2ND AVE, A, SEATTLE, WA 98121, USA",47.6132144,-122.3438682
4431,"743 N 35TH ST, 101, SEATTLE, WA 98103, USA",47.650136,-122.3480652
4432,"4510 UNIVERSITY WAY NE, SEATTLE, WA 98105, USA",47.6616455,-122.3129247
4433,"1212 E JEFFERSON ST, SEATTLE, WA 98122, USA",47.6064051,-122.3159671
4434,"9431 RAINIER AVE S, SEATTLE, WA 98118, USA",47.519876,-122.263647
4435,"20038 68TH AVE S, 105, KENT, WA 98032, USA",,
4436,"4735 42nd AVE SW, Seattle, WA 98116, USA",47.5598811,-122.3857168
4437,"131 BROADWAY E, SEATTLE, WA 98102, USA",47.6197011,-122.3210701
4438,"701 5th AVE, #205, SEATTLE, WA 98104, USA",,
4439,"800 OLIVE WAY, SEATTLE, WA 98101, USA",47.6145739,-122.3332211
4440,"117 KIRKLAND AVE, #117, KIRKLAND, WA 98033, USA",,
4441,"4339 UNIVERSITY WAY NE, SEATTLE, WA 98105, USA",47.6609558,-122.3133195
4442,"4059 FACTORIA SQUARE MALL SE, F06, BELLEVUE, WA 98006, USA",,
4443,"23609 Pacific HWY S, A, Des Moines, WA 98198, USA",,
4444,"755 NW GILMAN BLVD, #D, ISSAQUAH, WA 98027, USA",,
4445,"334 NE NORTHGATE WAY, SEATTLE, WA 98125, USA",47.7087621,-122.324481
4446,"288 106TH AVE NE, 102-C, BELLEVUE, WA 98004, USA",,
4447,"727 N 10TH ST, G, RENTON, WA 98057, USA",47.4974866,-122.2052631
4448,"1525 QUEEN ANNE AVE N, SEATTLE, WA 98109, USA",47.6331383,-122.3572254
4449,"13228 SE 30TH ST, 6, BELLEVUE, WA 98005, USA",,
4450,"2758 78TH AVE SE, 140, Mercer Island, WA 98040, USA",,
4451,"734 N 34TH ST, SEATTLE, WA 98103, USA",47.6494722,-122.3482169
4452,"2215 NW MARKET ST, SEATTLE, WA 98107, USA",47.6685142,-122.3855842
4453,"26636 MAPLE VALLEY BLK DIAMOND RD SE, H100, MAPLE VALLEY, WA 98038, USA",,
4454,"17819 108TH AVE SE, RENTON, WA 98055, USA",47.4432617,-122.198748
4455,"3048 ISSAQUAH PINE LAKE RD SE, Sammamish, WA 98075, USA",47.5829337,-122.032865
4456,"9841 16TH AVE SW, SEATTLE, WA 98106, USA",47.514337,-122.3555275
4457,"4116 RAINIER AVE S, SEATTLE, WA 98118, USA",47.5655915,-122.2882935
4458,"7430 164TH AVE NE, B103, REDMOND, WA 98052, USA",47.6708058,-122.1212518
4459,"1136 S ALBRO PL, SEATTLE, WA 98108, USA",47.5464332,-122.3170594
4460,"3950 LEARY WAY NW, Seattle, WA 98107, USA",47.6556679,-122.3611565
4461,"15740 AURORA AVE N, SHORELINE, WA 98133, USA",47.7446447,-122.3449591
4462,"17450 WEST VALLEY HWY, Tukwila, WA 98188, USA",47.4470228,-122.2427138
4463,"2207 NE BEL/RED RD, Redmond, WA 98052, USA",,
4464,"305 HARRISON ST, 219, Seattle, WA 98109, USA",,
4465,"12041 124TH AVE NE, KIRKLAND, WA 98034, USA",47.706104,-122.1771012
4466,"25814 102ND PL SE, Kent, WA 98030, USA",47.370156,-122.2042605
4467,"2301 N 45TH ST, SEATTLE, WA 98103, USA",47.6612625,-122.3312033
4468,"216 E GOWE ST, KENT, WA 98032, USA",47.3808124,-122.2316099
4469,"8136 RAINIER AVE S, SEATTLE, WA 98118, USA",47.5298764,-122.2697126
4470,"12513 LAKE CITY WAY NE, SEATTLE, WA 98125, USA",47.7196902,-122.2952643
4471,"1312 NE 43RD ST, Seattle, WA 98105, USA",47.6599144,-122.3136632
4472,"1640 11th AVE, SEATTLE, WA 98122, USA",47.6162678,-122.3179969
4473,"415 Westlake AVE N, SEATTLE, WA 98109, USA",47.6225488,-122.338856
4474,"16864 SOUTHCENTER PKWY, TUKWILA, WA 98188, USA",47.4525763,-122.261353
4475,"2328 1ST AVE, SEATTLE, WA 98121, USA",47.6140326,-122.3473084
4476,"8518 GREENWOOD AVE N, Seattle, WA 98103, USA",47.690934,-122.3551223
4477,"5602 S WASHINGTON ST, TACOMA, WA 98409, USA",47.2059812,-122.4853319
4478,"10600 NE 68TH ST, #B, Kirkland, WA 98033, USA",47.6669399,-122.1983562
4479,"3520 FREMONT AVE N, SEATTLE, WA 98103, USA",47.6511647,-122.349716
4480,"12636 164TH AVE SE, RENTON, WA 98059, USA",47.4894349,-122.1210405
4481,"11613 124TH AVE NE, STE D, KIRKLAND, WA 98034, USA",,
4482,"14130 JUANITA DR NE, #102, KIRKLAND, WA 98034, USA",,
4483,"14111 132ND AVE NE, Kirkland, WA 98034, USA",47.728585,-122.1670568
4484,"1054 N 39TH ST, SEATTLE, WA 98103, USA",47.6540795,-122.3443541
4485,"739 W MAIN ST, AUBURN, WA 98001, USA",47.3079292,-122.2381605
4486,"2211 4TH AVE, SEATTLE, WA 98121, USA",47.6147395,-122.3432264
4487,"2026 NW MARKET ST, SEATTLE, WA 98107, USA",47.6689385,-122.3834415
4488,"16651 REDMOND WAY, REDMOND, WA 98052, USA",47.6724928,-122.1178197
4489,"16651 NE REDMOND WAY, Redmond, WA 98052, USA",,
4490,"1534 1ST AVE S, 400, seattle, WA 98134, USA",,
4491,"1101 23rd AVE, Seattle, WA 98122, USA",47.6116893,-122.3030609
4492,"404 N 36TH ST, SEATTLE, WA 98103, USA",47.6523605,-122.3540934
4493,"4521 17TH AVE NE, Seattle, WA 98105, USA",47.6617136,-122.3093901
4494,"4524 17TH AVE NE, Seattle, WA 98105, USA",47.6620156,-122.3090782
4495,"15061 MILITARY RD S, STE C, SEATAC, WA 98188, USA",,
4496,"4504 18TH AVE NE, SEATTLE, WA 98105, USA",47.661495,-122.3080302
4497,"2429 2ND AVE, Seattle, WA 98121, USA",47.6151228,-122.3478678
4498,"717 PINE ST, SEATTLE, WA 98101, USA",47.612719,-122.3334076
4499,"3800 34TH AVE W, SEATTLE, WA 98199, USA",47.6542638,-122.400344
4500,"3656 34TH AVE W, SEATTLE, WA 98199, USA",47.6539078,-122.4005539
4501,"94 STEWART ST, SEATTLE, WA 98101, USA",47.6102184,-122.3416411
4502,"7850 NE BOTHELL WAY, KENMORE, WA 98028, USA",47.756411,-122.2354313
4503,"11451 98TH AVE NE, KIRKLAND, WA 98033, USA",47.703618,-122.2106864
4504,"5800 4TH AVE S, SEATTLE, WA 98108, USA",47.5508291,-122.3292015
4505,"520 TERRY AVE N, A, SEATTLE, WA 98109, USA",,
4506,"520 Terry AVE N, Seattle, WA 98109, USA",47.6237702,-122.3369023
4507,"12540 120th AVE NE, 110, KIRKLAND, WA 98034, USA",,
4508,"1190 THOMAS ST, SEATTLE, WA 98109, USA",47.6209307,-122.3332743
4509,"31217 PACIFIC HWY S, C-103, FEDERAL WAY, WA 98003, USA",,
4510,"12700 SE 38TH ST, Bellevue, WA 98006, USA",47.576757,-122.1703203
4511,"1410 12TH AVE, SEATTLE, WA 98122, USA",47.6134133,-122.316617
4512,"1706 S 320TH ST, #A, FEDERAL WAY, WA 98003, USA",,
4513,"6621 S 211TH ST, #103, KENT, WA 98032, USA",,
4514,"122 WESTLAKE AVE N, SEATTLE, WA 98109, USA",47.6193834,-122.338233
4515,"2000 E UNION ST, SEATTLE, WA 98122, USA",47.6130621,-122.3059192
4516,"656 S KING ST, SEATTLE, WA 98104, USA",47.5984711,-122.3246971
4517,"6324 6TH AVE S, Seattle, WA 98108, USA",47.5455077,-122.325853
4518,"704 N 34TH ST, SEATTLE, WA 98103, USA",47.6496345,-122.3493242
4519,"2226 1ST AVE, SEATTLE, WA 98121, USA",47.613259,-122.345985
4520,"1701 E MADISON ST, SEATTLE, WA 98122, USA",47.615626,-122.3096648
4521,"1000 4th AVE, Seattle, WA 98104, USA",47.6067142,-122.3326983
4522,"7636 RAINIER AVE S, B, SEATTLE, WA 98118, USA",,
4523,"1449 E PINE ST, SEATTLE, WA 98122, USA",47.6151546,-122.312985
4524,"2234 1ST AVE, SEATTLE, WA 98121, USA",47.6134058,-122.3462025
4525,"16045 25TH AVE NE, SHORELINE, WA 98155, USA",47.746108,-122.3035512
4526,"1916 POST ALY, SEATTLE, WA 98101, USA",47.6103448,-122.3422879
4527,"11310 LAKE CITY WAY NE, SEATTLE, WA 98125, USA",47.711012,-122.2998511
4528,"33428 192ND AVE SE, AUBURN, WA 98092, USA",47.3017568,-122.0859472
4529,"24220 132ND AVE SE, KENT, WA 98042, USA",47.3847725,-122.165074
4530,"2600 SOUTHCENTER MALL, FC5, TUKWILA, WA 98188, USA",,
4531,"1828 12TH AVE, STE B, SEATTLE, WA 98122, USA",,
4532,"7231 GREENWOOD AVE N, SEATTLE, WA 98103, USA",47.6812992,-122.3554285
4533,"2400 6TH AVE W, Seattle, WA 98119, USA",47.6398029,-122.36455
4534,"19121 71ST AVE NE, KENMORE, WA 98028, USA",47.768364,-122.2456011
4535,"20323 66TH AVE NE, KENMORE, WA 98028, USA",47.7765432,-122.255137
4536,"140 S 140TH ST, Seattle, WA 98168, USA",47.7297412,-122.3037972
4537,"1700 NE 28TH ST, Renton, WA 98056, USA",47.5172961,-122.1970612
4538,"1616 NE 30TH ST, RENTON, WA 98056, USA",47.518639,-122.1971552
4539,"1410 N 30TH ST, Renton, WA 98056, USA",47.5187821,-122.1997353
4540,"21116 84TH AVE S, KENT, WA 98032, USA",47.4125869,-122.2278386
4541,"1234 CENTRAL AVE N, KENT, WA 98032, USA",47.3963595,-122.227164
4542,"10602 SE 256TH ST, Kent, WA 98030, USA",47.3729604,-122.1997264
4543,"24700 64TH AVE S, KENT, WA 98032, USA",47.3800526,-122.252129
4544,"13130 SE KENT KANGLEY RD, KENT, WA 98030, USA",47.3584408,-122.1659988
4545,"10515 SE 208TH ST, KENT, WA 98031, USA",47.4157773,-122.1987373
4546,"10020 SE 256TH ST, Kent, WA 98030, USA",47.3727275,-122.2072593
4547,"1230 S CENTRAL AVE, KENT, WA 98032, USA",47.3963941,-122.2279112
4548,"23643 104TH AVE SE, KENT, WA 98031, USA",47.3894277,-122.2030994
4549,"600 E SMITH ST, Kent, WA 98030, USA",47.3830636,-122.2268419
4550,"12033 SE 256TH ST, Kent, WA 98030, USA",47.3711064,-122.1794582
4551,"12033 SE 256TH ST, E, KENT, WA 98030, USA",47.3725628,-122.2027555
4552,"12430 SE 208TH ST, Kent, WA 98031, USA",47.4177246,-122.1729075
4553,"21214 84TH AVE S, Kent, WA 98032, USA",47.411666,-122.2278515
4554,"8815 S 180th ST, kent, WA 98032, USA",,
4555,"13111 SE 274TH ST, KENT, WA 98030, USA",47.3556462,-122.1664066
4556,"21401 SE 300TH ST, KENT, WA 98042, USA",,
4557,"12430 SE 208TH ST, KENT, WA 98031, USA",47.4177246,-122.1729075
4558,"25800 164TH AVE SE, Kent, WA 98042, USA",,
4559,"10630 NE 38TH PL, KIRKLAND, WA 98033, USA",47.645375,-122.1973028
4560,"1601 N 8TH ST, Renton, WA 98057, USA",47.4936923,-122.1976797
4561,"1114 Howell ST, Seattle, WA 98101, USA",47.6166458,-122.331073
4562,"2506 S JACKSON ST, 102, SEATTLE, WA 98144, USA",,
4563,"13248 AURORA AVE N, SEATTLE, WA 98133, USA",47.7264571,-122.3442708
4564,"2300 SW 336TH ST, FEDERAL WAY, WA 98023, USA",47.3009248,-122.3631729
4565,"604 RAINIER AVE S, RENTON, WA 98057, USA",47.4750207,-122.2144183
4566,"1002 AUBURN WAY N, Auburn, WA 98002, USA",47.3171803,-122.2214292
4567,"15209 1ST AVE S, SEATTLE, WA 98148, USA",47.5228934,-122.3348648
4568,"25925 PACIFIC HWY S, DES MOINES, WA 98198, USA",47.3690689,-122.3037931
4569,"210 W MERCER ST, SEATTLE, WA 98119, USA",47.6244319,-122.359596
4570,"15802 BEAR CREEK PKWY NE, REDMOND, WA 98052, USA",,
4571,"12611 SE 38TH ST, BELLEVUE, WA 98006, USA",47.5766612,-122.1715928
4572,"17101 140TH AVE NE, Woodinville, WA 98072, USA",47.751652,-122.152822
4573,"10414 SE 260TH ST, KENT, WA 98030, USA",47.3691851,-122.2019482
4574,"17425 SE 272ND ST, COVINGTON, WA 98042, USA",47.3578949,-122.109329
4575,"15036 TUKWILA INTERNATIONAL BLVD, TUKWILA, WA 98188, USA",47.4677679,-122.2870793
4576,"9401 RAINIER AVE S, SEATTLE, WA 98118, USA",47.5196071,-122.264687
4577,"1621 12th Ave, #102, Seattle, WA 98122, USA",47.6156632,-122.3171739
4578,"23227 PACIFIC HWY S, Kent, WA 98032, USA",47.3930806,-122.296746
4579,"15858 1ST AVE S, BURIEN, WA 98148, USA",47.4605094,-122.3338117
4580,"5963 CORSON AVE S, #166, SEATTLE, WA 98108, USA",47.547843,-122.3222788
4581,"100 FRONT ST S, ISSAQUAH, WA 98027, USA",47.5289966,-122.0361617
4582,"24228 104TH AVE SE, 106, KENT, WA 98030, USA",,
4583,"18230 E VALLEY HWY, STE 170, KENT, WA 98032, USA",,
4584,"603 E SMITH ST, KENT, WA 98038, USA",47.3835608,-122.2266465
4585,"800 N 10th PL, F, RENTON, WA 98057, USA",47.4982133,-122.2045678
4586,"6434 NE BOTHELL WAY, KENMORE, WA 98028, USA",47.7589686,-122.254958
4587,"4910 GREENLAKE WAY N, Seattle, WA 98103, USA",,
4588,"1201 LAKE WASHINGTON BLVD, RENTON, WA 98056, USA",47.5069748,-122.2025231
4589,"15607 1ST AVE S, BURIEN, WA 98148, USA",47.4631188,-122.3340363
4590,"1525 13TH AVE, 111, SEATTLE, WA 98122, USA",,
4591,"13200 AURORA AVE N, #E, SEATTLE, WA 98133, USA",47.7246251,-122.3438453
4592,"888 116TH AVE NE, BELLEVUE, WA 98004, USA",47.618094,-122.185514
4593,"12501 120TH AVE NE, KIRKLAND, WA 98034, USA",47.7116971,-122.1797608
4594,"1026 NE 64TH ST, SEATTLE, WA 98115, USA",47.6751401,-122.3158566
4595,"2200 WESTLAKE AVE, SEATTLE, WA 98121, USA",47.6183162,-122.3381763
4596,"17991 REDMOND WAY, REDMOND, WA 98052, USA",47.6661445,-122.1014109
4597,"4755 FAUNTLEROY WAY SW, SEATTLE, WA 98116, USA",47.5596936,-122.3818718
4598,"710 8TH AVE S, Seattle, WA 98104, USA",47.5965011,-122.3222665
4599,"4400 S 308TH ST, Auburn, WA 98001, USA",47.3276898,-122.2777994
4600,"1221 S KING ST, Seattle, WA 98144, USA",47.5980864,-122.316335
4601,"4500 NE SUNSET BLVD, F, RENTON, WA 98059, USA",47.5054666,-122.158597
4602,"841 N CENTRAL AVE, Kent, WA 98032, USA",47.3899913,-122.2315753
4603,"3200 23RD AVE S, SEATTLE, WA 98144, USA",47.5744505,-122.3025356
4604,"5809 24TH AVE NW, SEATTLE, WA 98107, USA",47.6713279,-122.3878288
4605,"2301 E MADISON ST, SEATTLE, WA 98112, USA",47.619243,-122.302268
4606,"3517 FREMONT AVE N, SEATTLE, WA 98103, USA",47.651241,-122.3501319
4607,"13238 NE 20TH ST, #100, BELLEVUE, WA 98005, USA",,
4608,"2645 S 298TH ST, Federal Way, WA 98003, USA",47.3346856,-122.2982377
4609,"20 SW 7TH ST, A, RENTON, WA 98057, USA",,
4610,"2201 6TH AVE, SEATTLE, WA 98121, USA",47.6159917,-122.341676
4611,"422 2ND AVE S, #1, SEATTLE, WA 98104, USA",,
4612,"7820 RAINIER AVE S, E, SEATTLE, WA 98118, USA",,
4613,"615 S KING ST, SEATTLE, WA 98104, USA",47.598251,-122.325641
4614,"1705 E OLIVE WAY, Seattle, WA 98102, USA",47.6197552,-122.323028
4615,"17620 140TH AVE SE, C-8, RENTON, WA 98058, USA",,
4616,"13510 AURORA AVE N, K, SEATTLE, WA 98133, USA",47.7270034,-122.3439621
4617,"605 SW 152ND ST, Seattle, WA 98166, USA",,
4618,"518 6TH AVE S, Seattle, WA 98104, USA",47.5977852,-122.3261971
4619,"14509 NE 20TH ST, B, BELLEVUE, WA 98007, USA",,
4620,"19303 FREMONT AVE N, MS36, SHORELINE, WA 98133, USA",,
4621,"13317 NE 175TH ST, #D, WOODINVILLE, WA 98072, USA",,
4622,"1539 BLAKE ST, ENUMCLAW, WA 98022, USA",47.20054,-121.9839305
4623,"13510 SE 272ND ST, Kent, WA 98042, USA",47.359433,-122.1608971
4624,"12719 NE 124TH ST, KIRKLAND, WA 98034, USA",47.7099716,-122.170807
4625,"5225 BALLARD AVE NW, SEATTLE, WA 98107, USA",47.6660199,-122.3829726
4626,"25803 104TH AVE SE, Kent, WA 98030, USA",47.3711178,-122.2034221
4627,"15900 116TH AVE NE, BOTHELL, WA 98011, USA",47.7434202,-122.1843651
4628,"170 S KING ST, Seattle, WA 98104, USA",47.598432,-122.332055
4629,"3311 W MCGRAW ST, SEATTLE, WA 98199, USA",47.639426,-122.4001996
4630,"5914 PHINNEY AVE N, SEATTLE, WA 98103, USA",47.6722132,-122.3541849
4631,"323 N 145TH ST, SEATTLE, WA 98133, USA",47.7339188,-122.354471
4632,"12607 NE 85TH ST, Kirkland, WA 98033, USA",47.6790766,-122.171887
4633,"12235 NE 116TH ST, Kirkland, WA 98033, USA",47.7035527,-122.1769306
4634,"500 8TH ST S, Kirkland, WA 98033, USA",47.6717435,-122.1935444
4635,"11750 NE 118th st ST, KIRKLAND, WA 98034, USA",,
4636,"430 18TH AVE, Kirkland, WA 98033, USA",47.6906842,-122.1995498
4637,"350 KIRKLAND AVE, Kirkland, WA 98033, USA",47.6755858,-122.2009463
4638,"925 4TH, FL 19 AVE, 19, SEATTLE, WA 98104, USA",,
4639,"2101 N 55TH ST, 100, SEATTLE, WA 98103, USA",47.668582,-122.3331798
4640,"1121 NE 45TH ST, SEATTLE, WA 98105, USA",47.6610482,-122.3157763
4641,"16349 NE 74TH ST, REDMOND, WA 98052, USA",47.6706107,-122.1219969
4642,"2202 8TH AVE, Suite A, SEATTLE, WA 98121, USA",,
4643,"7695 SE 27TH ST, MERCER ISLAND, WA 98040, USA",47.5864215,-122.2352596
4644,"2800 SOUTHCENTER MALL, 1005, TUKWILA, WA 98188, USA",,
4645,"14685 NE 95TH ST, REDMOND, WA 98052, USA",47.6854924,-122.1455088
4646,"428 NE 71ST ST, SEATTLE, WA 98115, USA",47.6802358,-122.3237247
4647,"20121 AURORA AVE N, A, SHORELINE, WA 98133, USA",47.7756627,-122.3463955
4648,"1616 EASTLAKE AVE E, SEATTLE, WA 98102, USA",47.6341967,-122.3246776
4649,"15711 152ND AVE SE, Renton, WA 98058, USA",47.4623156,-122.1380145
4650,"1926 Pike PL, Seattle, WA 98101, USA",47.6102585,-122.3429832
4651,"2811 E MADISON ST, Seattle, WA 98112, USA",47.6236829,-122.2956782
4652,"800 EVERGREEN POINT RD, MEDINA, WA 98039, USA",47.6176803,-122.2383429
4653,"10426 NORTHUP WAY, KIRKLAND, WA 98033, USA",47.6438521,-122.2006061
4654,"10426 NORTHUP WAY, Kirkland, WA 98033, USA",47.6438521,-122.2006061
4655,"23631 MAPLE VALLEYBLACK DIAMOND RD SE, MAPLE VALLEY, WA 98038, USA",,
4656,"3215 4TH AVE S, SEATTLE, WA 98134, USA",47.5748439,-122.3296477
4657,"575 BELLEVUE WAY NE, BELLEVUE, WA 98004, USA",47.6156549,-122.2036769
4658,"505 RAINIER AVE N, RENTON, WA 98057, USA",47.4901731,-122.218432
4659,"7325 166th AVE NE, REDMOND, WA 98052, USA",47.6697548,-122.1196962
4660,"319 NE THORNTON PL, SEATTLE, WA 98125, USA",47.702336,-122.3247288
4661,"4203 SW ALASKA ST, SEATTLE, WA 98116, USA",47.5609297,-122.3856953
4662,"14845 MAIN ST, BELLEVUE, WA 98007, USA",47.6095353,-122.1416833
4663,"320 E PINE ST, #102, SEATTLE, WA 98122, USA",,
4664,"182 SOUTHCENTER MALL, #182, TUKWILA, WA 98188, USA",,
4665,"12303 15TH AVE NE, SEATTLE, WA 98125, USA",47.7177712,-122.3130402
4666,"810 RAINIER AVE S, SEATTLE, WA 98144, USA",47.5954232,-122.3109651
4667,"18336 AURORA AVE N, 106, SHORELINE, WA 98133, USA",,
4668,"850 110TH AVE NE, BELLEVUE, WA 98004, USA",47.6183123,-122.1934009
4669,"121 15TH AVE E, SEATTLE, WA 98112, USA",47.6192089,-122.3129085
4670,"4910 LEARY AVE NW, Seattle, WA 98107, USA",47.6644647,-122.3792267
4671,"1150 106TH AVE NE, BELLEVUE, WA 98004, USA",47.6207446,-122.198938
4672,"1201 DEXTER AVE N, SEATTLE, WA 98109, USA",47.6298382,-122.3426029
4673,"17801 INTERNATIONAL BLVD, CT-26, SEATAC, WA 98158, USA",,
4674,"147 PARK LN, KIRKLAND, WA 98033, USA",47.6761977,-122.205092
4675,"2208 N 45TH ST, SEATTLE, WA 98103, USA",47.6614963,-122.3320757
4676,"1201 10TH AVE, seattle, WA 98122, USA",47.6125149,-122.3195785
4677,"8560 122ND AVE NE, Kirkland, WA 98033, USA",47.6803189,-122.178053
4678,"935 CLEARWATER CT, G, MOUNT VERNON, WA 98273, USA",,
4679,"8501 5TH AVE NE, Seattle, WA 98115, USA",47.6905365,-122.323192
4680,"14030 MAIN ST NE, DUVALL, WA 98019, USA",47.7268737,-121.9849612
4681,"1414 NE 42ND ST, #103A, SEATTLE, WA 98105, USA",47.6584214,-122.3122776
4682,"23217 PACIFIC HWY S, Kent, WA 98032, USA",47.393633,-122.2964508
4683,"500 MERCER ST, 2, SEATTLE, WA 98109, USA",,
4684,"32610 PACIFIC HWY S, #B-3, Federal Way, WA 98003, USA",,
4685,"709 AUBURN AVE S, Auburn, WA 98002, USA",,
4686,"4520 UNIVERSITY WAY NE, SEATTLE, WA 98105, USA",47.6620217,-122.3129432
4687,"4142 BROOKLYN AVE NE, SEATTLE, WA 98105, USA",47.6581225,-122.3140233
4688,"2317 N 45TH ST, SEATTLE, WA 98103, USA",47.6612662,-122.3305611
4689,"1924 N 45TH ST, Seattle, WA 98103, USA",47.6615088,-122.3341431
4690,"512 BROADWAY, SEATTLE, WA 98122, USA",47.6066107,-122.3206311
4691,"4105 LEARY WAY NW, SEATTLE, WA 98107, USA",47.6573167,-122.3634479
4692,"823 5TH AVE N, SEATTLE, WA 98109, USA",47.6270447,-122.3477368
4693,"939 6TH ST S, KIRKLAND, WA 98033, USA",47.6673725,-122.1966401
4694,"3518 FREMONT PL N, SEATTLE, WA 98103, USA",47.6511373,-122.3505961
4695,"1608 N 45TH ST, Seattle, WA 98103, USA",47.6616023,-122.3386859
4696,"812 12TH AVE, Seattle, WA 98122, USA",47.6096999,-122.31656
4697,"39929 264TH AVE SE, ENUMCLAW, WA 98022, USA",47.243088,-121.9901895
4698,"1809 MINOR AVE, 10, SEATTLE, WA 98101, USA",,
4699,"2404 NE 65TH ST, SEATTLE, WA 98115, USA",47.6758846,-122.3013838
4700,"6210 E LAKE SAMMAMISH PKWY SE, ISSAQUAH, WA 98029, USA",47.5464753,-122.0394597
4701,"12505 AURORA AVE N, SEATTLE, WA 98133, USA",47.7197958,-122.3454865
4702,"1900 1ST AVE S, SEATTLE, WA 98134, USA",47.5857105,-122.3339258
4703,"10116 MAIN ST, 101, BOTHELL, WA 98011, USA",,
4704,"2515 NE 55TH ST, SEATTLE, WA 98105, USA",47.6683591,-122.2997732
4705,"17851 1ST AVE S, NORMANDY PARK, WA 98148, USA",47.4423059,-122.336143
4706,"13260 1ST AVE S, #A, BURIEN, WA 98168, USA",,
4707,"100 ELLINGSON RD, PACIFIC, WA 98047, USA",47.2718417,-122.2503886
4708,"5210 UNIVERSITY WAY NE, SEATTLE, WA 98105, USA",47.6667674,-122.3128292
4709,"17026 AVONDALE WAY NE, Redmond, WA 98052, USA",47.6729973,-122.1125
4710,"1323 4TH AVE, SEATTLE, WA 98101, USA",47.6087152,-122.3356638
4711,"18394 Redmond Way, REDMOND, WA 98052, USA",47.662089,-122.0952947
4712,"18394 REDMOND WAY, Redmond, WA 98052, USA",47.662089,-122.0952947
4713,"31656 PACIFIC HWY S, FEDERAL WAY, WA 98003, USA",47.3172254,-122.3123397
4714,"6003 12th AVE S, SEATTLE, WA 98108, USA",47.5489722,-122.3174671
4715,"17629 108TH AVE SE, 27, RENTON, WA 98055, USA",,
4716,"266 116TH AVE NE, 1A, BELLEVUE, WA 98004, USA",,
4717,"15100 SE 38TH ST, 305A, BELLEVUE, WA 98006, USA",,
4718,"1400 156TH AVE NE, Bellevue, WA 98007, USA",47.6225792,-122.132036
4719,"469 N 36TH ST, #A, Seattle, WA 98103, USA",,
4720,"29426 PACIFIC HWY S, FEDERAL WAY, WA 98003, USA",47.3379742,-122.311799
4721,"803 E PIKE ST, Seattle, WA 98122, USA",47.6139313,-122.3218258
4722,"20038 68TH AVE S, #107, KENT, WA 98032, USA",,
4723,"116 SW 148TH ST, D 170, BURIEN, WA 98166, USA",,
4724,"11845 NE 85TH ST, KIRKLAND, WA 98033, USA",47.6783033,-122.1809529
4725,"18613 INTERNATIONAL BLVD, SEATAC, WA 98188, USA",47.4362914,-122.2966145
4726,"20 SW 7TH ST, H, RENTON, WA 98057, USA",,
4727,"32225 PACIFIC HWY S, 105, FEDERAL WAY, WA 98003, USA",,
4728,"17401 133RD AVE NE, 1010, WOODINVILLE, WA 98072, USA",,
4729,"1002 LAKE ST S, CM110, KIRKLAND, WA 98033, USA",,
4730,"258 106TH AVE NE, 101A, BELLEVUE, WA 98004, USA",,
4731,"1315 E JEFFERSON ST, 102, SEATTLE, WA 98122, USA",,
4732,"3224 RAINIER AVE S, SEATTLE, WA 98144, USA",47.57435,-122.2946873
4733,"12610 DES MOINES MEMORIAL DR S, BURIEN, WA 98168, USA",47.4899679,-122.3102948
4734,"6013 PHINNEY AVE N, Seattle,, WA 98103, USA",47.6728565,-122.354596
4735,"606 N 105TH ST, SEATTLE, WA 98133, USA",47.705176,-122.3508712
4736,"5431 BALLARD AVE NW, SEATTLE, WA 98107, USA",47.6682176,-122.3859378
4737,"19515 44TH AVE W, A, LYNNWOOD, WA 98036, USA",,
4738,"28855 MILITARY RD S, FEDERAL WAY, WA 98003, USA",47.3418886,-122.3020649
4739,"3076 ISSAQUAH PINE LAKE RD SE, SAMMAMISH, WA 98075, USA",47.5821696,-122.0325842
4740,"25626 PACIFIC HWY S, KENT, WA 98032, USA",47.3729774,-122.3013047
4741,"25624 PACIFIC HWY S, KENT, WA 98032, USA",47.3716975,-122.3003519
4742,"623 CENTRAL AVE S, KENT, WA 98032, USA",47.3758598,-122.2306733
4743,"27115 185TH ST SE, COVINGTON, WA 98042, USA",,
4744,"14676 NE 95TH ST, 11, REDMOND, WA 98052, USA",,
4745,"2940 SW AVALON WAY, SEATTLE, WA 98126, USA",47.5697582,-122.371029
4746,"1216 PINE ST, #100, SEATTLE, WA 98101, USA",,
4747,"432 BROADWAY E, SEATTLE, WA 98102, USA",47.6229474,-122.3207259
4748,"8532 GREENWOOD AVE N, SEATTLE, WA 98103, USA",47.6911757,-122.3550997
4749,"2359 10TH AVE E, SEATTLE, WA 98102, USA",47.6412335,-122.3202059
4750,"2410 NW 80TH ST, Seattle, WA 98117, USA",47.6869168,-122.3880911
4751,"30406 Pacific HWY S, B, Federal Way, WA 98003, USA",,
4752,"206 SW 152ND ST, Seattle, WA 98166, USA",,
4753,"17620 140TH AVE SE, renton, WA 98058, USA",47.444724,-122.1535697
4754,"24602 36TH AVE S, KENT, WA 98032, USA",47.3584344,-122.2879492
4755,"7301 15TH AVE NW, SEATTLE, WA 98117, USA",47.6814828,-122.3771007
4756,"721 E PIKE ST, SEATTLE, WA 98122, USA",47.613952,-122.3224625
4757,"120 WASHINGTON AVE N, KENT, WA 98032, USA",47.3818369,-122.2462133
4758,"303 12TH AVE S, SEATTLE, WA 98144, USA",47.5996994,-122.3174155
4759,"813 AUBURN WAY S, AUBURN, WA 98002, USA",47.2999456,-122.2242353
4760,"7605 SE 27TH ST, 112, MERCER ISLAND, WA 98040, USA",47.586577,-122.2366098
4761,"23745 225th WAY SE, MAPLE VALLEY, WA 98038, USA",47.3883047,-122.0425969
4762,"10050 15TH AVE SW, SEATTLE, WA 98146, USA",47.51224,-122.3536136
4763,"120 BLANCHARD ST, Seattle, WA 98121, USA",47.6131456,-122.3447495
4764,"7545 LAKE CITY WAY NE, SEATTLE, WA 98115, USA",47.6843626,-122.3160897
4765,"3221 NE SUNSET BLVD, RENTON, WA 98056, USA",47.5043351,-122.1754259
4766,"805 S 112TH ST, 4, BURIEN, WA 98168, USA",,
4767,"7300 RAINIER AVE S, Seattle, WA 98118, USA",47.5366922,-122.2699113
4768,"405 E SMITH ST, KENT, WA 98030, USA",47.3836449,-122.2292423
4769,"514 E PIKE ST, SEATTLE, WA 98122, USA",47.6142339,-122.3249011
4770,"254 NE 45TH ST, SEATTLE, WA 98105, USA",47.661429,-122.3256507
4771,"1926 2ND AVE, Seattle, WA 98101, USA",47.6116507,-122.3410532
4772,"26028 PACIFIC HWY S, KENT, WA 98032, USA",47.3679879,-122.3023735
4773,"1301 W MEEKER ST, 115, KENT, WA 98032, USA",,
4774,"10508 MAIN ST, BELLEVUE, WA 98004, USA",47.6102185,-122.1998962
4775,"4857 RAINIER AVE S, Seattle, WA 98118, USA",47.5584666,-122.2855677
4776,"25847 104TH AVE SE, KENT, WA 98030, USA",47.3700885,-122.2029782
4777,"3700 NE 4TH ST, 205, RENTON, WA 98056, USA",,
4778,"24817 PACIFIC HWY S, Unit # 204, KENT, WA 98032, USA",,
4779,"2124 SW 336TH ST, FEDERAL WAY, WA 98023, USA",47.3014145,-122.3621967
4780,"3456 15TH AVE W, Seattle, WA 98119, USA",47.6520144,-122.3757008
4781,"901 MERCER ST, SEATTLE, WA 98109, USA",47.6246271,-122.3395394
4782,"2507 4TH AVE, SEATTLE, WA 98121, USA",47.6167902,-122.3466978
4783,"2519 4th AVE, Seattle, WA 98121, USA",47.6168991,-122.3468783
4784,"1527 QUEEN ANNE AVE N, SEATTLE, WA 98109, USA",47.6332272,-122.357221
4785,"9118 35TH AVE NE, SEATTLE, WA 98115, USA",47.695088,-122.290406
4786,"12821 NE 85TH ST, KIRKLAND, WA 98033, USA",47.6791228,-122.1685537
4787,"15600 NE 8TH ST, 11, Bellevue, WA 98008, USA",,
4788,"12601 NE WOODINIVILLE DR, WOODINVILLE, WA 98072, USA",,
4789,"15600 NE 8TH ST, PM-12, BELLEVUE, WA 98008, USA",,
4790,"16260 REDMOND WAY, REDMOND, WA 98052, USA",47.6746983,-122.1232825
4791,"31611 20TH AVE S, FEDERAL WAY, WA 98003, USA",47.318583,-122.3082154
4792,"2224 8TH AVE, SEATTLE, WA 98121, USA",47.6179546,-122.3397584
4793,"225 6th ST SE, AUBURN, WA 98002, USA",47.3024074,-122.227049
4794,"2824 S 188TH ST, SEATTLE, WA 98188, USA",,
4795,"620 SE EVERETT MALL WAY, #200, EVERETT, WA 98208, USA",,
4796,"11850 DES MOINES MEMORIAL DR S, Burien, WA 98168, USA",47.4963841,-122.3100644
4797,"4100 BEACH DR SW, SEATTLE, WA 98116, USA",47.5674149,-122.4093461
4798,"900 S 3RD ST, STE B, RENTON, WA 98057, USA",,
4799,"31248 PACIFIC HWY S, #B, FEDERAL WAY, WA 98003, USA",,
4800,"27918 152ND AVE SE, KENT, WA 98042, USA",47.35131,-122.1385199
4801,"25415 104TH AVE SE, KENT, WA 98030, USA",47.3739606,-122.2028381
4802,"17024 AVONDALE WAY NE, REDMOND, WA 98052, USA",47.6730857,-122.1125968
4803,"900 NE 160TH AVE, Bellevue, WA 98008, USA",47.6177486,-122.1273077
4804,"314 Broadway E, SEATTLE, WA 98102, USA",47.6215894,-122.3205911
4805,"230 Fairview AVE N, Seattle, WA 98109, USA",47.6205297,-122.3339305
4806,"9640 16TH AVE SW, , WA 98106, USA",47.5161708,-122.354944
4807,"1601 SW ROXBURY ST, Seattle, WA 98106, USA",47.5172491,-122.3553838
4808,"730 NW GILMAN BLVD, C104A, Issaquah, WA 98027, USA",,
4809,"3410 NE 55TH ST, Seattle, WA 98105, USA",47.6686247,-122.2909064
4810,"2411 2nd AVE, SEATTLE, WA 98121, USA",47.614919,-122.3475186
4811,"10700 SE 208TH ST, Kent, WA 98031, USA",47.4161576,-122.1981445
4812,"12668 SE 38TH ST, BELLEVUE, WA 98006, USA",47.5767873,-122.1710089
4813,"600 BROADWAY, Seattle, WA 98122, USA",47.607685,-122.3202472
4814,"69802 State Route 906, SNOQUALMIE PASS, WA 98068, USA",,
4815,"722 NE 45TH ST, SEATTLE, WA 98105, USA",47.6615295,-122.3198017
4816,"281 SOUTHCENTER MALL, Tukwila, WA 98188, USA",47.4590222,-122.259755
4817,"2034 BELLEVUE SQUARE, Bellevue, WA 98004, USA",,
4818,"4506 A ST SE, PACIFIC, WA 98002, USA",47.2684525,-122.2291791
4819,"165 S MAIN ST, SEATTLE, WA 98104, USA",47.5999186,-122.3323188
4820,"4523 CALIFORNIA AVE SW, SEATTLE, WA 98116, USA",47.5622186,-122.3870295
4821,"219 BELLEVUE SQ, BELLEVUE, WA 98004, USA",,
4822,"2130 6TH AVE, SEATTLE, WA 98121, USA",47.6159552,-122.3406162
4823,"11332 120TH AVE NE, 119, KIRKLAND, WA 98033, USA",,
4824,"111 LAKE ST, KIRKLAND, WA 98033, USA",47.6762918,-122.2071509
4825,"11900 NE VILLAGE PLZ, #184, KIRKLAND, WA 98034, USA",,
4826,"116 S WASHINGTON ST, SEATTLE, WA 98104, USA",47.6010033,-122.3334574
4827,"5400 E MARGINAL WAY S, SEATTLE, WA 98134, USA",47.5539016,-122.3365183
4828,"24013 104TH AVE SE, KENT, WA 98030, USA",47.3858616,-122.202556
4829,"24816 PACIFIC HWY S, KENT, WA 98032, USA",47.378937,-122.2986492
4830,"34053 MILITARY RD S, AUBURN, WA 98001, USA",47.2954101,-122.2738841
4831,"1132 S ALBRO PL, SEATTLE, WA 98108, USA",47.5459953,-122.3171899
4832,"16053 AURORA AVE N, SHORELINE, WA 98133, USA",47.7464289,-122.346003
4833,"12666 DES MOINES MEMORIAL DR S, SEATTLE, WA 98168, USA",,
4834,"15817 1ST AVE S, BURIEN, WA 98148, USA",47.4610171,-122.3343035
4835,"8902 14TH AVE S, SEATTLE, WA 98108, USA",47.5235903,-122.3145801
4836,"10733 AURORA AVE N, SEATTLE, WA 98133, USA",47.7075897,-122.3450403
4837,"8530 GREENWOOD AVE N, SEATTLE, WA 98103, USA",47.691134,-122.355096
4838,"2645 CALIFORNIA AVE SW, SEATTLE, WA 98116, USA",47.5802473,-122.3876459
4839,"8721 LAKE CITY WAY NE, Seattle, WA 98115, USA",47.6918006,-122.30657
4840,"4200 S 308TH ST, AUBURN, WA 98001, USA",47.3267045,-122.2804956
4841,"16827 BOTHELL WAY NE, LAKE FOREST PARK, WA 98155, USA",47.7515794,-122.2818485
4842,"18500 37TH AVE NE, LAKE FOREST PARK, WA 98155, USA",47.7630889,-122.2878964
4843,"303 SW 308TH ST, FEDERAL WAY, WA 98023, USA",47.3251461,-122.3379844
4844,"14310 SE 12TH ST, BELLEVUE, WA 98007, USA",47.6008689,-122.1484152
4845,"1608 145TH PL SE, Bellevue, WA 98007, USA",47.5960247,-122.1493166
4846,"27850 RETREAT- KANASKAT RD SE, RAVENSDALE, WA 98051, USA",47.3516928,-121.9468321
4847,"27850 RETREAT KANASKAT RD SE, RAVENSDALE, WA 98051, USA",47.3516928,-121.9468321
4848,"9261 57TH AVE S, SEATTLE, WA 98118, USA",47.5198013,-122.2617922
4849,"14434 NE 8TH ST, BELLEVUE, WA 98007, USA",47.6176821,-122.1463222
4850,"29036 216TH AVE SE, Black Diamond, WA 98010, USA",47.340866,-122.0535824
4851,"1601 DEXTER AVE N, K105, Seattle, WA 98109, USA",,
4852,"3119 EASTLAKE AVE E, SEATTLE, WA 98102, USA",47.6494075,-122.3233708
4853,"16401 SE 318TH ST, Auburn, WA 98092, USA",47.3165757,-122.1222676
4854,"12033 NE 80TH ST, KIRKLAND, WA 98033, USA",47.6728118,-122.1802551
4855,"11605 132ND AVE NE, Kirkland, WA 98034, USA",47.7047485,-122.1673289
4856,"24216 WITTE RD SE, MAPLE VALLEY, WA 98038, USA",47.3841295,-122.0459978
4857,"25400 WITTE RD SE, MAPLE VALLEY, WA 98038, USA",47.3753356,-122.0470384
4858,"19660 142ND AVE SE, KENT, WA 98042, USA",47.3855814,-122.1520295
4859,"11750 LAKE CITY WAY NE, SEATTLE, WA 98125, USA",47.715365,-122.2970073
4860,"10455 NE 5TH PL, 2, BELLEVUE, WA 98004, USA",,
4861,"35827 32ND AVE S, FEDERAL WAY, WA 98001, USA",47.3138062,-122.2923746
4862,"7400 S 115TH ST, Seattle, WA 98178, USA",47.4999602,-122.2399475
4863,"8215 SE 78TH ST, Mercer Island, WA 98040, USA",47.5318117,-122.2285245
4864,"36644 MILITARY RD S, Auburn, WA 98001, USA",47.2724152,-122.281552
4865,"13510 1ST AVE NE, Seattle, WA 98125, USA",47.7276369,-122.3276878
4866,"14050 1ST AVE NE, Seattle, WA 98125, USA",47.730999,-122.328773
4867,"10400 NE 68TH ST, Kirkland, WA 98033, USA",47.6675004,-122.2001109
4868,"1415 SW 312TH ST, FEDERAL WAY, WA 98023, USA",47.322294,-122.3532884
4869,"820 NW 85TH ST, Seattle, WA 98117, USA",47.6908782,-122.3669185
4870,"243 MINKLER BLVD, TUKWILA, WA 98188, USA",47.4485666,-122.2604145
4871,"25250 PACIFIC HWY S, C113, KENT, WA 98032, USA",,
4872,"16704 INTERNATIONAL BLVD, SEATAC, WA 98188, USA",47.452922,-122.294684
4873,"1714 N 44TH ST, SEATTLE, WA 98103, USA",47.6604252,-122.3368706
4874,"938 N 95TH ST, SEATTLE, WA 98103, USA",47.6980699,-122.3456187
4875,"288 106TH AVE NE, #200, BELLEVUE, WA 98004, USA",47.6126781,-122.1985393
4876,"14561 BOTHELL WAY NE, SHORELINE, WA 98155, USA",47.7354473,-122.2928996
4877,"555 ALOHA ST, 100, SEATTLE, WA 98109, USA",,
4878,"9827 16TH AVE SW, SEATTLE, WA 98106, USA",47.5147703,-122.3553668
4879,"952 E SENECA ST, SEATTLE, WA 98122, USA",47.6123013,-122.3196651
4880,"1701 E VALLEY RD, RENTON, WA 98055, USA",47.4640442,-122.2198908
4881,"15805 SE 37TH ST, BELLEVUE, WA 98006, USA",47.5778062,-122.1533237
4882,"3405 CALIFORNIA AVE SW, SEATTLE, WA 98116, USA",47.5735911,-122.3871562
4883,"8000 24TH AVE NW, SEATTLE, WA 98117, USA",47.6869257,-122.3873766
4884,"14018 AURORA AVE N, SEATTLE, WA 98133, USA",47.7308957,-122.3446203
4885,"59 FRONT ST N, ISSAQUAH, WA 98027, USA",47.5308325,-122.0368207
4886,"14958 NE 95TH ST, REDMOND, WA 98052, USA",47.6859817,-122.1411272
4887,"59 FRONT ST N, Issaquah, WA 98027, USA",47.5308325,-122.0368207
4888,"2300 RON CROCKETT DR NW, AUBURN, WA 98001, USA",47.3281772,-122.2376223
4889,"2125 SW 356TH ST, C, FEDERAL WAY, WA 98023, USA",,
4890,"19840 INTERNATIONAL BLVD, SEA TAC, WA 98188, USA",,
4891,"19501 144TH AVE NE, C900, WOODINVILLE, WA 98072, USA",,
4892,"2565 S GATEWAY CTR, FEDERAL WAY, WA 98003, USA",47.3161931,-122.300816
4893,"423 FAIRVIEW AVE N, SEATTLE, WA 98109, USA",47.6229167,-122.3345321
4894,"8016 15TH AVE NE, SEATTLE, WA 98115, USA",47.6872114,-122.3119961
4895,"517 E PIKE ST, #C, SEATTLE, WA 98122, USA",47.6139747,-122.3249471
4896,"3080 148th AVE SE, 113, Bellevue, WA 98007, USA",,
4897,"33813 SE REDMOND FALL CITY RD, FALL CITY, WA 98024, USA",47.5672984,-121.888394
4898,"217 S 4TH PL, RENTON, WA 98057, USA",47.4764944,-122.2143433
4899,"21031 INTERNATIONAL BLVD, SEATAC, WA 98198, USA",47.412814,-122.2979982
4900,"17824 108TH AVE SE, Renton, WA 98055, USA",47.4424916,-122.196413
4901,"6423 LATONA AVE NE, Seattle, WA 98115, USA",47.6758124,-122.3255853
4902,"14200 NE 145TH ST, 313, WOODINVILLE, WA 98072, USA",,
4903,"5220 ROOSEVELT WAY NE, SEATTLE, WA 98105, USA",47.6669553,-122.3171257
4904,"22300 NE 133RD ST, Woodinville, WA 98077, USA",,
4905,"4530 46TH AVE NE, SEATTLE, WA 98105, USA",47.6621969,-122.2778678
4906,"15320 AMBAUM BLVD SW, BURIEN, WA 98166, USA",47.4652738,-122.3437395
4907,"4200 27TH AVE W, SEATTLE, WA 98199, USA",47.6578388,-122.3907404
4908,"7900 E GREENLAKE DR N, 107, Seattle, WA 98115, USA",,
4909,"2260 1ST AVE S, Seattle, WA 98134, USA",47.5821085,-122.3338317
4910,"3418 FREMONT AVE N, SEATTLE, WA 98103, USA",47.6502248,-122.3496323
4911,"1919 7TH AVE, SEATTLE, WA 98101, USA",47.6147087,-122.3371456
4912,"4201 FREMONT AVE N, SEATTLE, WA 98103, USA",47.6578304,-122.3502149
4913," 116 Lake Street, Kirkland, WA 98033, USA",47.6758212,-122.2065548
4914,"3230 EASTLAKE AVE E, SUITE A, SEATTLE, WA 98102, USA",,
4915,"2220 CARILLON PT, KIRKLAND, WA 98033, USA",47.6565001,-122.2067623
4916,"17801 INTERNATIONAL BLVD, CC-13, SEATAC, WA 98158, USA",,
4917,"619 S KING ST, Seattle, WA 98104, USA",47.5982488,-122.3254928
4918,"4358 LEARY WAY NW, Seattle, WA 98107, USA",47.6604133,-122.3654433
4919,"19501 144th AVE NE, F400, Woodinville, WA 98072, USA",,
4920,"1902 PIKE PL, Seattle, WA 98101, USA",47.6098259,-122.3422774
4921,"1933 1ST AVE, SEATTLE, WA 98101, USA",47.6107878,-122.3424534
4922,"4219 S OTHELLO ST, 105C, SEATTLE, WA 98118, USA",,
4923,"15210 AURORA AVE N, SHORELINE, WA 98133, USA",47.7395007,-122.3440574
4924,"30908 124TH AVE SE, AUBURN, WA 98092, USA",47.3251921,-122.1755239
4925,"2201 W VALLEY HWY N, AUBURN, WA 98001, USA",47.3276876,-122.25044
4926,"4745 17TH AVE NE, SEATTLE, WA 98105, USA",47.6639045,-122.3093684
4927,"3640 FACTORIA BLVD SE, #H, BELLEVUE, WA 98006, USA",47.5774719,-122.1674476
4928,"2409 152ND AVE NE, REDMOND, WA 98052, USA",47.6325008,-122.1387797
4929,"4106 BROOKLYN AVE NE, SEATTLE, WA 98105, USA",47.6571233,-122.3141435
4930,"9435 DELRIDGE WAY SW, Seattle, WA 98106, USA",47.5181827,-122.3562194
4931,"9250 14TH AVE NW, Seattle, WA 98117, USA",47.6977258,-122.3738426
4932,"235 ROY ST, SEATTLE, WA 98109, USA",47.6253173,-122.3516934
4933,"10733 MERIDIAN AVE N, SEATTLE, WA 98133, USA",47.7079213,-122.3346707
4934,"4705 AURORA AVE N, SEATTLE, WA 98103, USA",47.6630224,-122.3475748
4935,"32057 PACIFIC HWY S, FEDERAL WAY, WA 98003, USA",47.31395,-122.31361
4936,"27237 172ND AVE SE, 109, COVINGTON, WA 98042, USA",,
4937,"1640 NW GILMAN BLVD, B3, ISSAQUAH, WA 98027, USA",,
4938,"27237 172ND AVE SE, #109, COVINGTON, WA 98042, USA",,
4939,"2245 NW 57TH ST, Seattle, WA 98107, USA",47.6699634,-122.3868081
4940,"365 S GRADY WAY, #A, RENTON, WA 98057, USA",,
4941,"10410 GREENWOOD AVE N, Seattle, WA 98133, USA",47.7048953,-122.3549905
4942,"2510 1ST AVE, Seattle, WA 98121, USA",47.615145,-122.3489256
4943,"2219 N 56TH ST, Seattle, WA 98103, USA",47.6687601,-122.3320871
4944,"1309 NE 45TH ST, SEATTLE, WA 98105, USA",47.6611648,-122.3138179
4945,"610 TERRY AVE, SEATTLE, WA 98104, USA",47.6062433,-122.3236856
4946,"1609 COLE ST, ENUMCLAW, WA 98022, USA",47.2037032,-121.9894074
4947,"19301 168TH AVE NE, Woodinville, WA 98072, USA",47.7669461,-122.1174232
4948,"135 32ND AVE, SEATTLE, WA 98122, USA",47.6023178,-122.2916374
4949,"103 LAKESIDE AVE, Seattle, WA 98122, USA",47.6019668,-122.2854534
4950,"700 110th AVE NE, 195, BELLEVUE, WA 98004, USA",,
4951,"6046 W LAKE SAMMAMISH PKWY NE, REDMOND, WA 98052, USA",47.6599601,-122.1128177
4952,"11099 EASTRIDGE DR NE, B203, REDMOND, WA 98053, USA",,
4953,"185 FRONT ST N, ISSAQUAH, WA 98027, USA",47.5321068,-122.0365977
4954,"800 OCCIDENTAL AVE S, SEATTLE, WA 98134, USA",47.5953459,-122.3316443
4955,"12722 SE 312TH ST, AUBURN, WA 98092, USA",47.3230878,-122.1733363
4956,"11900 RENTON AVE S, Seattle, WA 98178, USA",47.4972666,-122.2449071
4957,"2253 N 56th ST, Seattle, WA 98103, USA",47.6689193,-122.331437
4958,"9801 16th AVE SW, SEATTLE, WA 98106, USA",47.5153167,-122.3554843
4959,"12911 120TH AVE NE, #H, KIRKLAND, WA 98034, USA",,
4960,"517 15TH AVE E, SEATTLE, WA 98112, USA",47.6235665,-122.312827
4961,"926 S 3RD ST, RENTON, WA 98057, USA",47.4797698,-122.2044445
4962,"853 LAKE WASHINGTON BLVD, SEATTLE, WA 98122, USA",47.6095626,-122.2834143
4963,"16655 SE 136TH ST, RENTON, WA 98059, USA",47.4793303,-122.1191489
4964,"16655 SE 136TH ST, Renton, WA 98059, USA",47.4793303,-122.1191489
4965,"16655 SE 136th ST, RENTON, WA 98059, USA",47.4793303,-122.1191489
4966,"3015 NW 68TH ST, SEATTLE, WA 98117, USA",47.6779377,-122.3960343
4967,"19824 AURORA AVE N, SHORELINE, WA 98133, USA",47.7729721,-122.3455415
4968,"11251 120TH AVE NE, 110, KIRKLAND, WA 98033, USA",,
4969,"11111 NE 8TH ST, 20/20, BELLEVUE, WA 98004, USA",,
4970,"230 ROOSEVELT AVE E, ENUMCLAW, WA 98022, USA",47.1991455,-121.9772585
4971,"22239 MARINE VIEW DR, SEATTLE, WA 98198, USA",47.5016983,-122.3807461
4972,"400 N 43RD ST, Seattle, WA 98103, USA",47.6590626,-122.3542449
4973,"14905 4TH AVE SW, BURIEN, WA 98166, USA",47.4694387,-122.3411505
4974,"4225 RAINIER AVE S, SEATTLE, WA 98118, USA",47.5648964,-122.2886978
4975,"12348 LAKE CITY WAY NE, SEATTLE, WA 98125, USA",47.7185666,-122.2953874
4976,"1211 PINE ST, SEATTLE, WA 98101, USA",47.614978,-122.3281858
4977,"17801 INTERNATIONAL BLVD, NS-23, SEATAC, WA 98158, USA",,
4978,"2040 NW MARKET ST, SEATTLE, WA 98107, USA",47.6688555,-122.3839532
4979,"2616 E Cherry ST, SEATTLE, WA 98122, USA",47.6082251,-122.2980648
4980,"2326 1ST AVE, SEATTLE, WA 98121, USA",47.6139958,-122.3472584
4981,"29100 PACIFIC HWY S, 11-13, FEDERAL WAY, WA 98003, USA",,
4982,"7427 FAUNTLEROY WAY SW, SEATTLE, WA 98136, USA",47.536614,-122.3925162
4983,"4400 INTERLAKE AVE N, SEATTLE, WA 98103, USA",47.659936,-122.3396589
4984,"700 BELLEVUE WAY, 310, BELLEVUE, WA 98004, USA",,
4985,"707 E PINE ST, Seattle, WA 98122, USA",47.6150663,-122.3230115
4986,"16426 128TH AVE SE, Renton, WA 98058, USA",47.454474,-122.1670683
4987,"23022 172ND AVE SE, KENT, WA 98042, USA",47.3953217,-122.1117298
4988,"1518 4TH AVE, Seattle, WA 98101, USA",47.610896,-122.3367085
4989,"700 BELLEVUE WAY NE, FLOOR, BELLEVUE, WA 98004, USA",,
4990,"6701 GREENWOOD AVE N, SEATTLE, WA 98103, USA",47.6779082,-122.3556351
4991,"18005 NE 68TH ST, A-150, REDMOND, WA 98052, USA",,
4992,"2730 1ST AVE S, SEATTLE, WA 98134, USA",47.5788127,-122.333738
4993,"31830 PACIFIC HWY S, E, FEDERAL WAY, WA 98003, USA",,
4994,"14400 AMBAUM BLVD SW, A, BURIEN, WA 98166, USA",,
4995,"18336 AURORA AVE N, 107, SHORELINE, WA 98133, USA",,
4996,"10439 16TH AVE SW, B, SEATTLE, WA 98146, USA",,
4997,"415 AUBURN WAY N, Auburn, WA 98002, USA",47.311172,-122.2263468
4998,"15423 SE 272ND ST, KENT, WA 98042, USA",47.3576123,-122.135274
4999,"110 WASHINGTON AVE N, KENT, WA 98032, USA",47.3815828,-122.2462107
5000,"27020 PACIFIC HWY S, KENT, WA 98032, USA",47.3590425,-122.3081844
5001,"12620 NE 85TH ST, 110, KIRKLAND, WA 98033, USA",,
5002,"17324 140TH AVE SE, Renton, WA 98058, USA",47.4461109,-122.1527827
5003,"8003 SEAVIEW AVE NW, Seattle, WA 98117, USA",47.6863127,-122.4028368
5004,"5622 1ST AVE S, Seattle, WA 98108, USA",47.5522023,-122.3338697
5005,"19243 84TH AVE S, Kent, WA 98032, USA",47.4297084,-122.2281638
5006,"3401 CALIFORNIA AVE SW, SEATTLE, WA 98116, USA",47.5736822,-122.3870271
5007,"4100 ROOSEVELT WAY NE, B, SEATTLE, WA 98105, USA",,
5008,"14725 NE 20TH ST, BELLEVUE, WA 98007, USA",47.6275141,-122.1434188
5009,"309 S CLOVERDALE ST, #A4, SEATTLE, WA 98108, USA",,
5010,"1521 10TH AVE, SEATTLE, WA 98122, USA",47.6146657,-122.319677
5011,"13611 AMBAUM BLVD SW, BURIEN, WA 98166, USA",47.4807877,-122.3486578
5012,"3217 NE SUNSET BLVD, Renton, WA 98056, USA",47.5041541,-122.1754256
5013,"7115 WOODLAWN AVE NE, Seattle, WA 98115, USA",47.6802354,-122.324803
5014,"456 SW MT SI BLVD, C-1, NORTH BEND, WA 98045, USA",,
5015,"3201 4TH AVE S, B, SEATTLE, WA 98134, USA",,
5016,"2810 W LAKE SAMMAMISH PKWY SE, BELLEVUE, WA 98008, USA",47.5850832,-122.1110375
5017,"4142 BROOKLYN AVE NE, #105, Seattle, WA 98105, USA",47.6582148,-122.3139732
5018,"3003 Beacon AVE S, Seattle, WA 98144, USA",47.5767981,-122.3101921
5019,"14411 GREENWOOD AVE N, SEATTLE, WA 98133, USA",47.733559,-122.3560213
5020,"2865 EASTLAKE AVE E, SEATTLE, WA 98102, USA",47.6471891,-122.3249051
5021,"203 NE 185TH ST, Shoreline, WA 98155, USA",47.7630755,-122.3280224
5022,"1644 140TH AVE NE, BELLEVUE, WA 98005, USA",47.6254631,-122.1531238
5023,"2445 140th AVE NE, #B200, BELLEVUE, WA 98005, USA",,
5024,"115 KIRKLAND AVE, KIRKLAND, WA 98033, USA",47.6754466,-122.2057352
5025,"720 Central AVE N, KENT, WA 98030, USA",47.3872351,-122.2306749
5026,"2014 FAIRVIEW AVE, SEATTLE, WA 98121, USA",47.6180676,-122.3341871
5027,"18510 142ND AVE NE, WOODINVILLE, WA 98072, USA",47.7619189,-122.1501723
5028,"1616 COLE ST, ENUMCLAW, WA 98022, USA",47.2039702,-121.9895316
5029,"515 BROADWAY E, SEATTLE, WA 98102, USA",47.62365,-122.321114
5030,"14310 NE 20TH ST, BELLEVUE, WA 98007, USA",47.6282691,-122.1497685
5031,"404 TERRY AVE N, SEATTLE, WA 98109, USA",47.6221919,-122.3369381
5032,"26331 NE VALLEY ST, DUVALL, WA 98019, USA",47.7375558,-121.9862174
5033,"401 N 36TH ST, SEATTLE, WA 98103, USA",47.6518966,-122.3541151
5034,"5144 BALLARD AVE NW, SEATTLE, WA 98107, USA",47.6655268,-122.3819197
5035,"3005 NW LOCKS PL, Seattle, WA 98107, USA",47.6677861,-122.395855
5036,"13256 NEWCASTLE COMMONS DR, NEWCASTLE, WA 98059, USA",47.5437064,-122.1620651
5037,"7902 35TH AVE SW, SEATTLE, WA 98126, USA",47.5317834,-122.3764327
5038,"307 OCCIDENTAL AVE S, SEATTLE, WA 98104, USA",47.5998475,-122.333123
5039,"2003 WESTERN AVE, SEATTLE, WA 98121, USA",47.6108574,-122.3448468
5040,"510 SW 151ST ST, BURIEN, WA 98166, USA",47.4678566,-122.3409856
5041,"2000 4TH AVE, SEATTLE, WA 98121, USA",47.613206,-122.340091
5042,"165 BELLEVUE SQUARE, BELLEVUE, WA 98004, USA",,
5043,"2800 SOUTHCENTER MALL, #652, TUKWILA, WA 98188, USA",,
5044,"12540 120th AVE NE, Kirkland, WA 98034, USA",47.7127374,-122.1793856
5045,"1414 10th AVE, Seattle, WA 98122, USA",47.6132778,-122.3187765
5046,"12670 120th AVE NE, 186, Kirkland, WA 98034, USA",,
5047,"15803 Bear Creek PKWY, Redmond, WA 98052, USA",47.6727211,-122.1290475
5048,"12430 NE 120TH ST, Kirkland, WA 98034, USA",47.7086868,-122.1721459
5049,"1221 1ST AVE, Seattle, WA 98101, USA",47.6063863,-122.3382023
5050,"1501 PIKE PL, #200, SEATTLE, WA 98101, USA",47.6084969,-122.3408476
5051,"400 OCCIDENTAL AVE S, SEATTLE, WA 98104, USA",47.5990989,-122.332663
5052,"14200 NE 145TH ST, C, WOODINVILLE, WA 98072, USA",,
5053,"980 MERIDIAN AVE E, MILTON, WA 98354, USA",47.2472223,-122.2943119
5054,"12121 NE NORTHUP WAY, 205, BELLEVUE, WA 98005, USA",,
5055,"757 BELLEVUE AVE E, SEATTLE, WA 98102, USA",47.6267473,-122.326779
5056,"8617 14TH AVE S, Seattle, WA 98108, USA",47.5258713,-122.3151259
5057,"11822 NORTH CREEK PKWY, Bothell, WA 98011, USA",47.7658176,-122.1842924
5058,"31847 PACIFIC HWY S, FEDERAL WAY, WA 98003, USA",47.3158476,-122.3141469
5059,"30420 PACIFIC HWY S, #3, FEDERAL WAY, WA 98003, USA",,
5060,"1316 SUPERMALL WAY, AUBURN, WA 98001, USA",47.2987231,-122.2514709
5061,"600 5th AVE S, #102, SEATTLE, WA 98104, USA",,
5062,"13806 1st AVE S, BURIEN, WA 98168, USA",47.4792489,-122.3333123
5063,"15223 6TH AVE SW, BURIEN, WA 98166, USA",47.4661242,-122.342077
5064,"11990 SUNSET BLVD NE, A, RENTON, WA 98056, USA",,
5065,"15423 SE 272ND ST, #104, KENT, WA 98042, USA",,
5066,"1505 10TH AVE, SEATTLE, WA 98122, USA",47.614393,-122.319628
5067,"4900 RAINIER AVE S, Seattle, WA 98118, USA",47.5577593,-122.2848018
5068,"2768 ALKI AVE SW, SEATTLE, WA 98116, USA",47.5786654,-122.4116777
5069,"12752 AURORA AVE N, SEATTLE, WA 98133, USA",47.7220655,-122.3445776
5070,"5950 DELRIDGE WAY SW, SEATTLE, WA 98106, USA",47.5495266,-122.3628952
5071,"4213 228TH AVE NE, Redmond, WA 98053, USA",47.6467737,-122.0375272
5072,"148 N 5TH ST, Skykomish, WA 98288, USA",47.7113626,-121.3606927
5073,"19501 144TH AVE NE, E400, WOODINVILLE, WA 98072, USA",,
5074,"2655 NW MARKET ST, SEATTLE, WA 98107, USA",47.6681466,-122.3922913
5075,"2915 1ST AVE S, SEATTLE, WA 98134, USA",47.5771889,-122.334466
5076,"2218 NW Market ST, SEATTLE, WA 98107, USA",47.6688501,-122.385642
5077,"1058 E MERCER ST, SEATTLE, WA 98102, USA",47.6261248,-122.3186149
5078,"1519 PIKE PL, SEATTLE, WA 98101, USA",47.6089078,-122.3412133
5079,"216 SW 153RD ST, BURIEN, WA 98166, USA",47.4662508,-122.3373047
5080,"143 NW 85TH ST, SEATTLE, WA 98117, USA",47.6904981,-122.3598401
5081,"2407 E UNION ST, C, SEATTLE, WA 98122, USA",47.6128049,-122.300915
5082,"17801 INTERNATIONAL BLVD, CA-22, SEATAC, WA 98158, USA",,
5083,"7735 25TH AVE NW, SEATTLE, WA 98117, USA",47.6852678,-122.3888268
5084,"309 N 36th ST, SEATTLE, WA 98103, USA",47.6521561,-122.3552217
5085,"1201 Eastlake AVE E, Seattle, WA 98102, USA",47.6310588,-122.3275081
5086,"1150 Eastlake AVE E, Seattle, WA 98109, USA",47.6301021,-122.327639
5087,"12012 DES MOINES MEMORIAL DR S, SEATTLE, WA 98168, USA",,
5088,"11064 LAKE CITY WAY NE, Seattle, WA 98125, USA",47.7100785,-122.3001077
5089,"2341 CALIFORNIA AVE SW, Seattle, WA 98116, USA",47.5818328,-122.3868088
5090,"12715 NE 124TH ST, Kirkland, WA 98034, USA",47.7099292,-122.1709503
5091,"14505 NW 20th ST, N, BELLEVUE, WA 98007, USA",,
5092,"24015 SE KENT KANGLEY RD, #A, MAPLE VALLEY, WA 98038, USA",47.360885,-122.0218676
5093,"140 SW 152ND ST, BURIEN, WA 98166, USA",47.4671261,-122.3358438
5094,"907 NW 50TH ST, SEATTLE, WA 98107, USA",47.6648619,-122.3691195
5095,"29100 PACIFIC HWY S, 7 & 8, FEDERAL WAY, WA 98003, USA",,
5096,"519 6TH AVE S, 110, SEATTLE, WA 98104, USA",,
5097,"317 E SMITH ST, KENT, WA 98030, USA",47.3833799,-122.2196948
5098,"10325 E MARGINAL WAY S, TUKWILA, WA 98168, USA",47.5095504,-122.292142
5099,"1618 BELLEVUE AVE, #3, SEATTLE, WA 98122, USA",47.6156723,-122.3265758
5100,"6815 RAINIER AVE S, Seattle, WA 98118, USA",47.5409403,-122.2722181
5101,"4850 BEACON AVE S, SEATTLE, WA 98108, USA",47.5594215,-122.3039169
5102,"17615 SE 272ND ST, #102, COVINGTON, WA 98042, USA",,
5103,"12958 SE KENT KANGLEY RD, KENT, WA 98030, USA",47.360088,-122.1665349
5104,"700 BELLEVUE WAY NE, #250, BELLEVUE, WA 98004, USA",,
5105,"1113 GRIFFIN AVE, Enumclaw, WA 98022, USA",47.2033871,-121.9890359
5106,"3414 FREMONT AVE N, SEATTLE, WA 98103, USA",47.6500686,-122.3496152
5107,"1901 2ND AVE, SEATTLE, WA 98101, USA",47.6109433,-122.340751
5108,"23515 NE NOVELTY HILL RD, B-203, REDMOND, WA 98053, USA",,
5109,"211 1ST AVE S, SEATTLE, WA 98104, USA",47.6004013,-122.3343967
5110,"104 Pike ST, Seattle, WA 98101, USA",47.6090713,-122.3398101
5111,"3100 AIRPORT WAY S, SEATTLE, WA 98134, USA",47.5754764,-122.3207484
5112,"25246 PACIFIC HWY S, KENT, WA 98032, USA",47.3749124,-122.3000594
5113,"4451 CALIFORNIA AVE SW, SEATTLE, WA 98116, USA",47.5637951,-122.386897
5114,"516 7TH AVE S, SEATTLE, WA 98104, USA",47.5978531,-122.3235819
5115,"9630 16th AVE SW, SEATTLE, WA 98106, USA",47.5165204,-122.354974
5116,"800 OCCIDENTAL AVE S, Seattle, WA 98134, USA",47.5953459,-122.3316443
5117,"15350 Bel Red, 110, REDMOND, WA 98052, USA",,
5118,"2918 SW AVALON WAY, SEATTLE, WA 98126, USA",47.5706768,-122.3710361
5119,"14505 NE 20th ST, H, BELLEVUE, WA 98007, USA",,
5120,"5000 UNIVERSITY WAY NE, SEATTLE, WA 98105, USA",47.6654917,-122.3127389
5121,"107 1ST AVE S, SEATTLE, WA 98104, USA",47.6014189,-122.3343862
5122,"5148 AUBURN WAY N, C, AUBURN, WA 98002, USA",,
5123,"19603 VASHON HWY SW, b, VASHON ISLAND, WA 98070, USA",,
5124,"5239 BALLARD AVE NW, SEATTLE, WA 98107, USA",47.6662191,-122.3832786
5125,"8507 35TH AVE NE, SEATTLE, WA 98115, USA",47.6904779,-122.2909384
5126,"919 SW 152ND ST, BURIEN, WA 98166, USA",47.4666649,-122.3467133
5127,"516 SOUTHCENTER MALL, 588, Tukwila, WA 98188, USA",,
5128,"321 RAMSAY WAY, 110, KENT, WA 98032, USA",,
5129,"1201 3RD AVE, #210, Seattle, WA 98101, USA",,
5130,"23330 MAPLE VALLEY BLACK DIAMON RD SE, MAPLE VALLEY, WA 98038, USA",,
5131,"2100 DEXTER AVE N, SEATTLE, WA 98109, USA",47.6377886,-122.343206
5132,"18015 SE RENTON MAPLE VALLEY RD, RENTON, WA 98058, USA",47.4624045,-122.1014823
5133,"6352 35TH AVE SW, SEATTLE, WA 98126, USA",47.544864,-122.375854
5134,"4800 BEACON AVE S, Seattle, WA 98108, USA",47.5598522,-122.3040643
5135,"4715 25th AVE NE, SEATTLE, WA 98105, USA",47.663805,-122.3013426
5136,"19545 12TH AVE NW, SHORELINE, WA 98177, USA",47.7718062,-122.3727107
5137,"6056 M L KING JR WAY S, SEATTLE, WA 98118, USA",,
5138,"128 Broadway E, Seattle, WA 98102, USA",47.6196604,-122.320645
5139,"4626 26TH AVE NE, SEATTLE, WA 98105, USA",47.6625625,-122.2996968
5140,"17255 135TH AVE NE, 1040, WOODINVILLE, WA 98072, USA",,
5141,"4909 RAINIER AVE S, 102, SEATTLE, WA 98118, USA",47.5575069,-122.2850905
5142,"7001 24TH AVE NW, 1, SEATTLE, WA 98117, USA",,
5143,"3209 NE 4TH ST, Renton, WA 98056, USA",47.4884853,-122.1765956
5144,"4220 A ST SE, Auburn, WA 98002, USA",47.2708438,-122.2283183
5145,"826 S 3RD ST, RENTON, WA 98057, USA",47.4797947,-122.2056236
5146,"101 116TH AVE SE, Bellevue, WA 98004, USA",47.6093874,-122.1868295
5147,"5700 SOUTHCENTER BLVD, SEATTLE, WA 98188, USA",,
5148,"5718 RAINIER AVE S, SEATTLE, WA 98118, USA",47.5507481,-122.2771911
5149,"28 E SUNSET WAY, ISSAQUAH, WA 98027, USA",47.5301971,-122.0359365
5150,"5200 BALLARD AVE NW, SEATTLE, WA 98107, USA",47.6658489,-122.3823178
5151,"8501 ROOSEVELT WAY NE, SEATTLE, WA 98115, USA",47.6904691,-122.317807
5152,"19215 66TH AVE S, KENT, WA 98032, USA",47.4302492,-122.2518681
5153,"746 19TH AVE E, SEATTLE, WA 98112, USA",47.6265668,-122.3069971
5154,"2408 1ST AVE, Seattle, WA 98121, USA",47.6144699,-122.3479803
5155,"1943 1ST AVE S, SEATTLE, WA 98134, USA",47.5846229,-122.3346953
5156,"3051 78TH AVE SE, Mercer Island, WA 98040, USA",47.5820839,-122.2347012
5157,"615 W MCGRAW ST, Seattle, WA 98119, USA",47.6394747,-122.365746
5158,"1100 NE 45TH ST, 100, SEATTLE, WA 98105, USA",,
5159,"10435 NE 4TH ST, STE., BELLEVUE, WA 98004, USA",,
5160,"1321 MADISON ST, SEATTLE, WA 98104, USA",47.6105111,-122.3219188
5161,"177 WESTERN AVE W, 268-A, SEATTLE, WA 98119, USA",,
5162,"2609 S MCCLELLAN ST, SEATTLE, WA 98144, USA",47.578038,-122.298818
5163,"3508 FREMONT PL N, Seattle, WA 98103, USA",47.65102,-122.3505927
5164,"1530 POST ALY, 12, Seattle, WA 98101, USA",,
5165,"1424 156TH AVE NE, BELLEVUE, WA 98007, USA",47.6230405,-122.1320726
5166,"21630 PACIFIC HWY S, DES MOINES, WA 98198, USA",47.4078705,-122.2984886
5167,"4122 E MADISON ST, Seattle, WA 98112, USA",47.635405,-122.278868
5168,"3429 45TH AVE SW, SEATTLE, WA 98116, USA",47.5728035,-122.390275
5169,"4214 E MADISON ST, Seattle, WA 98112, USA",47.6360335,-122.2779468
5170,"3100 E MADISON ST, SEATTLE, WA 98112, USA",47.6265331,-122.2921234
5171,"1315 E MADISON ST, Seattle, WA 98122, USA",47.6133686,-122.3148779
5172,"1175 GILMAN BLVD, B7, ISSAQUAH, WA 98027, USA",,
5173,"1138 34TH AVE, SEATTLE, WA 98122, USA",47.6127914,-122.2891486
5174,"20301 32ND AVE S, SEA TAC, WA 98198, USA",,
5175,"1121 33RD AVE, SEATTLE, WA 98122, USA",47.612274,-122.2909233
5176,"1126 M L KING JR WAY, Seattle, WA 98122, USA",,
5177,"3309 E UNION ST, Seattle, WA 98122, USA",47.6127496,-122.2897817
5178,"1928 S COMMONS MALL, H-11, Federal Way, WA 98003, USA",,
5179,"11014 120TH AVE NE, KIRKLAND, WA 98033, USA",47.6991435,-122.180943
5180,"3172 NE SUNSET BLVD, RENTON, WA 98056, USA",47.5044346,-122.1770737
5181,"2601 W MARINA PL, SEATTLE, WA 98199, USA",47.6303796,-122.3915164
5182,"307 W MEEKER ST, KENT, WA 98032, USA",47.3817553,-122.2352453
5183,"101 85TH ST N, 102, Seattle, WA 98103, USA",47.6904007,-122.357756
5184,"3317 W GOVERNMENT WAY, SEATTLE, WA 98199, USA",47.6594063,-122.4003598
5185,"3301 W McGRAW ST, SEATTLE, WA 98199, USA",47.6393883,-122.400255
5186,"2418 28TH AVE W, SEATTLE, WA 98199, USA",47.640596,-122.3923556
5187,"3221 W MCGRAW ST, SEATTLE, WA 98199, USA",47.639425,-122.3993643
5188,"7801 62ND AVE NE, SEATTLE, WA 98115, USA",47.6881653,-122.2649134
5189,"352 GRIFFIN AVE, Enumclaw, WA 98022, USA",47.1998376,-121.9827732
5190,"2312 SW 336TH ST, FEDERAL WAY, WA 98023, USA",47.3013885,-122.3632468
5191,"3701 NE 45TH ST, Seattle, WA 98105, USA",47.6609491,-122.2879974
5192,"131 FRONT ST N, ISSAQUAH, WA 98027, USA",47.5317662,-122.0366805
5193,"4542 CALIFORNIA AVE SW, SEATTLE, WA 98116, USA",47.5616219,-122.3865536
5194,"10120 SE 260TH ST, 121, KENT, WA 98030, USA",,
5195,"3152 NE SUNSET BLVD, Renton, WA 98056, USA",47.5040064,-122.177294
5196,"24437 RUSSELL RD, 120, Kent, WA 98032, USA",,
5197,"500 5TH AVE N, SEATTLE, WA 98109, USA",47.6236822,-122.3461791
5198,"1204 E MAIN ST NE, Auburn, WA 98002, USA",,
5199,"2295 7TH AVE, SEATTLE, WA 98121, USA",47.6170843,-122.3413184
5200,"612 NW 65TH ST, SEATTLE, WA 98117, USA",47.6760988,-122.3642553
5201,"1914 PIKE PL, Seattle, WA 98101, USA",47.6100437,-122.342636
5202,"2325 6th AVE, SEATTLE, WA 98121, USA",47.6169996,-122.3430926
5203,"2044 NW MARKET ST, Seattle, WA 98107, USA",47.6688574,-122.3841041
5204,"215 QUEEN ANNE AVE N, 105, SEATTLE, WA 98109, USA",,
5205,"210 SW 43rd St 210 SW 43rd St, Renton, WA 98057-4936, USA",,
5206,"1620 S 312TH ST, STE C, FEDERAL WAY, WA 980034945, USA",,
5207,"153 N 78TH ST, SEATTLE, WA 98103, USA",47.6853627,-122.3556782
5208,"17875 REDMOND WAY, #150, REDMOND, WA 98052, USA",,
5209,"101 SW 41ST ST, #G, RENTON, WA 98057, USA",,
5210,"1025 NW GILMAN BLVD, E7, Issaquah, WA 98027, USA",,
5211,"667 156TH AVE SE, BELLEVUE, WA 98007, USA",47.6042959,-122.1326469
5212,"620 W MCGRAW ST, Seattle, WA 98119, USA",47.6397012,-122.3659746
5213,"17310 SOUTHCENTER PKWY, TUKWILA, WA 98188, USA",47.4484014,-122.2614312
5214,"21027 International BLVD S, SEATAC, WA 98198, USA",,
5215,"13515 AMBAUM BLVD SW, BURIEN, WA 98146, USA",47.4816552,-122.3487978
5216,"2219 2ND AVE, B, Seattle, WA 98121, USA",47.6135074,-122.345108
5217,"18230 E VALLEY HWY, #156, KENT, WA 98032, USA",47.4385839,-122.220247
5218,"2300 NE 65TH ST, Seattle, WA 98115, USA",47.675878,-122.3023112
5219,"8319 WABASH AVE S, SEATTLE, WA 98118, USA",47.5287315,-122.2692702
5220,"240 W KENT STATION ST, 104, KENT, WA 98032, USA",,
5221,"1911 S 320TH ST, FEDERAL WAY, WA 98003, USA",47.3147274,-122.3089333
5222,"2630 1ST AVE, Seattle, WA 98121, USA",47.6157536,-122.3502686
5223,"12672 SE 38TH ST, BELLEVUE, WA 98006, USA",47.5770245,-122.1706603
5224,"5101 25th AVE NE, #2-3, SEATTLE, WA 98105, USA",47.6664704,-122.3008401
5225,"220 MERCER ST, SEATTLE, WA 98109, USA",47.6248292,-122.3520951
5226,"4111 1ST AVE S, SEATTLE, WA 98134, USA",47.5663907,-122.33433
5227,"15205 MILITARY RD S, SEA TAC, WA 98188, USA",,
5228,"4741 12TH AVE NE, SEATTLE, WA 98105, USA",47.6643215,-122.3155526
5229,"13629 1ST AVE S, Burien, WA 98168, USA",47.480472,-122.3341336
5230,"1222 E PINE ST, C, SEATTLE, WA 98122, USA",,
5231,"345 ANDOVER PARK E, Seattle, WA 98188, USA",,
5232,"14850 NE 24TH ST, REDMOND, WA 98052, USA",47.6326875,-122.1413091
5233,"22612 7TH AVE S, DES MOINES, WA 98198, USA",47.3988622,-122.3252621
5234,"2148 S 314TH ST, Federal Way, WA 98003, USA",47.3211081,-122.3056569
5235,"304 6TH AVE S, Seattle, WA 98104, USA",47.5997484,-122.3261385
5236,"850 NE 88TH ST NE, SEATTLE, WA 98115, USA",,
5237,"6951 MARTIN LUTHER KING JR WAY S, Seattle, WA 98118, USA",47.5390974,-122.283245
5238,"16928 JUANITA DR NE, KENMORE, WA 98028, USA",47.7515284,-122.2492877
5239,"307 TUKWILA PKWY, TUKWILA, WA 98188, USA",47.4608954,-122.2537427
5240,"3204 RICHARDS RD, BELLEVUE, WA 98005, USA",47.5816255,-122.167695
5241,"11064 LAKE CITY WAY NE, #12, Seattle, WA 98125, USA",,
5242,"9831 AURORA AVE N, SEATTLE, WA 98103, USA",47.7007994,-122.3450912
5243,"3621 STONE WAY N, #C, SEATTLE, WA 98103, USA",,
5244,"900 N 34TH ST, Seattle, WA 98103, USA",47.6494832,-122.3468421
5245,"3535 INTERLAKE AVE N, SEATTLE, WA 98103, USA",47.6502206,-122.3417537
5246,"4925 CORSON AVE S, SEATTLE, WA 98108, USA",47.5579442,-122.3187946
5247,"15644 204TH AVE SE, Renton, WA 98059, USA",47.4621446,-122.0661764
5248,"26821 MapleValley-Black Diamond RD SE, MAPLE VALLEY, WA 98038, USA",,
5249,"22010 SE 248TH ST, Maple Valley, WA 98038, USA",47.3802971,-122.0477015
5250,"21655 RENTON MAPLE VALLEY RD SE, Maple Valley, WA 98038, USA",47.4068959,-122.0389104
5251,"21641 RENTON MAPLE VALLEY RD SE, MAPLE VALLEY, WA 98038, USA",47.4073485,-122.0389109
5252,"26810 MAPLE VALLEY BLK DIAMOND HWY, MAPLE VALLEY, WA 98038, USA",,
5253,"18200 SE 240TH ST, COVINGTON, WA 98042, USA",47.3889159,-122.0995271
5254,"130 JERICHO AVE SE, RENTON, WA 98059, USA",,
5255,"5613 4TH AVE S, SEATTLE, WA 98108, USA",47.5520772,-122.3298437
5256,"9201 15TH AVE NW, SEATTLE, WA 98117, USA",47.6969865,-122.3788856
5257,"1725 216TH AVE NE, SAMMAMISH, WA 98074, USA",47.6256281,-122.0532746
5258,"4217 SW OREGON ST, SEATTLE, WA 98116, USA",47.5626534,-122.3862787
5259,"928 NW LEARY WAY, 102, Seattle, WA 98107, USA",47.6639173,-122.3699354
5260,"1101 4TH AVE, Seattle, WA 98101, USA",47.60692,-122.3341144
5261,"2000 6TH AVE, SEATTLE, WA 98121, USA",47.6146391,-122.3383718
5262,"3714 S HUDSON ST, SEATTLE, WA 98118, USA",47.5572463,-122.2854026
5263,"1660 HARBOR AVE SW, SEATTLE, WA 98126, USA",47.5894296,-122.3805678
5264,"1117 12TH AVE, SEATTLE, WA 98122, USA",47.6120944,-122.3169927
5265,"97 PIKE ST, B, SEATTLE, WA 98101, USA",,
5266,"2301 E UNION ST, P, SEATTLE, WA 98122, USA",,
5267,"14200 NE 145TH ST, Suite D, WOODINVILLE, WA 98072, USA",,
5268,"2450 S STAR LAKE RD, Federal Way, WA 98003, USA",47.3563853,-122.298936
5269,"9525 130TH AVE NE, Kirkland, WA 98033, USA",47.6875685,-122.1690635
5270,"1514 PIKE PL, #8, Seattle, WA 98101, USA",,
5271,"601 108TH AVE NE, 150, BELLEVUE, WA 98004, USA",,
5272,"701 5TH AVE, 107, SEATTLE, WA 98104, USA",,
5273,"1509 PIKE PL, #3, Seattle, WA 98101, USA",,
5274,"2003 1ST AVE, Seattle, WA 98121, USA",47.6110795,-122.342946
5275,"1124 HOWELL ST, Seattle, WA 98101, USA",47.6168301,-122.3308228
5276,"1100 NW 54TH ST, seattle, WA 98107, USA",47.6680208,-122.3709565
5277,"2021 NW MARKET ST, Seattle, WA 98107, USA",47.6684912,-122.38391
5278,"427 E SMITH ST, KENT, WA 98030, USA",47.3835733,-122.2285413
5279,"14810 NE 145TH ST, A2, WOODINVILLE, WA 98072, USA",,
5280,"4416 FREMONT AVE N, Seattle, WA 98103, USA",47.6604793,-122.3496417
5281,"3719 NE 45TH ST, Seattle, WA 98105, USA",47.6611288,-122.287366
5282,"643 B SW 152ND ST, BURIEN, WA 98166, USA",47.4668298,-122.341162
5283,"31217 PACIFIC HWY S, B102, FEDERAL WAY, WA 98003, USA",,
5284,"366 ROY ST, Seattle, WA 98109, USA",47.6255426,-122.349233
5285,"208 106TH PL NE, BELLEVUE, WA 98004, USA",47.6123189,-122.1978918
5286,"800 FAIRVIEW AVE N, Seattle, WA 98109, USA",47.626338,-122.333782
5287,"2100 ALASKAN WAY, SEATTLE, WA 98121, USA",47.6107026,-122.3464937
5288,"17621 128TH AVE NE, B, Woodinville, WA 98072, USA",,
5289,"6725 45TH AVE S, SEATTLE, WA 98118, USA",47.5418311,-122.2770249
5290,"12711 SE 248TH ST, Kent, WA 98030, USA",47.3778167,-122.1715807
5291,"15935 Main ST NE, B, DUVALL, WA 98019, USA",,
5292,"680 SOUTHCENTER MALL, 268, Tukwila, WA 98188, USA",,
5293,"1024 S BAILEY ST, Seattle, WA 98108, USA",47.5478049,-122.3190283
5294,"535 C ST SW, AUBURN, WA 98001, USA",47.3018244,-122.2338127
5295,"19800 MARINE VIEW DR SW, NORMANDY PARK, WA 98166, USA",47.4250445,-122.3413252
5296,"23641 104TH AVE SE, Kent, WA 98031, USA",47.3895014,-122.203053
5297,"317 NW GILMAN BLVD, 31A, ISSAQUAH, WA 98027, USA",,
5298,"19021 INTERNATIONAL BLVD, SEA TAC, WA 98188, USA",,
5299,"4727 CALIFORNIA AVE SW, seattle, WA 98116, USA",47.5603337,-122.3869958
5300,"7345 164TH AVE NE, I-147, REDMOND, WA 98052, USA",47.6698313,-122.1217339
5301,"26636 MAPLE VALLEY BL DIAMOND RD SE, MAPLE VALLEY, WA 98038, USA",,
5302,"507 NE NORTHGATE WAY, #G, SEATTLE, WA 98125, USA",47.7084114,-122.3227586
5303,"4725 CALIFORNIA AVE SW, SEATTLE, WA 98116, USA",47.5603756,-122.387012
5304,"33310 PACIFIC HWY S, #404, FEDERAL WAY, WA 98003, USA",,
5305,"1307 1ST AVE, Seattle, WA 98101, USA",47.6070516,-122.3386482
5306,"20 ROY ST, SEATTLE, WA 98109, USA",47.6255544,-122.3557247
5307,"4411 S MEAD ST S, SEATTLE, WA 98118, USA",47.5503484,-122.2783883
5308,"619 E PINE ST, Seattle, WA 98122, USA",47.6150824,-122.3237201
5309,"18230 EAST VALLEY HWY, #176, Kent, WA 98032, USA",47.4385839,-122.220247
5310,"4537 UNIVERSITY WAY NE, #A, Seattle, WA 98105, USA",,
5311,"1250 SW 43RD ST, A, RENTON, WA 98057, USA",,
5312,"201 W NORTH BEND WAY, 100, North Bend, WA 98045, USA",,
5313,"5410 BALLARD AVE NW, SEATTLE, WA 98107, USA",47.6681735,-122.3849236
5314,"7824 LEARY WAY, Redmond, WA 98052, USA",47.6733235,-122.1233126
5315,"4546 CALIFORNIA AVE SW, SEATTLE, WA 98116, USA",47.5615325,-122.3865474
5316,"7705 168TH AVE NE, REDMOND, WA 98052, USA",47.6728433,-122.1166308
5317,"10246 MAIN ST, A, BELLEVUE, WA 98004, USA",47.6102926,-122.203282
5318,"1530 11TH AVE, A, SEATTLE, WA 98122, USA",47.6150103,-122.3180011
5319,"500 FAIRVIEW AVE N, 140, SEATTLE, WA 98109, USA",,
5320,"6014 12th AVE S, Seattle, WA 98108, USA",47.5490126,-122.3171923
5321,"14231 NE WOODINVILLE-DUVALL RD, WOODINVILLE, WA 98072, USA",47.754838,-122.1489371
5322,"6615 E MARGINAL WAY S, Seattle, WA 98108, USA",47.5439014,-122.3301119
5323,"94 PIKE ST, Seattle, WA 98101, USA",47.608856,-122.3405657
5324,"7325 166TH AVE NE, F210, REDMOND, WA 98052, USA",,
5325,"16116 140TH PL NE, WOODINVILLE, WA 98072, USA",47.7436795,-122.146335
5326,"15500 WOODINVILLE-REDMOND RD NE, C600, WOODINVILLE, WA 98072, USA",,
5327,"16400 SE 251ST ST, COVINGTON, WA 98042, USA",47.3781585,-122.1202887
5328,"18151 68TH AVE NE, 101, KENMORE, WA 98028, USA",,
5329,"385 NW GILMAN BLVD, ISSAQUAH, WA 98027, USA",47.5411259,-122.0429165
5330,"2351 S 200th ST, SEATAC, WA 98198, USA",47.4213701,-122.3032956
5331,"14200 1ST AVE S, #C, BURIEN, WA 98168, USA",,
5332,"4433 S GRAHAM ST, SEATTLE, WA 98118, USA",47.545749,-122.2767013
5333,"31811 PACIFIC HWY S, A, FEDERAL WAY, WA 98003, USA",,
5334,"2200 5TH AVE, SEATTLE, WA 98121, USA",47.6154838,-122.3417675
5335,"16830 SOUTHCENTER PKWY, TUKWILA, WA 98188, USA",47.4525229,-122.2607981
5336,"9454 DELRIDGE WAY SW, Seattle, WA 98106, USA",47.5190097,-122.3567857
5337,"81 PIKE ST, SEATTLE, WA 98101, USA",47.608289,-122.3407623
5338,"17614 VASHON HWY SW, VASHON ISLAND, WA 98070, USA",,
5339,"1414 S 324TH ST, #B111, FEDERAL WAY, WA 98003, USA",,
5340,"405 OLIVE WAY, Seattle, WA 98101, USA",47.6121677,-122.3381086
5341,"23311 PACIFIC HWY S, KENT, WA 98032, USA",47.3926731,-122.2967558
5342,"23311-B PACIFIC HWY S, #C200, KENT, WA 98032, USA",,
5343,"1001 MERCER ST, Seattle, WA 98109, USA",47.6241543,-122.3368726
5344,"13226 SE 30TH ST, BELLEVUE, WA 98005, USA",47.5852736,-122.1636818
5345,"1435 11TH AVE NW, Issaquah, WA 98027, USA",47.5462278,-122.0524113
5346,"2010 148TH AVE NE, Suite 160, REDMOND, WA 98052, USA",,
5347,"7225 170TH AVE NE, 101, REDMOND, WA 98052, USA",47.6693409,-122.115837
5348,"2010 148TH AVE NE, 160, REDMOND, WA 98052, USA",,
5349,"2010 148TH AVE NE, STE 160, REDMOND, WA 98052, USA",,
5350,"19510 104TH AVE NE, Bothell, WA 98011, USA",47.769988,-122.1978778
5351,"14490 168TH AVE SE, Renton, WA 98059, USA",,
5352,"21000 108TH AVE SE, KENT, WA 98031, USA",47.414106,-122.195667
5353,"26212 PACIFIC HWY S, KENT, WA 98032, USA",47.3680904,-122.303874
5354,"951 ROOSEVELT AVE E, Enumclaw, WA 98022, USA",47.199627,-121.9675883
5355,"110 CROSS ST, AUBURN, WA 98002, USA",47.3039555,-122.2276788
5356,"4234 E MADISON ST, Seattle, WA 98112, USA",47.6364484,-122.2773302
5357,"200 ROY ST, Seattle, WA 98109, USA",47.6255561,-122.3525484
5358,"9404 E MARGINAL WAY S, Seattle, WA 98108, USA",47.5183592,-122.2964955
5359,"173 S Washington ST, SEATTLE, WA 98104, USA",47.6007056,-122.3318195
5360,"144 NE 54TH ST, SEATTLE, WA 98105, USA",47.6684095,-122.3266021
5361,"4056 128TH AVE SE, Bellevue, WA 98006, USA",47.5730861,-122.1688746
5362,"1236 W MEEKER ST, Kent, WA 98032, USA",47.3809123,-122.2485416
5363,"23225 MAPLE VALLEY-BLACK DIAMON RD SE, MAPLE VALLEY, WA 98038, USA",,
5364,"2401 4TH AVE S, SEATTLE, WA 98134, USA",47.5814652,-122.3295528
5365,"15201 AURORA AVE N, SHORELINE, WA 98133, USA",47.7390875,-122.3450252
5366,"13841 NE 20TH ST, Bellevue, WA 98005, USA",47.6275553,-122.1545863
5367,"110 ROOSEVELT AVE E, ENUMCLAW, WA 98022, USA",47.1990123,-121.978254
5368,"23545 NE NOVELTY HILL RD, REDMOND, WA 98053, USA",47.6999829,-122.0253124
5369,"73 RAINIER AVE S, RENTON, WA 98057, USA",47.4841208,-122.2179002
5370,"10125 SE 256TH ST, KENT, WA 98030, USA",47.3720096,-122.2051399
5371,"1531 AUBURN WAY N, AUBURN, WA 98002, USA",47.3216225,-122.2220569
5372,"2580 SW BARTON ST, SEATTLE, WA 98126, USA",47.521103,-122.3655165
5373,"2302 S 320TH ST, FEDERAL WAY, WA 98003, USA",47.3155372,-122.3032837
5374,"3209 NE 4TH ST, RENTON, WA 98056, USA",47.4884833,-122.1765976
5375,"3920 A ST SE, AUBURN, WA 98002, USA",47.2733684,-122.228411
5376,"702 AUBURN WAY S, Auburn, WA 98002, USA",47.3011083,-122.2241217
5377,"1705 NE 44TH ST, RENTON, WA 98056, USA",47.5319639,-122.1951756
5378,"8515 124TH AVE NE, KIRKLAND, WA 98033, USA",47.6797316,-122.1765802
5379,"2807 78TH ST SE, MERCER ISLAND, WA 98040, USA",47.5333735,-122.2245358
5380,"14507 BOTHELL WAY NE, SHORELINE, WA 98155, USA",47.734173,-122.2929774
5381,"12440 NE 144TH ST, KIRKLAND, WA 98034, USA",47.7315665,-122.1741661
5382,"5146 25TH AVE NE, Seattle, WA 98105, USA",47.6677391,-122.3003723
5383,"1304 OUTLET COLLECTION WAY SW, AUBURN, WA 98001, USA",,
5384,"12514 116TH AVE NE, KIRKLAND, WA 98034, USA",47.7126067,-122.1860047
5385,"10715 SE 174TH ST, RENTON, WA 98055, USA",47.4462451,-122.1980942
5386,"3239 156TH AVE SE, BELLEVUE, WA 98007, USA",47.5812734,-122.1362042
5387,"16501 SOUTHCENTER PKWY, TUKWILA, WA 98188, USA",47.4544027,-122.2629708
5388,"2336 25TH AVE S, Seattle, WA 98144, USA",47.5816341,-122.3000338
5389,"20227 BALLINGER WAY NE, SHORELINE, WA 98155, USA",47.7757425,-122.3119516
5390,"735 MT SI BLVD, NORTH BEND, WA 98045, USA",,
5391,"1401 156TH AVE NE, BELLEVUE, WA 98007, USA",47.6226038,-122.1330038
5392,"15210 INTERNATIONAL BLVD, TUKWILA, WA 98188, USA",47.4662882,-122.2876429
5393,"4411 NE SUNSET BLVD, RENTON, WA 98059, USA",47.5042457,-122.1596979
5394,"17431 SE 272ND ST, COVINGTON, WA 98042, USA",47.357892,-122.1085316
5395,"13636 100TH AVE NE, KIRKLAND, WA 98034, USA",47.7226887,-122.2073729
5396,"17223 140TH AVE NE, WOODINVILLE, WA 98072, USA",47.7528686,-122.1534451
5397,"2147 N NORTHGATE WAY, SEATTLE, WA 98133, USA",47.7082854,-122.3316737
5398,"1516 SW 114TH ST, SEATTLE, WA 98146, USA",47.5013996,-122.3753024
5399,"14120 SE PETROVITSKY RD, Renton, WA 98058, USA",47.4452017,-122.1513
5400,"401 S GRADY WAY, RENTON, WA 98057, USA",47.4712004,-122.2126658
5401,"26924 MAPLE VALLEY BLACK DIAMOND RD SE, MAPLE VALLEY, WA 98038, USA",47.3599364,-122.0202311
5402,"13049 NEWCASTLE WAY, NEWCASTLE, WA 98059, USA",47.5375039,-122.1645632
5403,"22644 PACIFIC HWY S, DES MOINES, WA 98198, USA",47.3979117,-122.2953532
5404,"140 4th AVE N, Suite 130, Seattle, WA 98109, USA",,
5405,"5526 E LAKE SAMMAMISH PKWY SE, Issaquah, WA 98029, USA",47.5527718,-122.0439975
5406,"15620 1ST AVE S, BURIEN, WA 98148, USA",47.4626518,-122.3333835
5407,"1305 NW GILMAN BLVD, Issaquah, WA 98027, USA",47.5453298,-122.0586026
5408,"27515 PACIFIC HWY S, FEDERAL WAY, WA 98003, USA",47.3548814,-122.3117357
5409,"615 228TH AVE NE, SAMMAMISH, WA 98074, USA",47.6149137,-122.0361155
5410," SEATAC AIRPORT, CB-7, SEATAC, WA 98158, USA",47.440424,-122.295959
5411,"34814 PACIFIC HWY S, FEDERAL WAY, WA 98003, USA",47.2893061,-122.3174169
5412,"1530 3RD AVE, SEATTLE, WA 98101, USA",47.6107012,-122.3383912
5413,"5400 14TH ST NW, Seattle, WA 98107, USA",,
5414,"6305 MARTIN LUTHER KING JR WAY S, SEATTLE, WA 98118, USA",47.54557,-122.2860051
5415,"9304 RAINIER AVE S, SEATTLE, WA 98118, USA",47.5202034,-122.2669303
5416,"9610 DES MOINES MEMORIAL DR S, Seattle, WA 98108, USA",47.5166953,-122.3144904
5417,"8320 S 212TH ST, Kent, WA 98032, USA",47.4127022,-122.2286129
5418,"1617 38TH AVE E, SEATTLE, WA 98112, USA",47.63411,-122.2848119
5419,"5005 3RD AVE S, SEATTLE, WA 98134, USA",47.5569511,-122.33176
5420,"1200 EDMONDS AVE NE, Renton, WA 98056, USA",47.5056718,-122.183369
5421,"300 E PIKE ST, SEATTLE, WA 98122, USA",47.6141575,-122.3276777
5422,"18607 BOTHELL WAY NE, BOTHELL, WA 98011, USA",47.7623724,-122.2087282
5423,"3708 S 168th ST, SEATAC, WA 98188, USA",47.4537465,-122.2857315
5424,"9329 SW CEMETERY RD, VASHON ISLAND, WA 98070, USA",,
5425,"17405 133RD AVE NE, WOODINVILLE, WA 98072, USA",47.7538649,-122.1620811
5426,"10610 SE KENT KANGLEY RD, KENT, WA 98030, USA",47.3716953,-122.198569
5427,"575 BELLEVUE SQUARE, 2033, BELLEVUE, WA 98004, USA",,
5428,"1800 INDEX AVE NE, Renton, WA 98056, USA",47.5083889,-122.1809591
5429,"27710 108TH AVE SE, Kent, WA 98030, USA",47.3532336,-122.1955555
5430,"10517 35TH AVE NE, SEATTLE, WA 98125, USA",47.70575,-122.291367
5431,"1510 NW LEARY WAY, Seattle, WA 98107, USA",47.6638743,-122.3768878
5432,"301 21ST AVE E, SEATTLE, WA 98112, USA",47.6224927,-122.3054023
5433,"400 FAIRVIEW AVE N, P001, SEATTLE, WA 98109, USA",47.6229871,-122.3340538
5434,"9432 16TH AVE SW, SEATTLE, WA 98106, USA",47.5182003,-122.3549721
5435,"526 QUEEN ANNE AVE N, SEATTLE, WA 98109, USA",47.6241005,-122.356588
5436,"8401 NE 12TH ST, MEDINA, WA 98039, USA",47.6208695,-122.2275916
5437,"8001 NE 8TH ST, MEDINA, WA 98039, USA",47.6167799,-122.2340209
5438,"15253 NE BEL RED RD, #C, BELLEVUE, WA 98007, USA",47.6287163,-122.1350637
5439,"34024 HOYT RD SW, #I, FEDERAL WAY, WA 98023, USA",,
5440,"11412 NE 124TH ST, KIRKLAND, WA 98034, USA",47.711563,-122.1884922
5441,"2204 S JACKSON ST, SEATTLE, WA 98144, USA",47.5994084,-122.302905
5442,"205 1ST AVE S, Seattle, WA 98104, USA",47.6006761,-122.334398
5443,"15238 AURORA AVE N, SHORELINE, WA 98133, USA",47.7402872,-122.3438819
5444,"4343 UNIVERSITY WAY NE, SEATTLE, WA 98105, USA",47.6610608,-122.3133223
5445,"1526 PIKE PL, Seattle, WA 98101, USA",47.6093072,-122.341365
5446,"12600 SE 192ND ST, Renton, WA 98058, USA",47.4311834,-122.1722755
5447,"1721 W MEEKER ST, KENT, WA 98032, USA",47.3815583,-122.2584362
5448,"2525 4TH AVE, SEATTLE, WA 98121, USA",47.6170126,-122.3470664
5449,"3727 CALIFORNIA AVE SW, 2 #2B, SEATTLE, WA 98116, USA",,
5450,"127 N 36TH ST, SEATTLE, WA 98103, USA",47.652518,-122.3564653
5451,"15552 LAKE HILLS BLVD, F5, BELLEVUE, WA 98007, USA",47.6035845,-122.1322365
5452,"500 E PIKE ST, SEATTLE, WA 98122, USA",47.6142373,-122.325121
5453,"1424 11TH AVE, F, SEATTLE, WA 98122, USA",47.6135867,-122.317971
5454,"660 SW 39TH ST, RENTON, WA 98057, USA",47.4462845,-122.22624
5455,"212 CENTRAL AVE N, Kent, WA 98032, USA",47.3827273,-122.2305811
5456,"1004 NE 50TH ST, SEATTLE, WA 98105, USA",47.6650178,-122.3171903
5457,"18230 E VALLEY HWY, #143, KENT, WA 98032, USA",47.4385839,-122.220247
5458,"12020 AURORA AVE N, Seattle, WA 98133, USA",47.7167473,-122.3443796
5459,"31406 PACIFIC HWY S, A, FEDERAL WAY, WA 98003, USA",,
5460,"106 KIRKLAND AVE, KIRKLAND, WA 98033, USA",47.6756598,-122.2061855
5461,"16050 CLEVELAND ST, REDMOND, WA 98052, USA",47.6745061,-122.1261398
5462,"819 HOUSER WAY S, RENTON, WA 98057, USA",47.4787643,-122.2056602
5463,"308 108TH AVE NE, BELLEVUE, WA 98004, USA",47.6126376,-122.1961055
5464,"29125 SE DUTHIE HILL RD, SAMMAMISH, WA 98075, USA",47.5850219,-121.9557189
5465,"31646 PACIFIC HWY S, FEDERAL WAY, WA 98003, USA",47.3174754,-122.3130184
5466,"1202 AUBURN WAY N, AUBURN, WA 98002, USA",47.3187277,-122.2211243
5467,"16400 WEST VALLEY HWY, Tukwila, WA 98188, USA",47.4565917,-122.2432602
5468,"11036 1ST AVE S, SEATTLE, WA 98168, USA",47.5041571,-122.3332647
5469,"14865 MAIN ST, BELLEVUE, WA 98007, USA",47.6095335,-122.1415056
5470,"2620 CALIFORNIA AVE SW, #400, SEATTLE, WA 98116, USA",,
5471,"2101 QUEEN ANNE AVE N, SEATTLE, WA 98109, USA",47.6373176,-122.3571382
5472,"14024 SE PETROVITSKY RD, #103, RENTON, WA 98058, USA",,
5473,"1186 OUTLET COLLECTION DR SW, AUBURN, WA 98001, USA",,
5474,"21225 BOTHELL EVERETT HWY, Unit # 102, BOTHELL, WA 98021, USA",,
5475,"1409 S 348TH ST, #101D, FEDERAL WAY, WA 98003, USA",,
5476,"830 N 10TH ST, 310-M, RENTON, WA 98057, USA",,
5477,"1350 4TH AVE, SEATTLE, WA 98101, USA",47.6091919,-122.3354313
5478,"2118 Westlake AVE, SEATTLE, WA 98121, USA",47.6172191,-122.3380398
5479,"12540 120TH AVE NE, 102, KIRKLAND, WA 98034, USA",,
5480,"16502 CLEVELAND ST, W-7, Redmond, WA 98052, USA",,
5481,"10655 NE 4th ST, Bellevue, WA 98004, USA",47.613772,-122.1976935
5482,"23060 PACIFC HWY S, DES MOINES, WA 98198, USA",,
5483,"2539-B GATEWAY CENTER BLVD S, FEDERAL WAY, WA 98003, USA",47.316679,-122.2989487
5484,"1510 BELMONT AVE, SEATTLE, WA 98122, USA",47.614465,-122.3242658
5485,"14308 124TH AVE NE, KIRKLAND, WA 98034, USA",47.7302301,-122.1754856
5486,"10000 MAIN ST, #104, BELLEVUE, WA 98004, USA",,
5487,"745 BELLEVUE AVE E, SEATTLE, WA 98102, USA",47.6263747,-122.3269734
5488,"1600 S COLUMBIAN WAY, SEATTLE, WA 98108, USA",47.5639834,-122.3116838
5489,"8326 AVALON DR, MERCER ISLAND, WA 98040, USA",47.5268896,-122.2230623
5490,"7655 SUNSET HWY SE, MERCER ISLAND, WA 98040, USA",47.5876442,-122.2355647
5491,"9100 SE 42ND ST, Mercer Island, WA 98040, USA",47.5718919,-122.2193087
5492,"8451 SE 68TH ST, 105, MERCER ISLAND, WA 98040, USA",,
5493,"4150 E MERCER WAY, MERCER ISLAND, WA 98040, USA",47.5712551,-122.2062425
5494,"109 YESLER WAY, SEATTLE, WA 98104, USA",47.6015479,-122.3334283
5495,"17634 NE UNION HILL RD, REDMOND, WA 98052, USA",47.675438,-122.1037625
5496,"12525 TOTEM LAKE BLVD NE, KIRKLAND, WA 98034, USA",47.7109291,-122.181719
5497,"8506 122ND AVE NE, KIRKLAND, WA 98033, USA",47.6795683,-122.1779655
5498,"11442 AVONDALE RD NE, REDMOND, WA 98052, USA",47.7022284,-122.0925913
5499,"13102 NE 20TH ST, BELLEVUE, WA 98005, USA",47.628415,-122.1655705
5500,"500 108TH AVE NE, 1A1, BELLEVUE, WA 98004, USA",,
5501,"22631 NE INGLEWOOD HILL RD, SAMMAMISH, WA 98074, USA",47.6154501,-122.037135
5502,"12801 NE 175TH ST, Woodinville, WA 98072, USA",47.7530705,-122.1689605
5503,"17980 REDMOND WAY, REDMOND, WA 98052, USA",47.6669832,-122.1005251
5504,"23532 NE REDMOND FALL CITY RD, REDMOND, WA 98053, USA",47.644522,-122.0253276
5505,"15608 NE WOODINVILLE DUVALL RD, WOODINVILLE, WA 98072, USA",47.7619189,-122.1299373
5506,"5830 S 300TH ST, Auburn, WA 98001, USA",47.3338292,-122.2614892
5507,"25621 140TH AVE SE, KENT, WA 98042, USA",47.3713248,-122.1560972
5508,"23480 120TH AVE SE, Kent, WA 98031, USA",47.3917425,-122.1800989
5509,"17077 MERIDIAN AVE N, SHORELINE, WA 98133, USA",47.7550186,-122.3360505
5510,"24830 136TH AVE SE, KENT, WA 98042, USA",47.3783791,-122.1571788
5511,"24830 136TH AVE SE, Kent, WA 98042, USA",47.3783791,-122.1571788
5512,"2605 E CHERRY ST, SEATTLE, WA 98122, USA",47.6077985,-122.2985585
5513,"23 MERCER ST, Suite 101, SEATTLE, WA 98109, USA",,
5514,"10301 WILLOWS RD NE, REDMOND, WA 98052, USA",47.6925488,-122.1526085
5515,"11121 WILLOWS RD NE, REDMOND, WA 98052, USA",47.7001327,-122.1538473
5516,"11351 WILLOWS RD NE, REDMOND, WA 98052, USA",47.7021199,-122.154392
5517,"10785 WILLOWS RD NE, Redmond, WA 98052, USA",47.6969373,-122.1525638
5518,"9805 WILLOWS RD NE, REDMOND, WA 98052, USA",47.6871215,-122.1517506
5519,"915 E PINE ST, SEATTLE, WA 98122, USA",47.6151211,-122.3198707
5520,"2616 E Cherry ST, Seattle, WA 98122, USA",47.6082251,-122.2980648
5521,"2825 S 200th ST, Seatac, WA 98198, USA",47.422395,-122.29713
5522,"14125 NE 189th ST, #B, WOODINVILLE, WA 98072, USA",,
5523,"1255 REPUBLICAN ST, Seattle, WA 98109, USA",47.6230205,-122.3315606
5524,"1125 4TH AVE, SEATTLE, WA 98101, USA",47.6072663,-122.3343087
5525,"1801 BOREN AVE, 120, SEATTLE, WA 98101, USA",,
5526,"1287 WESTLAKE AVE N, SEATTLE, WA 98109, USA",47.6318402,-122.3417856
5527,"505 MADISON ST, SEATTLE, WA 98104, USA",47.6063074,-122.331131
5528,"514 TERRY AVE, SEATTLE, WA 98104, USA",47.6056536,-122.3230337
5529,"900 8TH AVE, SEATTLE, WA 98104, USA",47.6074075,-122.3277954
5530,"820 2ND AVE, SEATTLE, WA 98104, USA",47.6044256,-122.3341892
5531,"3830 34TH AVE W, Seattle, WA 98199, USA",47.655287,-122.4004457
5532,"301 228TH AVE SE, 100, SAMMAMISH, WA 98074, USA",,
5533,"24020 104TH AVE SE, KENT, WA 98030, USA",47.3864001,-122.2018235
5534,"4433 Russell RD, #113, Mukilteo, WA 98275, USA",,
5535,"1622 SW Roxbury ST, Seattle, WA 98106, USA",47.5175273,-122.3563662
5536,"15279 MAPLE VALLEY HWY, 100, RENTON, WA 98058, USA",,
5537,"9927 MEYDENBAUER WAY SE, BELLEVUE, WA 98004, USA",47.6087005,-122.2070599
5538,"11100 NE 6TH ST, Bellevue, WA 98004, USA",47.6155891,-122.1996004
5539,"11100 NE 6TH ST, BELLEVUE, WA 98004, USA",47.6155863,-122.1922549
5540,"1210 S BAILEY ST, SEATTLE, WA 98108, USA",47.5481767,-122.3171731
5541,"29500 PACIFIC HWY S, J, FEDERAL WAY, WA 98003, USA",,
5542,"17174 116th AVE SE, RENTON, WA 98058, USA",47.4492548,-122.1856857
5543,"1610 S 341ST PL, FEDERAL WAY, WA 98003, USA",47.2962005,-122.3128226
5544,"601 S Grady Way, Ste K, Renton, WA 980573229, USA",,
5545,"1256 S CLOVERDALE ST, C, SEATTLE, WA 98108, USA",,
5546,"212 12TH AVE S, SEATTLE, WA 98144, USA",47.6004121,-122.3168172
5547,"7820 RAINIER AVE S, C, SEATTLE, WA 98118, USA",,
5548,"1403 AUBURN WAY, C, AUBURN, WA 98002, USA",,
5549,"7101 MARTIN LUTHER KING JR WAY S, C, Seattle, WA 98118, USA",,
5550,"18230 E VALLEY HWY, #184, KENT, WA 98032, USA",47.4385839,-122.220247
5551,"9714 JUANITA DR NE, KIRKLAND, WA 98034, USA",47.705099,-122.2122541
5552,"2022 148TH AVE NE, #13B, REDMOND, WA 98052, USA",,
5553,"17326 140TH AVE SE, Renton, WA 98058, USA",47.4677263,-122.1564581
5554,"19255 WOODINVILLE-SNOHOMISH RD, 4, WOODINVILLE, WA 98072, USA",,
5555,"19501 144TH AVE NE, C1200, WOODINVILLE, WA 98072, USA",,
5556,"4740 42ND AVE SW, UNIT 27, WEST SEATTLE, WA 98116, USA",,
5557,"600 S MICHIGAN ST, SEATTLE, WA 98108, USA",47.546704,-122.325728
5558,"104 KIRKLAND AVE, KIRKLAND, WA 98033, USA",47.6756603,-122.2062878
5559,"1320 S 324TH ST, 108, Federal Way, WA 98003, USA",,
5560,"228 SW 153RD ST, BURIEN, WA 98166, USA",47.4661766,-122.3379406
5561,"1410 NE 40TH ST, SEATTLE, WA 98105, USA",47.655449,-122.3128293
5562,"600 PINE ST, C20, SEATTLE, WA 98101, USA",47.6130948,-122.3354127
5563,"9714 NE JUANITA DR, KIRKLAND, WA 98034, USA",47.7052632,-122.2122591
5564,"7330 164TH AVE NE, E100, REDMOND, WA 98052, USA",,
5565,"3515 STONEWAY N, SEATTLE, WA 98103, USA",,
5566,"4217 GILMAN AVE W, SEATTLE, WA 98199, USA",47.6579866,-122.3894954
5567,"3515 STONE WAY N, SEATTLE, WA 98103, USA",47.6499522,-122.34328
5568,"1120 HOWELL ST, SEATTLE, WA 98101, USA",47.6167589,-122.3309196
5569,"1202 OUTLET COLLECTION DR, #105, AUBURN, WA 98001, USA",,
5570,"1007 STEWART ST, 21, SEATTLE, WA 98101, USA",,
5571,"2133 5TH AVE, A, Seattle, WA 98121, USA",47.615051,-122.341786
5572,"22447 24TH AVE S, DES MOINES, WA 98198, USA",47.3998416,-122.3037369
5573,"23031 PACIFIC HWY S, DES MOINES, WA 98198, USA",47.3955831,-122.295247
5574,"665 S KING ST, SEATTLE, WA 98104, USA",47.5982424,-122.3243307
5575,"6201 15TH AVE NW, SEATTLE, WA 98107, USA",47.6739503,-122.3764631
5576,"6720 W MARGINAL WAY SW, SEATTLE, WA 98106, USA",47.5417552,-122.3431575
5577,"14424 AMBAUM BLVD SW, #2, BURIEN, WA 98166, USA",,
5578,"600 PARK AVE N, RENTON, WA 98057, USA",47.4922364,-122.2018782
5579,"8815 S 180TH ST, KENT, WA 98032, USA",,
5580,"1555 NW MARKET ST, SEATTLE, WA 98107, USA",47.6685132,-122.3787179
5581,"2110 N 55TH ST, SEATTLE, WA 98103, USA",47.6687913,-122.33323
5582,"514 12TH AVE, SEATTLE, WA 98122, USA",47.6067257,-122.3165151
5583,"400 Fairview AVE N, 108, Seattle, WA 98109, USA",,
5584,"360 Corporate Dr. N, TUKWILA, WA 98188, USA",47.4513296,-122.2565909
5585,"1447 NW BALLARD WAY, Seattle, WA 98107, USA",47.6627795,-122.3757613
5586,"6519 4TH AVE S, SEATTLE, WA 98108, USA",47.5445097,-122.3299273
5587,"14450 WOODINVILLE REDMOND RD, WOODINVILLE, WA 98072, USA",47.7324083,-122.1409412
5588,"27121 MILITARY RD S, Kent, WA 98032, USA",47.3582182,-122.2924248
5589,"32002 MILITARY RD S, Auburn, WA 98001, USA",,
5590,"2805 BEACON AVE S, SEATTLE, WA 98144, USA",47.5784372,-122.3116668
5591,"220 1ST AVE S, KENT, WA 98032, USA",47.3803349,-122.2334093
5592,"620 CENTRAL AVE N, Kent, WA 98032, USA",47.386548,-122.2304235
5593,"18300 NE UNION HILL RD, REDMOND, WA 98052, USA",47.6768373,-122.0959662
5594,"18600 NE UNION HILL RD, REDMOND, WA 98052, USA",47.6776789,-122.0915687
5595,"18700 NE UNION HILL RD, REDMOND, WA 98052, USA",47.6777681,-122.09078
5596,"11919 SE 270TH ST, KENT, WA 98030, USA",47.3586013,-122.1804595
5597,"9019 EVANSTON AVE N, SEATTLE, WA 98103, USA",47.6948876,-122.3516045
5598,"4597 TOLT AVE, CARNATION, WA 98014, USA",47.6484748,-121.9141846
5599,"3416 SW WEBSTER ST, SEATTLE, WA 98126, USA",47.5357225,-122.3760669
5600,"754 N 34TH ST, SEATTLE, WA 98103, USA",47.649393,-122.3476154
5601,"5701 RAINIER AVE S, D, SEATTLE, WA 98118, USA",,
5602,"4809 BEACON AVE S, SEATTLE, WA 98108, USA",47.5592635,-122.3047394
5603,"5200 ROOSEVELT WAY NE, Seattle, WA 98105, USA",47.6666255,-122.3170858
5604,"17307 140TH AVE NE, WOODINVILLE, WA 98072, USA",47.7533541,-122.153441
5605,"11061 NE 9TH ST, BELLEVUE, WA 98004, USA",47.6181386,-122.1925805
5606,"1616 N 45TH ST, SEATTLE, WA 98103, USA",47.6615704,-122.3383959
5607,"19529 VASHON HWY SW, VASHON ISLAND, WA 98070, USA",,
5608,"1100 N NORTHLAKE WAY, SEATTLE, WA 98103, USA",47.6484836,-122.3431933
5609,"29100 PACIFIC HWY S, #1, FEDERAL WAY, WA 98003, USA",,
5610,"2522 E CHERRY ST, SEATTLE, WA 98122, USA",47.6081956,-122.2991072
5611,"1420 12TH AVE, SEATTLE, WA 98122, USA",47.6136973,-122.3166222
5612,"8 W MERCER ST, SEATTLE, WA 98119, USA",47.6247011,-122.3572241
5613,"1103 1ST AVE, SEATTLE, WA 98101, USA",47.6054595,-122.3372066
5614,"1608 COLE ST, ENUMCLAW, WA 98022, USA",47.2039181,-121.9898164
5615,"515 HARVARD AVE E, SEATTLE, WA 98102, USA",47.6237111,-122.3223346
5616,"17168 116TH AVE SE, RENTON, WA 98058, USA",47.4494237,-122.1856769
5617,"3601 S MC CLELLAN ST, #C-4, SEATTLE, WA 98144, USA",,
5618,"2501 EASTLAKE AVE E, SEATTLE, WA 98102, USA",47.642285,-122.3261078
5619,"2601 76TH AVE SE, 106, MERCER ISLAND, WA 98040, USA",,
5620,"3426 NE 55TH ST, Seattle, WA 98105, USA",47.6686413,-122.2904648
5621,"2139 CALIFORNIA AVE SW, SEATTLE, WA 98116, USA",47.5841826,-122.3866147
5622,"116 FAIRVIEW AVE N, SEATTLE, WA 98109, USA",47.6190641,-122.3336238
5623,"616 1ST AVE, 101, SEATTLE, WA 98104, USA",,
5624,"31260 PACIFIC HWY S, 1, FEDERAL WAY, WA 98003, USA",,
5625,"500 BELLEVUE WAY NE, 310, BELLEVUE, WA 98004, USA",,
5626,"213 BROADWAY E, SEATTLE, WA 98102, USA",47.6202975,-122.3210914
5627,"23617 104TH AVE SE, C, KENT, WA 98031, USA",,
5628,"5405 BALLARD AVE NW, SEATTLE, WA 98107, USA",47.6675124,-122.3849363
5629,"2555 21ST AVE W, SEATTLE, WA 98199, USA",47.6423983,-122.3835193
5630,"625 S 314TH ST, FEDERAL WAY, WA 98003, USA",47.3200846,-122.3253177
5631,"132 N CANAL ST, SEATTLE, WA 98103, USA",47.6513401,-122.35599
5632,"302 WASHINGTON AVE S, KENT, WA 98032, USA",47.3759987,-122.2473388
5633,"1523 1ST AVE, Seattle, WA 98101, USA",47.60938,-122.340759
5634,"10023 HOLMAN RD NW, Seattle, WA 98177, USA",47.7022928,-122.3627109
5635,"485 RAINIER AVE S, Renton, WA 98057, USA",47.4767075,-122.2157109
5636,"2325 CALIFORNIA AVE SW, SEATTLE, WA 98116, USA",47.5822532,-122.386715
5637,"509 13TH AVE, SEATTLE, WA 98122, USA",47.6064854,-122.3156251
5638,"15600 NE 8TH ST, PM-41, BELLEVUE, WA 98008, USA",,
5639,"3727 FACTORIA BLVD SE, BELLEVUE, WA 98006, USA",47.5766283,-122.1699299
5640,"16820 SOUTHCENTER PKWY, TUKWILA, WA 98188, USA",47.4527063,-122.2605724
5641,"27149 185TH AVE SE, COVINGTON, WA 98042, USA",47.358351,-122.097397
5642,"1820 MAPLE VALLEY HWY, RENTON, WA 98057, USA",47.4833802,-122.1947383
5643,"17950 SOUTHCENTER PKWY S, TUKWILA, WA 98188, USA",,
5644,"11046 1ST AVE S, SEATTLE, WA 98168, USA",47.5038457,-122.333318
5645,"3201 E REPUBLICAN ST, Seattle, WA 98112, USA",47.6229412,-122.290778
5646,"12911 M L KING JR WAY S, Seattle, WA 98178, USA",,
5647,"11805 RENTON AVE S, Seattle, WA 98178, USA",47.4969218,-122.2474923
5648,"1666 Garrett ST, ENUMCLAW, WA 98022, USA",,
5649,"15600 NE 8TH ST, PM25, BELLEVUE, WA 98008, USA",,
5650,"400 FAIRVIEW AVE N, #110, SEATTLE, WA 98109, USA",,
5651,"4609 VILLAGE CT NE, SEATTLE, WA 98105, USA",47.6619575,-122.2993394
5652,"2600 SOUTHCENTER MALL, FC-12, TUKWILA, WA 98188, USA",,
5653,"2039 BELLEVUE SQ, BELLEVUE, WA 98004, USA",,
5654,"1150 SOUTHCENTER MALL, TUKWILA, WA 98188, USA",47.457773,-122.2571542
5655,"2042 S 320TH ST, FEDERAL WAY, WA 98003, USA",47.3155226,-122.3064728
5656,"14210 SE PETROVITSKY RD, RENTON, WA 98058, USA",47.4452168,-122.150755
5657,"417 RAMSAY WAY, 105, KENT, WA 98032, USA",,
5658,"2800 SW BARTON ST, SEATTLE, WA 98126, USA",47.5221283,-122.368932
5659,"34817 SNOQUALMIE PKWY, 110, SNOQUALMIE, WA 98065, USA",,
5660,"1464 HIGHLANDS DR NE, 2600, ISSAQUAH, WA 98029, USA",,
5661,"13156 NEWCASTLE COMMONS DR, NEWCASTLE, WA 98059, USA",47.54368,-122.1631242
5662,"3622 FACTORIA BLVD SE, BELLEVUE, WA 98006, USA",47.5779574,-122.1690948
5663,"14309 NE 20TH ST, BELLEVUE, WA 98007, USA",47.6276246,-122.1504331
5664,"502 15TH ST NE, AUBURN, WA 98002, USA",47.3204468,-122.2224723
5665,"23435 NE NOVELTY HILL RD, REDMOND, WA 98053, USA",47.7000396,-122.0249083
5666,"17430 SOUTHCENTER PKWY, TUKWILA, WA 98188, USA",47.4463536,-122.261577
5667,"1302 6TH AVE, SEATTLE, WA 98101, USA",47.6094914,-122.3326687
5668,"17848 GARDEN WAY NE, 102, WOODINVILLE, WA 98072, USA",,
5669,"12530 TOTEM LAKE BLVD NE, KIRKLAND, WA 98034, USA",47.7118469,-122.1818
5670,"23916-A SE KENT-KANGLEY RD, MAPLE VALLEY, WA 98038, USA",47.3615454,-122.0223958
5671,"6010 15TH AVE NW, SEATTLE, WA 98107, USA",47.6726882,-122.3759137
5672,"305 HARRISON ST, #221, SEATTLE, WA 98109, USA",47.6211007,-122.350654
5673,"317 BELLEVUE WAY NE, BELLEVUE, WA 98004, USA",47.6133417,-122.2019563
5674,"1414 NE 42ND ST, #103B, SEATTLE, WA 98105, USA",47.6584538,-122.31253
5675,"13030 SE KENT KANGLEY RD, KENT, WA 98030, USA",47.3585306,-122.1668469
5676,"8900 161st AVE NE, #165, REDMOND, WA 98052, USA",,
5677,"22833 NE 8TH ST, SAMMAMISH, WA 98074, USA",47.6162773,-122.0335647
5678,"6108 PHINNEY AVE N, SEATTLE, WA 98103, USA",47.6734975,-122.3541406
5679,"18404 120TH AVE NE, #105, BOTHELL, WA 98011, USA",,
5680,"19122 BEARDSLEE BLVD, #201, BOTHELL, WA 98011, USA",,
5681,"23325 PACIFIC HWY S, KENT, WA 98032, USA",47.3922816,-122.2954133
5682,"41 DRAVUS ST, S10, SEATTLE, WA 98109, USA",,
5683,"120 ANDOVER PARK E, TUKWILA, WA 98188, USA",47.4594764,-122.249174
5684,"8511 Roosevelt WAY NE, Seattle, WA 98115, USA",47.6907758,-122.3179588
5685,"316 15TH AVE E, Seattle, WA 98112, USA",47.6211399,-122.3125209
5686,"610 NW 65TH ST, Seattle, WA 98117, USA",47.6761076,-122.3640757
5687,"4822 RAINIER AVE S, SEATTLE, WA 98118, USA",47.5588399,-122.2853401
5688,"1622 N 45th ST, SEATTLE, WA 98103, USA",47.6615058,-122.3381671
5689,"105 CENTRAL WAY, Kirkland, WA 98033, USA",47.6761346,-122.2079366
5690,"16272 CLEVELAND ST, REDMOND, WA 98052, USA",47.6736599,-122.1235093
5691,"917 E PINE ST, SEATTLE, WA 98122, USA",47.6151581,-122.3198213
5692,"199 ALASKAN WAY S, SEATTLE, WA 98104, USA",47.600978,-122.3362645
5693,"2615 NE 46TH ST, SEATTLE, WA 98105, USA",47.6616705,-122.2994982
5694,"4556 CALIFORNIA AVE SW, SEATTLE, WA 98116, USA",47.5612196,-122.3865559
5695,"1408 34TH AVE, SEATTLE, WA 98122, USA",47.613206,-122.289151
5696,"321 W GALER ST, SEATTLE, WA 98119, USA",47.6322027,-122.361454
5697,"103 BELLEVUE WAY NE, BELLEVUE, WA 98004, USA",47.6113204,-122.2019644
5698,"19124 VASHON HWY SW, VASHON ISLAND, WA 98070, USA",,
5699,"1115 E MAIN ST, Auburn, WA 98002, USA",47.3083914,-122.214379
5700,"6900 E GREENLAKE WAY N, #C, SEATTLE, WA 98115, USA",,
5701,"731 BELL ST, SEATTLE, WA 98121, USA",47.6177362,-122.3405139
5702,"16595 REDMOND WAY, 150, Redmond, WA 98052, USA",,
5703,"1522 12TH AVE, SEATTLE, WA 98122, USA",47.6148043,-122.3165267
5704,"23024 NE 8TH ST, SAMMAMISH, WA 98074, USA",47.6168572,-122.0319948
5705,"4634 E MARGINAL WAY S, E-120, SEATTLE, WA 98134, USA",,
5706,"1250 SW 43RD ST, D2, RENTON, WA 98057, USA",,
5707,"6754 MARTIN LUTHER KING JR WAY S, 103, SEATTLE, WA 98118, USA",,
5708,"241 SUNSET BLVD N, RENTON, WA 98057, USA",47.4860927,-122.196123
5709,"325 W GALER ST, SEATTLE, WA 98119, USA",47.6322072,-122.361613
5710,"2425 33RD AVE W, SEATTLE, WA 98199, USA",47.6402571,-122.3998828
5711,"14603 NE 20TH ST, BELLEVUE, WA 98007, USA",47.6268756,-122.1454159
5712,"13780 NE 175TH ST, WOODINVILLE, WA 98072, USA",47.7548176,-122.1560224
5713,"9738 NE 117TH LN, KIRKLAND, WA 98034, USA",47.7057444,-122.2110323
5714,"1723 NW MARKET ST, SEATTLE, WA 98107, USA",47.6685017,-122.3799723
5715,"518 N 85TH ST, SEATTLE, WA 98103, USA",47.6907123,-122.3514432
5716,"5303 ROOSEVELT WAY NE, Seattle, WA 98105, USA",47.6672747,-122.3175588
5717,"500 PIKE ST, SEATTLE, WA 98101, USA",47.6109217,-122.3355117
5718,"701 5TH AVE, 400A, SEATTLE, WA 98104, USA",,
5719,"1004 PINE ST, SEATTLE, WA 98101, USA",47.6139782,-122.3311971
5720,"1411 4TH AVE, SEATTLE, WA 98101, USA",47.6093512,-122.3363055
5721,"2120 WESTLAKE AVE, SEATTLE, WA 98121, USA",47.6172956,-122.3380418
5722,"15600 NE 8TH ST, STE PM4, BELLEVUE, WA 980083955, USA",,
5723,"615 19TH AVE E, Seattle, WA 98112, USA",47.6249343,-122.3076017
5724,"10245 MAIN ST, #101, BELLEVUE, WA 98004, USA",,
5725,"1703 S 324th ST, #A, FEDERAL WAY, WA 98003, USA",,
5726,"15 NW ALDER PL, ISSAQUAH, WA 98027, USA",47.5313243,-122.0370483
5727,"1506 E OLIVE WAY, SEATTLE, WA 98122, USA",47.6179414,-122.3262971
5728,"532 QUEEN ANNE AVE N, A, SEATTLE, WA 98109, USA",,
5729,"2025 E CALHOUN ST, SEATTLE, WA 98112, USA",47.6409163,-122.3051768
5730,"2124 WESTLAKE AVE, SEATTLE, WA 98121, USA",47.6173877,-122.338058
5731,"14800 INTERURBAN AVE S, TUKWILA, WA 98168, USA",47.4710902,-122.2538403
5732,"6951 M L KING JR WAY S, 110, SEATTLE, WA 98118, USA",,
5733,"31260 PACIFIC HWY S, #7, FEDERAL WAY, WA 98003, USA",,
5734,"1919 S JACKSON ST, SEATTLE, WA 98144, USA",47.5989882,-122.3067239
5735,"1805 QUEEN ANNE AVE N, #100, SEATTLE, WA 98109, USA",,
5736,"9622-B 16TH AVE SW, SEATTLE, WA 98106, USA",47.5166255,-122.3549759
5737,"516 1ST AVE N, SEATTLE, WA 98109, USA",47.6238464,-122.3552544
5738,"112 STEWART ST, SEATTLE, WA 98101, USA",47.6107718,-122.3409566
5739,"1930 2ND AVE, SEATTLE, WA 98101, USA",47.6116512,-122.3412495
5740,"1932 2ND AVE, SEATTLE, WA 98101, USA",47.6117261,-122.3411136
5741,"1932 2nd AVE, Seattle, WA 98101, USA",47.6117261,-122.3411136
5742,"15115 84TH AVE NE, KENMORE, WA 98028, USA",47.7385329,-122.2308941
5743,"325 5TH AVE N, SEATTLE, WA 98109, USA",47.6212549,-122.3477183
5744,"1806 12TH AVE, SEATTLE, WA 98122, USA",47.617928,-122.3165377
5745,"8301 S 180TH ST, KENT, WA 98032, USA",,
5746,"9800 NE 116TH ST, Kirkland, WA 98034, USA",47.7044307,-122.2099773
5747,"2914 1ST AVE, SEATTLE, WA 98121, USA",47.6173878,-122.3529908
5748,"840 N 10TH PL, D, RENTON, WA 98057, USA",47.49858,-122.2036518
5749,"1823 EASTLAKE AVE E, 153, SEATTLE, WA 98102, USA",47.6357623,-122.3257894
5750,"11729 NE 118TH ST, KIRKLAND, WA 98034, USA",47.7059431,-122.1855673
5751,"1801 LIND AVE SW, RENTON, WA 98057, USA",47.4638609,-122.2257101
5752,"2732 WESTLAKE AVE N, Seattle, WA 98109, USA",47.6440302,-122.3447726
5753,"5000 University WAY NE, D, SEATTLE, WA 98105, USA",47.6653712,-122.3128674
5754,"4610 STEPHENS AVE, CARNATION, WA 98014, USA",47.6488106,-121.9147016
5755,"5324 BALLARD AVE NW, SEATTLE, WA 98107, USA",47.6670796,-122.3837615
5756,"5324 BALLARD AVE NW, Seattle, WA 98107, USA",47.6670796,-122.3837615
5757,"111 CENTRAL WAY, KIRKLAND, WA 98033, USA",47.6762912,-122.2078125
5758,"406 CENTRAL WAY, Kirkland, WA 98033, USA",47.6784062,-122.2009012
5759,"1515 WESTLAKE AVE N, Seattle, WA 98109, USA",47.6328939,-122.3409457
5760,"1114 N 97th ST, seattle, WA 98103, USA",47.6998749,-122.3437378
5761,"512 2ND AVE, Seattle, WA 98104, USA",47.6021447,-122.3319368
5762,"1020 BELLEVUE SQ, LVL B, BELLEVUE, WA 98004, USA",,
5763,"3131 WESTERN AVE, 301, SEATTLE, WA 98121, USA",47.6182777,-122.357283
5764,"4526 42ND AVE SW, SEATTLE, WA 98116, USA",47.5620737,-122.3850926
5765,"12534 LAKE CITY WAY NE, 2, SEATTLE, WA 98125, USA",,
5766,"22450 19TH AVE S, DES MOINES, WA 98198, USA",47.3997285,-122.3076625
5767,"8651 MEADOWBROOK WAY SE, SNOQUALMIE, WA 98065, USA",47.5222012,-121.8154398
5768,"45530 SE NORTH BEND WAY, North Bend, WA 98045, USA",47.4875717,-121.7713187
5769,"16595 REDMOND WAY, 165, REDMOND, WA 98052, USA",,
5770,"5105 LEARY AVE NW, SEATTLE, WA 98107, USA",47.6649868,-122.38047
5771,"1016 REPUBLICAN ST, SEATTLE, WA 98109, USA",47.6233708,-122.3362245
5772,"205 SW 152ND ST, BURIEN, WA 98166, USA",47.4666513,-122.3367663
5773,"1518 PIKE PL, Seattle, WA 98101, USA",47.6092152,-122.3412217
5774,"2800 SOUTHCENTER MALL, Tukwila, WA 98188, USA",47.4581268,-122.2576791
5775,"256 NE 45TH ST, SEATTLE, WA 98105, USA",47.661427,-122.3256358
5776,"5512 20TH AVE NW, SEATTLE, WA 98107, USA",47.6691799,-122.3819641
5777,"5522 20TH AVE NW, SEATTLE, WA 98107, USA",47.6693186,-122.3819597
5778,"8535 PHINNEY AVE N, Seattle, WA 98103, USA",47.6917775,-122.3541397
5779,"4752 UNIVERSITY WAY NE, SEATTLE, WA 98105, USA",47.664635,-122.3129392
5780,"1526 1ST AVE, SEATTLE, WA 98101, USA",47.6096516,-122.3404808
5781,"720 OLIVE WAY, 103, SEATTLE, WA 98101, USA",,
5782,"1547 MCHUGH AVE, ENUMCLAW, WA 98022, USA",47.2140073,-121.9889094
5783,"1819 W MEEKER ST, KENT, WA 98032, USA",47.3814934,-122.2596484
5784,"2010 WESTERN AVE, SEATTLE, WA 98121, USA",47.6105857,-122.3434739
5785,"1336 156TH AVE NE, BELLEVUE, WA 98007, USA",47.6216235,-122.1318639
5786,"1136 34TH AVE, SEATTLE, WA 98122, USA",47.6127084,-122.289146
5787,"2685 NE VILLAGE LN, SEATTLE, WA 98105, USA",47.6620948,-122.2982294
5788,"755 NW GILMAN BLVD, G-06, ISSAQUAH, WA 98027, USA",,
5789,"801 26TH AVE E, SEATTLE, WA 98112, USA",47.6260468,-122.2989561
5790,"8564 Greenwood AVE N, Seattle, WA 98103, USA",47.6918221,-122.355083
5791,"745 SW MT SI BLVD, North Bend, WA 98045, USA",47.4885763,-121.79474
5792,"9010 BOALCH RD SE, Snoqualmie, WA 98065, USA",,
5793,"411 MAIN AVE S, NORTH BEND, WA 98045, USA",47.4927845,-121.7885171
5794,"742 SW MT SI BLVD, North Bend, WA 98045, USA",47.4891764,-121.7939316
5795,"10811 12TH AVE SW, SEATTLE, WA 98146, USA",47.5063717,-122.3507426
5796,"620 37TH ST SE, Auburn, WA 98002, USA",47.2745342,-122.2200427
5797,"14625 NE 24TH ST, #3, BELLEVUE, WA 98007, USA",47.6309268,-122.1449817
5798,"19231 DES MOINES MEMORIAL DR, SEATAC, WA 98148, USA",,
5799,"14318 124TH AVE NE, KIRKLAND, WA 98034, USA",47.7300715,-122.1741446
5800,"266 NE 45TH ST, SEATTLE, WA 98105, USA",47.6614916,-122.3253013
5801,"2258 NE 65TH ST, SEATTLE, WA 98115, USA",47.6759108,-122.3033486
5802,"1116 NE 47TH ST, SEATTLE, WA 98105, USA",47.6632259,-122.3156568
5803,"3055 21ST AVE W, Seattle, WA 98199, USA",47.6482389,-122.3836008
5804,"17700 SE 272ND ST, COVINGTON, WA 98042, USA",47.359386,-122.1039904
5805,"15019 AMBAUM BLVD SW, BURIEN, WA 98166, USA",47.4680866,-122.3459816
5806,"3216 W WHEELER ST, SEATTLE, WA 98199, USA",47.6401131,-122.3991767
5807,"2524 BEACON AVE S, SEATTLE, WA 98144, USA",47.580369,-122.3127557
5808,"3720-I FACTORIA BLVD SE, I, BELLEVUE, WA 98006, USA",,
5809,"7729 CENTER BLVD SE, Snoqualmie, WA 98065, USA",47.5301453,-121.8733838
5810,"1448 NW MARKET ST, 150, SEATTLE, WA 98107, USA",47.6689701,-122.375872
5811,"2200 W MEEKER ST, Y-104, KENT, WA 98032, USA",,
5812," 7405 168TH AVE NE, 150, Redmond, WA 98052, USA",47.6701408,-122.1166345
5813,"1400 N 45TH ST, SEATTLE, WA 98103, USA",47.661596,-122.3404818
5814,"108 UNION ST, Seattle, WA 98101, USA",47.6080742,-122.3388758
5815,"14816 1ST AVE S, BURIEN, WA 98168, USA",47.470242,-122.3334327
5816,"1301 NE 45TH ST, SEATTLE, WA 98105, USA",47.661192,-122.314106
5817,"2108 N 55TH ST, SEATTLE, WA 98103, USA",47.6688088,-122.333408
5818,"12619 RENTON AVE S, #A, SEATTLE, WA 98178, USA",,
5819,"310 NE 72ND ST, Seattle, WA 98115, USA",47.6805121,-122.3252926
5820,"15047 MILITARY RD S, SEA TAC, WA 98188, USA",,
5821,"1404 34TH AVE, SEATTLE, WA 98122, USA",47.6130953,-122.289161
5822,"1420 NW GILMAN BLVD, N-3, ISSAQUAH, WA 98027, USA",,
5823,"709 S 3RD ST, RENTON, WA 98057, USA",47.4794735,-122.2071505
5824,"10359 51ST AVE S, TUKWILA, WA 98178, USA",47.5071461,-122.2703827
5825,"209 BROADWAY E, SEATTLE, WA 98102, USA",47.6201245,-122.32104
5826,"9418 DELRIDGE WAY SW, Seattle, WA 98106, USA",47.5189706,-122.356754
5827,"14130 JUANITA DR NE, 101, KIRKLAND, WA 98034, USA",,
5828,"1299 156TH AVE NE, #133, BELLEVUE, WA 98007, USA",,
5829,"5600 DELRIDGE WAY SW, Seattle, WA 98106, USA",47.551794,-122.362868
5830,"31260 PACIFIC HWY S, 12, FEDERAL WAY, WA 98003, USA",,
5831,"15600 NE 8TH ST, O18, BELLEVUE, WA 98008, USA",,
5832,"14220 NE 20TH ST, A, BELLEVUE, WA 98007, USA",,
5833,"1007 STEWART ST, #103, SEATTLE, WA 98101, USA",47.6161711,-122.3330473
5834,"16 103rd AVE NE, BELLEVUE, WA 98004, USA",47.6105784,-122.202686
5835,"10234 SE 256TH ST, 102, KENT, WA 98030, USA",,
5836,"15033 AURORA AVE N, SHORELINE, WA 98133, USA",47.7373316,-122.344963
5837,"19501 144TH AVE NE, 600, WOODINVILLE, WA 98072, USA",,
5838,"4305 UNIVERSITY WAY NE, SEATTLE, WA 98105, USA",47.6600106,-122.3133359
5839,"8417 122ND AVE NE, KIRKLAND, WA 98033, USA",47.6789031,-122.1785073
5840,"5025 25TH AVE NE, Seattle, WA 98105, USA",47.6656488,-122.3012825
5841,"506 228TH AVE NE, SAMMAMISH, WA 98074, USA",47.6140515,-122.0337328
5842,"3221 NE 145TH ST, Seattle, WA 98125, USA",47.7333866,-122.2930971
5843,"114 RAILROAD AVE N, Kent, WA 98032, USA",47.3821258,-122.2320295
5844,"14432 MILITARY RD S, TUKWILA, WA 98168, USA",47.4738263,-122.2903103
5845,"2532 Alki AVE SW, Seattle, WA 98116, USA",47.5805845,-122.4063283
5846,"3003 NE 75TH ST, SEATTLE, WA 98115, USA",47.6816256,-122.2944519
5847,"10750 30TH AVE NE, SEATTLE, WA 98125, USA",47.7074003,-122.2934821
5848,"655 156TH AVE SE, A8, BELLEVUE, WA 98007, USA",,
5849,"1416 NW 46th ST, Seattle, WA 98107, USA",47.6623596,-122.37553
5850,"1000 S 289TH ST, Federal Way, WA 98003, USA",47.3427675,-122.3223787
5851,"2505 2ND AVE, 102, SEATTLE, WA 98121, USA",47.6153176,-122.348148
5852,"20038 68TH AVE S, #108, KENT, WA 98032, USA",,
5853,"5418 M L KING JR WAY S, SEATTLE, WA 98118, USA",,
5854,"12322 Lake City WAY NE, Seattle, WA 98125, USA",47.7181451,-122.2956513
5855,"3207 w mcgraw ST, seattle, WA 98199, USA",47.6394199,-122.398753
5856,"81 YESLER WAY, SEATTLE, WA 98104, USA",47.6016153,-122.3351252
5857,"71 YESLER WAY, Seattle, WA 98104, USA",47.6016423,-122.3351479
5858,"316 VIRGINIA ST, Seattle, WA 98121, USA",47.612903,-122.3404945
5859,"412 N 36TH ST, SEATTLE, WA 98103, USA",47.6523876,-122.3538542
5860,"6300 S 236TH ST, Kent, WA 98032, USA",47.3914982,-122.2564855
5861,"1133 24TH AVE, SEATTLE, WA 98122, USA",47.612352,-122.3018771
5862,"17165 SOUTHCENTER PKWY, TUKWILA, WA 98188, USA",47.4495356,-122.263225
5863,"1509 BROADWAY, Seattle, WA 98122, USA",47.6144236,-122.3210341
5864,"519 E PINE ST, SEATTLE, WA 98122, USA",47.6151081,-122.324833
5865,"6804 E GREENLAKE WAY N, SEATTLE, WA 98115, USA",,
5866,"646 SW 152nd Street, Burien, WA 98166, USA",47.4670368,-122.3439375
5867,"2403 JONES AVE S, Renton, WA 98055, USA",47.4582331,-122.1986235
5868,"1303 NE 45TH ST, SEATTLE, WA 98105, USA",47.6611364,-122.3140309
5869,"2560 NE UNIVERSITY VILLAGE ST, SEATTLE, WA 98105, USA",47.6633432,-122.2978768
5870,"12602 RENTON AVE S, Seattle, WA 98178, USA",47.5109071,-122.2605885
5871,"601 S KING ST, Seattle, WA 98104, USA",47.598238,-122.3261873
5872,"19300 108TH AVE SE, KENT, WA 98031, USA",47.4289322,-122.1953668
5873,"2809 THORNDYKE AVE W, #A, SEATTLE, WA 98199, USA",47.6451897,-122.3831284
5874,"20109 AURORA AVE N, 102, SHORELINE, WA 98133, USA",,
5875,"9810 14TH AVE SW, Seattle, WA 98106, USA",47.5150828,-122.3526445
5876,"1111 SE CARR RD, Renton, WA 98055, USA",47.4451749,-122.1986153
5877,"2342 CALIFORNIA AVE SW, SEATTLE, WA 98116, USA",47.5817289,-122.3862081
5878,"5905 CALIFORNIA AVE SW, SEATTLE, WA 98136, USA",47.550119,-122.3873209
5879,"32921 1ST AVE S, A&B, FEDERAL WAY, WA 98003, USA",,
5880,"14515 AURORA AVE N, SHORELINE, WA 98133, USA",47.7346495,-122.3454474
5881,"3403 4TH AVE S, Seattle, WA 98134, USA",47.5734961,-122.3295382
5882,"3312 AUBURN WAY S, AUBURN, WA 98092, USA",47.2887901,-122.1837636
5883,"6540 CALIFORNIA AVE SW, #C, SEATTLE, WA 98136, USA",,
5884,"22340 MARINE VIEW DR S, Seattle, WA 98198, USA",,
5885,"2801 WESTERN AVE, #B, SEATTLE, WA 98121, USA",47.6156889,-122.3527294
5886,"31509 PACIFIC HWY S, FEDERAL WAY, WA 98003, USA",47.3196581,-122.3154152
5887,"1324 ROOSEVELT AVE E, Enumclaw, WA 98022, USA",47.1988355,-121.9629896
5888,"2132 SW 336TH ST, FEDERAL WAY, WA 98023, USA",47.3014322,-122.362506
5889,"509 S 3RD ST, #A, RENTON, WA 98057, USA",,
5890,"8440 136TH AVE SE, NEWCASTLE, WA 98059, USA",47.5276,-122.1603193
5891,"6420 LAKE WASHINGTON BLVD SE, NEWCASTLE, WA 98056, USA",47.545168,-122.191301
5892,"5225 119TH AVE SE, BELLEVUE, WA 98006, USA",47.5562784,-122.180007
5893,"4333 FACTORIA BLVD SE, BELLEVUE, WA 98006, USA",47.5676931,-122.1722031
5894,"4333 FACTORIA BLVD SE, Bellevue, WA 98006, USA",47.5676931,-122.1722031
5895,"4333 Factoria BLVD SE, Bellevue, WA 98006, USA",47.5676931,-122.1722031
5896,"4333 Factoria Blvd SE, BELLEVUE, WA 98006, USA",47.5676931,-122.1722031
5897,"5804 119TH AVE SE, Bellevue, WA 98006, USA",47.5512997,-122.1787199
5898,"5464 119TH AVE SE, Bellevue, WA 98006, USA",47.5535145,-122.1779592
5899,"81 SKAGIT WAY, BELLEVUE, WA 98006, USA",,
5900,"1401 NW 46TH ST, Suite 126, SEATTLE, WA 98107, USA",,
5901,"10601 5TH AVE NE, SEATTLE, WA 98125, USA",47.7062696,-122.3256875
5902,"10601 5th AVE NE, Seattle, WA 98125, USA",47.7062696,-122.3256875
5903,"300 110TH AVE NE, BELLEVUE, WA 98004, USA",47.6135641,-122.193012
5904,"920 N 10TH ST, RENTON, WA 98057, USA",47.4981191,-122.2026994
5905,"3131 E MADISON ST, 100, Seattle, WA 98112, USA",,
5906,"11613 124TH AVE NE, #A, Kirkland, WA 98034, USA",47.7043014,-122.176475
5907,"1430 NW MALL ST, UNIT C, ISSAQUAH, WA 98027, USA",,
5908,"317 NW GILMAN BLVD, STE 30A, Issaquah, WA 980272485, USA",,
5909,"520 2ND AVE W, A, Seattle, WA 98119, USA",47.6240792,-122.359162
5910,"27120 174TH PL SE, COVINGTON, WA 98042, USA",47.3711206,-122.109151
5911,"6621 S 211TH ST, KENT, WA 98032, USA",47.413067,-122.2512089
5912,"4710 42ND AVE SW, SEATTLE, WA 98116, USA",47.5606454,-122.3852038
5913,"15946 Redmond WAY NE, #102, REDMOND, WA 98052, USA",,
5914,"2231 32ND AVE W, SEATTLE, WA 98199, USA",47.6392646,-122.3985109
5915,"1636 S McCLELLAN ST, STE B, SEATTLE, WA 98144, USA",,
5916,"24130 PACIFIC HWY S, 102, KENT, WA 98032, USA",,
5917,"4309 S Henderson ST, SEATTLE, WA 98118, USA",47.5231624,-122.278514
5918,"6009 AIRPORT WAY S, SEATTLE, WA 98108, USA",47.5489844,-122.3168396
5919,"14808 NE 24TH ST, A, REDMOND, WA 98052, USA",47.6322258,-122.1421879
5920,"106 OCCIDENTAL AVE S, SEATTLE, WA 98104, USA",47.6014622,-122.3326533
5921,"5517 UNIVERSITY WAY NE, SEATTLE, WA 98105, USA",47.6690921,-122.313247
5922,"3130 E MADISON ST, Seattle, WA 98112, USA",47.6269475,-122.2917451
5923,"7101 MARTIN LUTHER KING JR WAY S, 101B, SEATTLE, WA 98118, USA",,
5924,"115 S 160th ST, BURIEN, WA 98148, USA",47.4594647,-122.3329632
5925,"7136 MARTIN LUTHER KING JR WAY S, Seattle, WA 98118, USA",47.5377896,-122.2810611
5926,"1437 NW RICHMOND BEACH RD, E, Shoreline, WA 98177, USA",,
5927,"35214 SE CENTER ST, SNOQUALMIE, WA 98065, USA",47.5282412,-121.8703394
5928,"930 N 130TH ST, SEATTLE, WA 98133, USA",47.7235739,-122.3470868
5929,"4700 50TH AVE S, Seattle, WA 98118, USA",47.5604712,-122.2705312
5930,"8900 161st AVE NE, REDMOND, WA 98052, USA",47.681798,-122.1233701
5931,"1099 Stewart ST, 101, Seattle, WA 98101, USA",,
5932,"7900 E GREEN LAKE DR N, 101, Seattle, WA 98103, USA",,
5933,"1303 1ST AVE, SEATTLE, WA 98101, USA",47.6066383,-122.338986
5934,"107 LAKE ST, STE 201, KIRKLAND, WA 98033, USA",,
5935,"10256 16TH AVE SW, SEATTLE, WA 98106, USA",47.510226,-122.3546981
5936,"9131 CALIFORNIA AVE SW, SEATTLE, WA 98136, USA",47.5217017,-122.3878878
5937,"5909 15TH AVE NW, Seattle, WA 98107, USA",47.6720507,-122.376429
5938,"1111 3RD AVE, SEATTLE, WA 98101, USA",47.6066688,-122.3354436
5939,"1568 HIGHLANDS DR NE, 130, ISSAQUAH, WA 98029, USA",,
5940,"700 BROADWAY E, SEATTLE, WA 98102, USA",47.6254291,-122.3206835
5941,"35501 21ST AVE SW, FEDERAL WAY, WA 98023, USA",47.2834743,-122.3626768
5942,"422 YALE AVE N, SEATTLE, WA 98109, USA",47.6224942,-122.3302536
5943,"700 NW GILMAN BLVD, 104B, ISSAQUAH, WA 98027, USA",,
5944,"422 Yale AVE N, A, Seattle, WA 98109, USA",47.6224942,-122.3302536
5945,"12095 124TH AVE NE, KIRKLAND, WA 98034, USA",47.7074044,-122.1762834
5946,"323 N 105th ST, Seattle, WA 98133, USA",47.7049189,-122.3542706
5947,"1811 HOWARD RD, 105, AUBURN, WA 98002, USA",,
5948,"9745 NE 117TH LN, KIRKLAND, WA 98034, USA",47.7054837,-122.2109606
5949,"4710 NE 4TH ST, C102, Renton, WA 98059, USA",47.488882,-122.1554286
5950,"100 BELLEVUE SQUARE, BELLEVUE, WA 98004, USA",,
5951,"100 Bellevue SQ, BELLEVUE, WA 98004, USA",,
5952,"500 PINE ST, FLOOR, SEATTLE, WA 98101, USA",,
5953,"1617 6TH AVE, Seattle, WA 98101, USA",47.6124155,-122.3359101
5954,"100 SOUTHCENTER MALL, TUKWILA, WA 98188, USA",47.4595193,-122.2608134
5955,"320 E PIKE ST, SEATTLE, WA 98122, USA",47.614323,-122.3270472
5956,"12354 15TH AVE NE, #B, SEATTLE, WA 98125, USA",,
5957,"27317 MAPLE VALLEY BLACK DIAMOND RD SE, A104, Maple Valley, WA 98038, USA",,
5958,"33250 21ST AVE SW, FEDERAL WAY, WA 98023, USA",47.3031407,-122.3608099
5959,"19803 AVE S, #104, NORMANDY PARK, WA 98148, USA",,
5960,"17956 1ST AVE S, NORMANDY PARK, WA 98148, USA",47.44209,-122.3342379
5961,"17841 1ST AVE S, NORMANDY PARK, WA 98148, USA",47.4423013,-122.335799
5962,"12708 SE 38TH ST, Bellevue, WA 98006, USA",47.5766598,-122.1703107
5963,"9018 24TH AVE NW, SEATTLE, WA 98117, USA",47.6955614,-122.3869027
5964,"4063 148TH AVE NE, Bellevue, WA 98007, USA",47.6474719,-122.1451015
5965,"520 E NORTH BEND WAY, North Bend, WA 98045, USA",47.4920312,-121.7801078
5966,"145 E NORTH BEND WAY, NORTH BEND, WA 98045, USA",47.49438,-121.7849671
5967,"400 E 3RD ST, North Bend, WA 98045, USA",47.4936989,-121.7790971
5968,"225 E NORTH BEND WAY, North Bend, WA 98045, USA",47.4940338,-121.7845733
5969,"1520 NE 177TH ST, SHORELINE, WA 98155, USA",47.7577318,-122.3126631
5970,"18005 15th AVE NE, Shoreline, WA 98155, USA",47.7596615,-122.3136803
5971,"17554 15TH AVE NE, SHORELINE, WA 98155, USA",47.7572976,-122.3132412
5972,"11611 NE 195TH ST, BOTHELL, WA 98011, USA",47.7688203,-122.1854706
5973,"19835 8TH AVE S, DES MOINES, WA 98148, USA",47.4246175,-122.3273826
5974,"20738 1ST AVE S, DES MOINES, WA 98198, USA",47.4162053,-122.3348783
5975,"2150 N 122ND ST, Seattle, WA 98133, USA",47.7175638,-122.3322492
5976,"8580 GREENWOOD AVE N, Seattle, WA 98103, USA",47.6922619,-122.3550087
5977,"5806 119TH AVE SE, STE B, BELLEVUE, WA 980063750, USA",,
5978,"2150 N NORTHGATE WAY, Seattle, WA 98133, USA",47.708999,-122.3317401
5979,"2140 N NORTHGATE WAY, SEATTLE, WA 98133, USA",47.7092254,-122.3324831
5980,"1935 N NORTHGATE WAY, Seattle, WA 98133, USA",47.7079059,-122.3343914
5981,"2143 N NORTHGATE WAY, Seattle, WA 98133, USA",47.7080892,-122.3325334
5982,"10212 E RIVERSIDE DR, BOTHELL, WA 98011, USA",47.7567934,-122.2029374
5983,"12101 NE 160TH ST, Bothell, WA 98011, USA",47.7426653,-122.179254
5984,"18017 68TH AVE NE, KENMORE, WA 98028, USA",47.7589789,-122.2501448
5985,"10201 E RIVERSIDE DR, BOTHELL, WA 98011, USA",47.7559286,-122.2026503
5986,"15610 NE WOODINVILLE DUVALL RD, #101, WOODINVILLE, WA 98072, USA",,
5987,"333 8TH AVE N, SEATTLE, WA 98109, USA",47.6214564,-122.3414792
5988,"1313 156TH AVE NE, Bellevue, WA 98007, USA",47.6220277,-122.1329745
5989,"401 E PIKE ST, SEATTLE, WA 98122, USA",47.6139007,-122.3264844
5990,"15029 WOODINVILLE REDMOND RD NE, STE 102, WOODINVILLE, WA 980726506, USA",,
5991,"1501 PIKE PL, #527, SEATTLE, WA 98101, USA",,
5992,"4030 86TH AVE SE, MERCER ISLAND, WA 98040, USA",47.5734643,-122.2228734
5993,"17007 SE 184TH ST, Renton, WA 98058, USA",47.4364418,-122.1141699
5994,"9320 15TH AVE S, CC, SEATTLE, WA 98108, USA",,
5995,"17401 Southcenter PKWY, 121, Tukwila, WA 98188, USA",,
5996,"1915 140TH AVE NE, D3A, BELLEVUE, WA 98005, USA",47.6270092,-122.154668
5997,"27149 185TH AVE SE, 109, COVINGTON, WA 98042, USA",,
5998,"1318 E PINE ST, SEATTLE, WA 98122, USA",47.615431,-122.3144924
5999,"22307 DOCK AVE S, DES MOINES, WA 98198, USA",,
6000,"2410 E CHERRY ST, SEATTLE, WA 98122, USA",47.6085214,-122.3008367
6001,"14710 WOODINVILLE-REDMOND RD, WOODINVILLE, WA 98072, USA",,
6002,"12405 SE 38TH ST, Bellevue, WA 98006, USA",47.5769999,-122.1730833
6003,"641 SW 152ND ST, BURIEN, WA 98166, USA",47.4666623,-122.3436601
6004,"15220 SE 37TH ST, BELLEVUE, WA 98006, USA",47.5778248,-122.137112
6005,"1416 NW Ballard Way, Seattle, WA 98107, USA",47.6623631,-122.3750057
6006,"1400 12TH AVE, Seattle, WA 98122, USA",47.6130679,-122.3166201
6007,"1519 14TH AVE, SEATTLE, WA 98122, USA",47.6147224,-122.314441
6008,"518 15TH AVE E, SEATTLE, WA 98112, USA",47.6238655,-122.312421
6009,"103 1st AVE S, Seattle, WA 98104, USA",47.6015299,-122.3343745
6010,"501 N 36TH ST, SEATTLE, WA 98103, USA",47.6515915,-122.3522739
6011,"14603 NE 20TH ST, 6, BELLEVUE, WA 98007, USA",,
6012,"4245 UNIVERSITY WAY NE, Seattle, WA 98105, USA",47.6596112,-122.3133326
6013,"1500 S 336TH ST, #9, FEDERAL WAY, WA 98003, USA",,
6014,"1835 AUBURN WAY N, Unit C, AUBURN, WA 98002, USA",,
6015,"16180 NE 80TH ST, Redmond, WA 98052, USA",47.6752943,-122.1243743
6016,"7212 GREENWOOD AVE N, SEATTLE, WA 98103, USA",47.6814957,-122.3551096
6017,"5339 BALLARD AVE NW, SEATTLE, WA 98107, USA",47.6672047,-122.3843529
6018,"1833 N 105TH ST, 101, Seattle, WA 98133, USA",,
6019,"18015 BOTHELL WAY NE, BOTHELL, WA 98011, USA",47.7589022,-122.2114445
6020,"1520 7TH AVE, SEATTLE, WA 98101, USA",47.612244,-122.3336528
6021,"333 108th AVE NE, STE 150, BELLEVUE, WA 980048707, USA",,
6022,"4727 UNIVERSITY WAY NE, SEATTLE, WA 98105, USA",47.663792,-122.3133443
6023,"8530 PALATINE AVE N, SEATTLE, WA 98103, USA",47.6915303,-122.355867
6024,"2357 10TH AVE E, SEATTLE, WA 98102, USA",47.6411743,-122.320216
6025,"1324 ROOSEVELT AVE E, ENUMCLAW, WA 98022, USA",47.1988355,-121.9629896
6026,"11 148TH AVE SE, BELLEVUE, WA 98007, USA",47.6072056,-122.1430343
6027,"15600 NE 8TH ST, BELLEVUE, WA 98008, USA",47.6195207,-122.130234
6028,"1802 12TH AVE NW, Issaquah, WA 98027, USA",47.5502213,-122.056098
6029,"317 MAIN AVE S, RENTON, WA 98057, USA",47.4790156,-122.2045884
6030,"3019 BEACON AVE S, SEATTLE, WA 98144, USA",47.5764343,-122.309914
6031,"10002 AURORA AVE N, #40, SEATTLE, WA 98133, USA",47.7020902,-122.34398
6032,"519 6TH AVE S, SEATTLE, WA 98104, USA",47.5976652,-122.3265611
6033,"501 S GRADY WAY, RENTON, WA 98057, USA",47.4699126,-122.212276
6034,"11249 1ST AVE S, BURIEN, WA 98146, USA",47.4993045,-122.3337114
6035,"1144 NW 52ND ST, SEATTLE, WA 98107, USA",47.6666365,-122.3726404
6036,"19495 144TH AVE NE, B-220, WOODINVILLE, WA 98072, USA",,
6037,"14525 148TH AVE NE, 121, WOODINVILLE, WA 98072, USA",,
6038,"101 SW 41ST ST, #D, RENTON, WA 98057, USA",,
6039,"12093 124th AVE NE, KIRKLAND, WA 98034, USA",47.7074034,-122.1763875
6040,"1427 N 45TH ST, Seattle, WA 98103, USA",47.6611829,-122.3394672
6041,"589 OCCIDENTAL AVE S, SEATTLE, WA 98104, USA",47.5960708,-122.3335749
6042,"605 7TH AVE S, SEATTLE, WA 98104, USA",47.5973447,-122.3242035
6043,"2325 NW MARKET ST, SEATTLE, WA 98107, USA",47.668597,-122.3867574
6044,"1521 1ST AVE S, #700, SEATTLE, WA 98134, USA",,
6045,"102 W MAIN ST, AUBURN, WA 98001, USA",47.3071492,-122.2312709
6046,"1525 10TH AVE, SEATTLE, WA 98122, USA",47.6149543,-122.31965
6047,"502 143RD AVE NE, BELLEVUE, WA 98007, USA",47.6144668,-122.1490173
6048,"4903 RAINIER AVE S, SEATTLE, WA 98118, USA",47.5577155,-122.2851727
6049,"1428 156TH AVE NE, Bellevue, WA 98007, USA",47.6229696,-122.1317999
6050,"16 S MICHIGAN, A, SEATTLE, WA 98108, USA",,
6051,"658 NE NORTHLAKE WAY, Seattle, WA 98105, USA",47.6546633,-122.321519
6052,"9229 HOLMAN RD NW, SEATTLE, WA 98117, USA",47.6969821,-122.3719565
6053,"4708 11TH AVE NE, SEATTLE, WA 98105, USA",47.6634934,-122.3161723
6054,"2132 1ST AVE, Seattle, WA 98121, USA",47.6125721,-122.3448425
6055,"2101 S Grand ST, 41, Seattle, WA 98144, USA",,
6056,"2207 1ST AVE, Seattle, WA 98121, USA",47.6126767,-122.3456842
6057,"241 SW 152ND ST, BURIEN, WA 98166, USA",47.4666306,-122.338302
6058,"1100 WESTERN AVE, Seattle, WA 98101, USA",47.6051138,-122.3379794
6059,"6301 24TH AVE NW, Seattle, WA 98107, USA",47.6746914,-122.387841
6060,"1505 NE 65TH ST, SEATTLE, WA 98115, USA",47.6756629,-122.3116352
6061,"5811 24TH AVE NW, SEATTLE, WA 98107, USA",47.671402,-122.3878342
6062,"8507 5TH AVE NE, Seattle, WA 98115, USA",47.6906483,-122.323192
6063,"103 BELLEVUE WAY NE, Bellevue, WA 98004, USA",47.6113204,-122.2019644
6064,"1722 NW MARKET ST, SEATTLE, WA 98107, USA",47.6689185,-122.3799495
6065,"971 INDUSTRY DR, TUKWILA, WA 98188, USA",47.4489771,-122.24911
6066,"1901 WESTERN AVE, A, SEATTLE, WA 98101, USA",47.6094952,-122.3428497
6067,"1550 NW 49TH ST, SEATTLE, WA 98107, USA",47.6646167,-122.378322
6068,"601 W Ewing ST, Seattle, WA 98119, USA",47.6522494,-122.3645174
6069,"15200 AURORA AVE N, D, SHORELINE, WA 98133, USA",47.7392017,-122.3448939
6070,"3861 1ST AVE S, A, SEATTLE, WA 98134, USA",,
6071,"5421 MERIDIAN AVE N, SEATTLE, WA 98103, USA",47.6685683,-122.3338444
6072,"18016 71ST AVE S, #102, KENT, WA 98032, USA",,
6073,"11325 NE 124TH ST, Kirkland, WA 98034, USA",47.710892,-122.189481
6074,"35030 ENCHANTED PKWY S, Federal Way, WA 98003, USA",47.2878479,-122.3130257
6075,"310 STRANDER BLVD, TUKWILA, WA 98188, USA",47.4563023,-122.2577189
6076,"12930 SE KENT-KANGLEY RD, KENT, WA 98030, USA",47.3600819,-122.1676914
6077,"12610 DES MOINES MEMORIAL DR S, 102, SEATTLE, WA 98168, USA",,
6078,"6822 GREENWOOD AVE N, SEATTLE, WA 98103, USA",47.6794313,-122.355108
6079,"20104 SE 436TH ST, ENUMCLAW, WA 98022, USA",47.2106355,-122.0735405
6080,"625 BLACK LAKE BLVD SW, OLYMPIA, WA 98502, USA",47.0422167,-122.9289126
6081,"17801 International BLVD, SeaTac, WA 98158, USA",47.4417426,-122.3009614
6082,"1420 5th AVE, 103, Seattle, WA 98101, USA",47.6104308,-122.3351654
6083,"4824 RAINIER AVE S, SEATTLE, WA 98118, USA",47.5587714,-122.285298
6084,"3840 CALIFORNIA AVE SW, SEATTLE, WA 98116, USA",47.5693867,-122.3865954
6085,"4501 INTERLAKE AVE N, Seattle, WA 98103, USA",47.6618025,-122.3408624
6086,"516 15TH AVE E, Seattle, WA 98112, USA",47.6238096,-122.3124224
6087,"1500 QUEEN ANNE AVE N, Seattle, WA 98109, USA",47.6324609,-122.3566452
6088,"13018 20TH AVE NE, SEATTLE, WA 98125, USA",47.7237601,-122.3061989
6089,"615 S 200TH ST, DES MOINES, WA 98198, USA",47.4218889,-122.3269078
6090,"839 21ST ST SE, AUBURN, WA 98002, USA",47.2908026,-122.2178094
6091,"6413 ROOSEVELT WAY NE, Seattle, WA 98115, USA",47.6754261,-122.3175098
6092,"504 NE 95TH ST, SEATTLE, WA 98115, USA",47.6982105,-122.3212595
6093,"2626 SW 327th ST, Federal Way, WA 98023, USA",47.3099422,-122.3675964
6094,"10226 NE 10th ST, BELLEVUE, WA 98004, USA",47.6193584,-122.2035778
6095,"1066 S 320TH ST, K - D, FEDERAL WAY, WA 98003, USA",,
6096,"1501 1ST AVE S, SEATTLE, WA 98134, USA",47.5896905,-122.3347665
6097,"3317 3RD AVE S, SEATTLE, WA 98134, USA",47.5738316,-122.3304548
6098,"5600 RAINIER AVE S, A, SEATTLE, WA 98118, USA",47.5517747,-122.2777485
6099,"432 8TH AVE N, SEATTLE, WA 98109, USA",47.6230246,-122.3408805
6100,"1624 S MCCLELLAN ST, SEATTLE, WA 98144, USA",47.578765,-122.3112517
6101,"6015 PHINNEY AVE N, SEATTLE, WA 98103, USA",47.6730949,-122.3545854
6102,"9410 DELRIDGE WAY SW, SEATTLE, WA 98106, USA",47.5190415,-122.3568142
6103,"32901 1ST AVE S, K-L, FEDERAL WAY, WA 98003, USA",,
6104,"17171 BOTHELL WAY NE, #A121, LAKE FOREST PARK, WA 98155, USA",,
6105,"1026 NE 65TH ST, SEATTLE, WA 98115, USA",47.6761132,-122.3164066
6106,"14184 NE WOODINVILLE DUVALL RD, A, WOODINVILLE, WA 98072, USA",,
6107,"15550 NE TURING ST, REDMOND, WA 98052, USA",47.6356081,-122.1331304
6108,"323 N 105th ST, C, SEATTLE, WA 98133, USA",47.7049367,-122.3542948
6109,"710 NW GILMAN BLVD, #D107, ISSAQUAH, WA 98027, USA",,
6110,"515 S MAIN ST, SEATTLE, WA 98104, USA",47.5998959,-122.3268476
6111,"13231 Aurora AVE N, SEATTLE, WA 98133, USA",47.7246414,-122.3459561
6112,"20 SW 7TH ST, F, Renton, WA 98057, USA",,
6113,"15802 NE 83RD ST, Redmond, WA 98052, USA",47.6767956,-122.1300893
6114,"1416 HARVARD AVE, SEATTLE, WA 98122, USA",47.6139225,-122.3212698
6115,"3630 STONE WAY N, SEATTLE, WA 98103, USA",47.6515796,-122.3423662
6116,"1345 STILLSON AVE SE, North Bend, WA 98045, USA",,
6117,"2330 1ST AVE, SEATTLE, WA 98121, USA",47.6141053,-122.3474203
6118,"131 SW 153RD ST, BURIEN, WA 98166, USA",47.4656675,-122.3351671
6119,"551 S MICHIGAN ST, Seattle, WA 98108, USA",47.5456611,-122.3268527
6120,"1301 ALASKAN WAY, Seattle, WA 98101, USA",47.606043,-122.3421667
6121,"5215 46TH AVE S, SEATTLE, WA 98118, USA",47.5547477,-122.2764879
6122,"11631 98TH AVE NE, KIRKLAND, WA 98034, USA",47.7053664,-122.2109415
6123,"5625 221ST PL SE, STE 120, ISSAQUAH, WA 98027, USA",,
6124,"2963 4TH AVE S, Seattle, WA 98134, USA",47.5758274,-122.3295829
6125,"1506 PIKE PL, SEATTLE, WA 98101, USA",47.6089213,-122.3407486
6126,"1215 4TH AVE, #AB, Seattle, WA 98101, USA",,
6127,"26820 MAPLE VALLEY BLK DIAMOND RD SE, MAPLE VALLEY, WA 98038, USA",,
6128,"7425 166TH AVE NE, C205, REDMOND, WA 98052, USA",,
6129,"3019 M L KING JR WAY S, SEATTLE, WA 98144, USA",,
6130,"7201 BEACON AVE S, SEATTLE, WA 98108, USA",47.5383291,-122.2968486
6131,"1641 NAGLE PL, #006, SEATTLE, WA 98122, USA",,
6132,"10 BOSTON ST, Seattle, WA 98109, USA",47.6385109,-122.3564728
6133,"31509 3rd AVE, BLACK DIAMOND, WA 98010, USA",47.3190808,-122.0059735
6134,"730 GRIFFIN AVE, ENUMCLAW, WA 98022, USA",47.201433,-121.9860967
6135,"14100 NE 20 ST, B, Bellevue, WA 98007, USA",,
6136,"14100 NE 20TH ST, #107, BELLEVUE, WA 98007, USA",,
6137,"631B SW 152ND ST, BURIEN, WA 98166, USA",47.4668298,-122.341162
6138,"1429 12TH AVE, #A, SEATTLE, WA 98122, USA",,
6139,"4219 S OTHELLO ST, 130-A, SEATTLE, WA 98118, USA",,
6140,"5315 BALLARD AVE NW, SEATTLE, WA 98107, USA",47.6666694,-122.3837668
6141,"2210 EASTLAKE AVE E, Seattle, WA 98102, USA",47.6385771,-122.3255286
6142,"1406 E PIKE ST, SEATTLE, WA 98122, USA",47.6143407,-122.3139472
6143,"14525 148TH AVE NE, STE 111, WOODINVILLE, WA 98072, USA",,
6144,"8105 161ST AVE NE, REDMOND, WA 98052, USA",47.67573,-122.1256712
6145,"11628 97TH LN NE, KIRKLAND, WA 98034, USA",47.7053746,-122.2113631
6146,"2379 EASTLAKE AVE E, SEATTLE, WA 98102, USA",47.6419326,-122.3261004
6147,"4210 SW Admiral WAY, B, SEATTLE, WA 98116, USA",,
6148,"13010 AURORA AVE N, SEATTLE, WA 98133, USA",47.7235428,-122.3429672
6149,"3809 DELRIDGE WAY SW, SEATTLE, WA 98106, USA",47.5696307,-122.3627866
6150,"31231 3RD AVE, 300, BLACK DIAMOND, WA 98010, USA",,
6151,"3301 W DRAVUS ST, Seattle, WA 98199, USA",47.6482616,-122.3995482
6152,"3401 SW MYRTLE ST, Seattle, WA 98126, USA",47.5388892,-122.3756064
6153,"3520 NE 89TH ST, Seattle, WA 98115, USA",47.6934548,-122.2893278
6154,"15100 SE 38TH ST, BELLEVUE, WA 98006, USA",47.5765354,-122.1381418
6155,"1402 SUPERMALL WAY, Auburn, WA 98001, USA",47.2979695,-122.2520257
6156,"1314 ROOSEVELT AVE E, ENUMCLAW, WA 98022, USA",47.198822,-121.9634872
6157,"4010 LEARY WAY NW, SEATTLE, WA 98107, USA",47.6562945,-122.3617436
6158,"4010 Leary WAY NW, SEATTLE, WA 98107, USA",47.6562945,-122.3617436
6159,"3900 FACTORIA BLVD SE, H, BELLEVUE, WA 98006, USA",47.5753864,-122.168426
6160,"4510 KLAHANIE DR SE, ISSAQUAH, WA 98029, USA",,
6161,"312 15TH AVE E, SEATTLE, WA 98112, USA",47.621029,-122.31249
6162,"1517 12TH AVE, 100, SEATTLE, WA 98122, USA",47.6146094,-122.3170456
6163,"2028 148th AVE NE, REDMOND, WA 98052, USA",47.6281526,-122.141619
6164,"8000 NE 16TH ST, MEDINA, WA 98039, USA",47.6251882,-122.2328743
6165,"1035 116th AVE NE, Bellevue, WA 98004, USA",47.6197003,-122.1863891
6166,"20301 NE 108TH ST, Redmond, WA 98053, USA",47.6925007,-122.0662988
6167,"2610 116TH AVE NE, BELLEVUE, WA 98004, USA",47.6346057,-122.1854913
6168,"808 POST AVE, SEATTLE, WA 98104, USA",47.6033419,-122.335675
6169,"1523 E MADISON ST, SEATTLE, WA 98122, USA",47.6147322,-122.3117213
6170,"822 1ST AVE, SEATTLE, WA 98104, USA",47.604034,-122.3349693
6171,"105 W MERCER ST, SEATTLE, WA 98119, USA",47.6244856,-122.3582883
6172,"306 134TH ST S, PARKLAND, WA 98444, USA",47.1347129,-122.4362831
6173,"700 18TH AVE E, SEATTLE, WA 98112, USA",47.6257214,-122.3080094
6174,"364 RENTON CENTER WAY SW, #C60, RENTON, WA 98057, USA",,
6175,"364 RENTON CENTER WAY SW, Renton, WA 98057, USA",47.4790411,-122.2179658
6176,"2020 S 314TH ST, FEDERAL WAY, WA 98003, USA",47.3209395,-122.30747
6177,"1605 N 34TH ST, SEATTLE, WA 98103, USA",47.6478988,-122.3384069
6178,"2012 S 320TH ST, FEDERAL WAY, WA 98003, USA",47.3170915,-122.3070683
6179,"777 106TH AVE NE, Bellevue, WA 98004, USA",47.6166785,-122.1996607
6180,"7119 WOODLAWN AVE NE, SEATTLE, WA 98115, USA",47.6803423,-122.3248304
6181,"24635 SE ISSAQUAH/FALL CITY RD, ISSAQUAH, WA 98029, USA",47.5593383,-122.0098735
6182,"300 MILWAUKEE BLVD S, Pacific, WA 98047, USA",47.2644411,-122.2505104
6183,"33110 PACIFIC HWY S, 1, FEDERAL WAY, WA 98003, USA",,
6184,"3501 STONE WAY N, Seattle, WA 98103, USA",47.649546,-122.342848
6185,"216 AUBURN WAY S, Auburn, WA 98002, USA",47.3052714,-122.2252731
6186,"1250 SW 43RD ST, Renton, WA 98057, USA",47.4416884,-122.2341751
6187,"747 N 135TH ST, 802, Seattle, WA 98133, USA",,
6188,"401 BROADWAY E, SEATTLE, WA 98102, USA",47.6228463,-122.3213917
6189,"1100 4th AVE, SEATTLE, WA 98101, USA",47.6070223,-122.33344
6190,"919 109TH AVE NE, BELLEVUE, WA 98004, USA",47.6185216,-122.1943143
6191,"100 3RD AVE SE, Pacific, WA 98047, USA",47.2642896,-122.2496137
6192,"2801 ALASKAN WAY, 103, SEATTLE, WA 98121, USA",47.6146314,-122.3547916
6193,"700 BELLEVUE WAY NE, 100, BELLEVUE, WA 98004, USA",,
6194,"9708 NE 119TH WAY, KIRKLAND, WA 98034, USA",47.7066149,-122.2124159
6195,"19495 144th AVE NE, B205, WOODINVILLE, WA 98072, USA",,
6196,"16311 REDMOND WAY, Redmond, WA 98052, USA",47.6737864,-122.1224724
6197,"3058 NW 54TH ST, Seattle, WA 98107, USA",47.6677462,-122.3969805
6198,"4449 CALIFORNIA AVE SW, Seattle, WA 98116, USA",47.5633605,-122.3869567
6199,"415 E PIKE ST, SEATTLE, WA 98122, USA",47.6139305,-122.3260488
6200,"8024 15TH AVE NE, SEATTLE, WA 98115, USA",47.6873771,-122.3119379
6201,"4003 STONE WAY N, Seattle, WA 98103, USA",47.6555086,-122.3427623
6202,"721 AURORA AVE N, Seattle, WA 98109, USA",47.6260835,-122.3438846
6203,"2400 10TH AVE E, Seattle, WA 98102, USA",47.6414744,-122.3198507
6204,"22830 NE 8TH ST, 101, SAMMAMISH, WA 98074, USA",,
6205,"6504 NE BOTHELL WAY, KENMORE, WA 98028, USA",47.7589072,-122.2533648
6206,"315 N 145TH ST, Seattle, WA 98133, USA",47.7338967,-122.354739
6207,"13005 NE 70TH PL, KIRKLAND, WA 98033, USA",47.6670024,-122.1664093
6208,"20057 BALLINGER WAY NE, SHORELINE, WA 98155, USA",47.7749259,-122.3118319
6209,"11640 98TH AVE NE, Kirkland, WA 98034, USA",47.7054018,-122.2100118
6210,"15238 NE 20TH ST, Bellevue, WA 98007, USA",47.627959,-122.1365616
6211,"1614 W DRAVUS ST, Seattle, WA 98119, USA",47.6487809,-122.3784777
6212,"15210 SE 37TH ST, BELLEVUE, WA 98006, USA",47.5776778,-122.1376129
6213,"4901 RAINIER AVE S, SEATTLE, WA 98118, USA",47.5577709,-122.2851943
6214,"3015 E MADISON ST, SEATTLE, WA 98112, USA",47.6255232,-122.2927473
6215,"6224 SANDPOINT WAY NE, Seattle, WA 98115, USA",,
6216,"851 NW 85TH ST, Seattle, WA 98117, USA",47.690483,-122.3674947
6217,"10600 MAIN ST, BELLEVUE, WA 98004, USA",47.6103444,-122.198407
6218,"3077 78TH AVE SE, MERCER ISLAND, WA 98040, USA",47.5819956,-122.2338837
6219,"113 BENDIGO BLVD N, A, North Bend, WA 98045, USA",,
6220,"317 NW GILMAN BLVD, 49, ISSAQUAH, WA 98027, USA",47.5397513,-122.0425763
6221,"513 WESTLAKE AVE N, SEATTLE, WA 98109, USA",47.6241961,-122.3386645
6222,"1727 S 316th St 1727 S 316th St, Federal Way, WA 98003-5499, USA",,
6223,"2030 5TH AVE, Seattle, WA 98121, USA",47.6145241,-122.340174
6224,"31525 PETE VON REICHBAUER WAY S, FEDERAL WAY, WA 98003, USA",47.3189849,-122.3085849
6225,"2005 NW MARKET ST, SEATTLE, WA 98107, USA",47.6685045,-122.382439
6226,"350 15TH AVE E, SEATTLE, WA 98112, USA",47.6219772,-122.312477
6227,"2601 W MARINA PL, BLD 2, SEATTLE, WA 98199, USA",,
6228,"2000 2ND AVE, SEATTLE, WA 98121, USA",47.611874,-122.341811
6229,"17801 INTERNATIONAL BLVD, 22, SEATAC, WA 98158, USA",,
6230,"30741 3RD AVE, 100, Black Diamond, WA 98010, USA",,
6231,"7853 LEARY WAY, Redmond, WA 98052, USA",47.6737726,-122.1231522
6232,"4538 UNIVERSITY WAY NE, SEATTLE, WA 98105, USA",47.6624429,-122.3129273
6233,"1715 N 45TH ST, SEATTLE, WA 98103, USA",47.6612777,-122.3366054
6234,"4116 Rainier AVE S, SEATTLE, WA 98118, USA",47.5655915,-122.2882935
6235,"20028 INTERNATIONAL BLVD, SEATAC, WA 98198, USA",47.4223319,-122.2966194
6236,"26122 PACIFIC HWY S, KENT, WA 98032, USA",47.3682893,-122.303773
6237,"605 S MAIN ST, SEATTLE, WA 98104, USA",47.5998601,-122.3259872
6238,"1606 BELLEVUE WAY SE, Bellevue, WA 98004, USA",47.5964017,-122.1978698
6239,"4611 NE 36th AVE SW, SEATTLE, WA 98126, USA",,
6240,"5501 30TH AVE NE, SEATTLE, WA 98105, USA",47.6686357,-122.295215
6241,"8867 161ST AVE NE, REDMOND, WA 98052, USA",47.6810007,-122.1271572
6242,"9999 HOLMAN RD NW, SEATTLE, WA 98117, USA",47.7015346,-122.363926
6243,"3938 FACTORIA MALL BLVD SE, B1, BELLEVUE, WA 98006, USA",,
6244,"14000 SE PETROVITSKY RD, RENTON, WA 98058, USA",47.445809,-122.1536328
6245,"6150 E LAKE SAMMAMISH PKWY SE, ISSAQUAH, WA 98029, USA",47.5471846,-122.0403314
6246,"119 BELLEVUE WAY NE, BELLEVUE, WA 98004, USA",47.6114354,-122.2016632
6247,"2192 148TH AVE NE, REDMOND, WA 98052, USA",47.6290318,-122.1429537
6248,"12632 TOTEM LAKE BLVD NE, 140, KIRKLAND, WA 98034, USA",,
6249,"1827 15TH AVE W, A23, SEATTLE, WA 98119, USA",47.6355265,-122.3774908
6250,"9033 25TH AVE SW, SEATTLE, WA 98126, USA",47.5223505,-122.3655546
6251,"17335 SE 270TH PL, COVINGTON, WA 98042, USA",47.35845,-122.1100745
6252,"1115 OUTLET COLLECTION WAY SW, AUBURN, WA 98001, USA",,
6253,"960 PARK AVE, RENTON, WA 98057, USA",47.4974614,-122.2018387
6254,"15842 1ST AVE S, BURIEN, WA 98148, USA",47.4604243,-122.3334785
6255,"2600 SOUTHCENTER PKWY, FC10, TUKWILA, WA 98188, USA",,
6256,"17100 SOUTHCENTER PKWY, 100, TUKWILA, WA 98188, USA",,
6257,"34919 ENCHANTED PKWY S, FEDERAL WAY, WA 98003, USA",47.2883502,-122.3140379
6258,"4508 UNIVERSITY WAY NE, SEATTLE, WA 98105, USA",47.661549,-122.312966
6259,"8914 LAKE CITY WAY NE, SEATTLE, WA 98115, USA",47.6937216,-122.3051501
6260,"304 UNION ST, SEATTLE, WA 98101, USA",47.6089721,-122.3367248
6261,"4004 FACTORIA MALL SE, H6, BELLEVUE, WA 98006, USA",,
6262,"17262 REDMOND WAY, REDMOND, WA 98052, USA",47.6710477,-122.1101164
6263,"521 2ND PL N, 101, KENT, WA 98032, USA",,
6264,"2107 S 320TH ST, FEDERAL WAY, WA 98003, USA",47.3148365,-122.3063617
6265,"17250 SOUTHCENTER PKWY, 152, TUKWILA, WA 98188, USA",,
6266,"1100 BELLEVUE WAY NE, 900, BELLEVUE, WA 98004, USA",,
6267,"921 N 10TH ST, E, RENTON, WA 98057, USA",,
6268,"13780 NE 175TH ST, 102, WOODINVILLE, WA 98072, USA",,
6269,"26535 MAPLE VALLEY BLACK DIAMON RD SE, MAPLE VALLEY, WA 98038, USA",,
6270,"1022 OUTLET COLLECTION WAY SW, AUBURN, WA 98001, USA",,
6271,"403 DEXTER AVE N, B, SEATTLE, WA 98109, USA",47.6225848,-122.3426571
6272,"4210 SW ALASKA ST, SEATTLE, WA 98116, USA",47.5612226,-122.3861796
6273,"10200 SE 216TH ST, KENT, WA 98031, USA",47.4095098,-122.2048329
6274,"34424 1ST AVE S, FEDERAL WAY, WA 98003, USA",47.2935313,-122.3332592
6275,"1417 NW 70TH ST, SEATTLE, WA 98117, USA",47.6793796,-122.3748352
6276,"23810 104TH AVE SE, Kent, WA 98031, USA",47.3886111,-122.2015917
6277,"904 Industry DR, TUKWILA, WA 98188, USA",47.4499518,-122.2480383
6278,"2500 SW 336TH ST, STE A, FEDERAL WAY, WA 980233800, USA",,
6279,"13600 NE 20TH ST, A, BELLEVUE, WA 98005, USA",,
6280,"26906 MAPLE VLY/BLACK DIAMOND RD, Maple Valley, WA 98038, USA",,
6281,"1500 NW MARKET ST, 106, Seattle, WA 98107, USA",47.6692177,-122.376464
6282,"19893 1ST AVE S, NORMANDY PARK, WA 98148, USA",47.4243217,-122.3357388
6283,"13304 SE 240TH ST, KENT, WA 98042, USA",47.3876223,-122.1635929
6284,"5401 25TH AVE NE, Seattle, WA 98105, USA",47.6681526,-122.3009015
6285,"4710 NE 4TH ST, RENTON, WA 98059, USA",47.4888258,-122.15542
6286,"16110 NE 87TH ST, REDMOND, WA 98052, USA",47.6801719,-122.125303
6287,"112 SW 312TH ST, FEDERAL WAY, WA 98023, USA",47.3228148,-122.33534
6288,"721 228TH AVE NE, SAMMAMISH, WA 98074, USA",47.6162987,-122.035356
6289,"1403 AUBURN WAY S, A & B, AUBURN, WA 98002, USA",,
6290,"13520 100TH AVE NE, 100, KIRKLAND, WA 98034, USA",,
6291,"2116 E DENNY WAY, SEATTLE, WA 98122, USA",47.6182798,-122.304214
6292,"1010 NE 66TH ST, Unit 5A, SEATTLE, WA 98115, USA",,
6293,"16783 SE 272ND ST, COVINGTON, WA 98042, USA",47.3578227,-122.1159166
6294,"23880 SE KENT KANGLEY RD, MAPLE VALLEY, WA 98038, USA",47.3620784,-122.022981
6295,"348 ROOSEVELT AVE, ENUMCLAW, WA 98022, USA",47.1990635,-121.982604
6296,"4350 NE 4TH ST, C, RENTON, WA 98059, USA",,
6297,"1504 145th PL SE, BELLEVUE, WA 98007, USA",47.5969865,-122.1499093
6298,"10429 SE KENT KANGLEY RD, KENT, WA 98030, USA",47.3717951,-122.2003806
6299,"11202 16TH AVE SW, SEATTLE, WA 98146, USA",47.5025482,-122.3546805
6300,"709 228TH AVE NE, SAMMAMISH, WA 98074, USA",47.6156952,-122.0362496
6301,"9743 HOLMAN RD NW, SEATTLE, WA 98117, USA",47.7011476,-122.364533
6302,"23515 NE NOVELTY HILL RD, 205, REDMOND, WA 98053, USA",,
6303,"17650 140TH AVE SE, B, RENTON, WA 98058, USA",,
6304,"755 NW GILMAN BLVD, G-03, Issaquah, WA 98027, USA",,
6305,"6945 COAL CREEK PKWY SE, A10, NEWCASTLE, WA 98059, USA",,
6306,"26304 NE BIG ROCK RD, DUVALL, WA 98019, USA",47.7279774,-121.9868048
6307,"456 SW MT SI BLVD, NORTH BEND, WA 98045, USA",47.4884141,-121.7915891
6308,"20528 108TH AVE SE, Kent, WA 98031, USA",47.4178486,-122.1955
6309,"2154 SW 336TH ST, FEDERAL WAY, WA 98023, USA",47.3013933,-122.3631526
6310,"14182 NE WOODINVILLE DUVALL RD, WOODINVILLE, WA 98072, USA",47.7545902,-122.1510559
6311,"365 RENTON CTR SW, B, RENTON, WA 98057, USA",,
6312,"11312 NE 124TH ST, KIRKLAND, WA 98034, USA",47.7115794,-122.1900563
6313,"4435 A ST, B, AUBURN, WA 98002, USA",,
6314,"31653 PACIFIC HWY S, F, FEDERAL WAY, WA 98003, USA",,
6315,"27031 PACIFIC HWY S, DES MOINES, WA 98198, USA",47.3592341,-122.3100696
6316,"721 M ST NE, #107, AUBURN, WA 98002, USA",,
6317,"6519 132ND AVE NE, KIRKLAND, WA 98033, USA",47.6646944,-122.1650599
6318,"1620 BROADWAY, Suite 100 E, SEATTLE, WA 98122, USA",,
6319,"21224 84TH AVE S, KENT, WA 98032, USA",47.4110241,-122.2273641
6320,"17034 116th AVE SE, Renton, WA 98058, USA",47.4504196,-122.1857558
6321,"17034 116TH AVE SE, RENTON, WA 98058, USA",47.4504196,-122.1857558
6322,"827 N 10TH PL, F, RENTON, WA 98057, USA",47.4982242,-122.2035043
6323,"22610 SE 4TH ST, SAMMAMISH, WA 98074, USA",47.6057474,-122.0372966
6324,"4106 STONE WAY N, 102, Seattle, WA 98103, USA",47.6572174,-122.3421214
6325,"14624 INTERNATIONAL BLVD, TUKWILA, WA 98168, USA",47.4716329,-122.2852815
6326,"7250 RAINIER AVE S, #C, Seattle, WA 98118, USA",,
6327,"911 PINE ST, SEATTLE, WA 98101, USA",47.6132449,-122.331356
6328,"911 PINE ST, Seattle, WA 98101, USA",47.6132449,-122.331356
6329,"3424 FREMONT AVE N, Seattle, WA 98103, USA",47.6503638,-122.3496403
6330,"9435 RAINIER AVE S, SEATTLE, WA 98118, USA",47.5198885,-122.2635436
6331,"32225 Pacific HWY S, Suite 204, Federal Way, WA 98003, USA",,
6332,"931 108TH AVE NE, Bellevue, WA 98004, USA",47.6182699,-122.1965685
6333,"8065 161ST AVE NE, Redmond, WA 98052, USA",47.6753406,-122.1261
6334,"17095 SOUTHCENTER PKWY, Tukwila, WA 98188, USA",47.4501962,-122.2633081
6335,"1418 WESTERN AVE, Seattle, WA 98101, USA",47.6080167,-122.3403175
6336,"29925 207TH AVE SE, COVINGTON, WA 98042, USA",47.3715235,-122.0663205
6337,"11010 SE 232ND ST, KENT, WA 98031, USA",47.3952973,-122.1942
6338,"11925 97th Ave NE NE AVE, Kirkland, WA 98034, USA",,
6339,"2104 247TH ST, DES MOINES, WA 98198, USA",47.3817192,-122.3053119
6340,"1815 N 155TH ST, SHORELINE, WA 98133, USA",47.7403281,-122.3364649
6341,"119 YESLER WAY, SEATTLE, WA 98104, USA",47.6015895,-122.3330949
6342,"1803 42ND AVE E, B, SEATTLE, WA 98112, USA",,
6343,"722 23RD AVE S, SEATTLE, WA 98144, USA",47.5957783,-122.3018819
6344,"10424 NE 200TH ST, BOTHELL, WA 98011, USA",47.7737922,-122.2001058
6345,"1760 1ST AVE S, SEATTLE, WA 98134, USA",47.586467,-122.3337836
6346,"6160 E LAKE SAMMAMISH PKWY SE, B, ISSAQUAH, WA 98029, USA",,
6347,"4225 FREMONT AVE N, SEATTLE, WA 98103, USA",47.6585026,-122.3501692
6348,"625 116TH AVE NE, BELLEVUE, WA 98004, USA",47.6159947,-122.1867182
6349,"13500 INTERURBAN AVE S, TUKWILA, WA 98168, USA",47.4813161,-122.2651368
6350,"19103 BOTHELL WAY NE, BOTHELL, WA 98011, USA",47.7665415,-122.2107295
6351,"209 1ST AVE S, A, SEATTLE, WA 98104, USA",,
6352,"10218 NE 8TH ST, Bellevue, WA 98004, USA",47.617758,-122.2038453
6353,"4622 26TH AVE NE, Seattle, WA 98105, USA",47.6624108,-122.2996882
6354,"18344 REDMOND WAY, REDMOND, WA 98052, USA",47.6624615,-122.095393
6355,"17310 140TH AVE NE, Woodinville, WA 98072, USA",47.75309,-122.1526123
6356,"14868 NE 95TH ST, REDMOND, WA 98052, USA",47.6860087,-122.1424521
6357,"8909 14TH AVE S, D, SEATTLE, WA 98108, USA",,
6358,"1023 SW 136TH ST, BURIEN, WA 98166, USA",47.4810795,-122.3486388
6359,"3004 NW 59TH ST, SEATTLE, WA 98107, USA",47.6718561,-122.3959585
6360,"1901 SW GENESEE ST, SEATTLE, WA 98106, USA",47.5632531,-122.3579397
6361,"524 15TH AVE E, SEATTLE, WA 98112, USA",47.6240448,-122.3123408
6362,"19600 144TH AVE NE, 120, WOODINVILLE, WA 98072, USA",,
6363,"10003 15TH AVE SW, SEATTLE, WA 98146, USA",47.5135473,-122.3542113
6364,"19501 144TH AVE NE, D600, WOODINVILLE, WA 98072, USA",,
6365,"3861 1ST AVE S, D, SEATTLE, WA 98134, USA",,
6366,"15550 27TH AVE NE, SHORELINE, WA 98155, USA",47.7426589,-122.2991213
6367,"6810 NE 153RD PL, KENMORE, WA 98028, USA",47.738497,-122.2499764
6368,"5101 25TH AVE NE, 11, SEATTLE, WA 98105, USA",47.6677654,-122.300839
6369,"375 STRANDER BLVD, TUKWILA, WA 98188, USA",47.4550728,-122.254881
6370,"16909 REDMOND WAY, Redmond, WA 98052, USA",47.6716662,-122.1140717
6371,"2307 EASTLAKE AVE E, Seattle, WA 98102, USA",47.6400585,-122.3260795
6372,"7504 AURORA AVE N, SEATTLE, WA 98103, USA",47.6835507,-122.3441172
6373,"600 N 34TH ST, SEATTLE, WA 98103, USA",47.6499533,-122.3508881
6374,"1301 5TH AVE, SEATTLE, WA 98101, USA",47.6088172,-122.3343526
6375,"15840 1ST AVE S, #200, BURIEN, WA 98148, USA",,
6376,"6514 40TH AVE NE, SEATTLE, WA 98115, USA",47.6762322,-122.2843744
6377,"430 KIRKLAND WAY, KIRKLAND, WA 98033, USA",47.6757093,-122.2000589
6378,"450 NE 71ST ST, SEATTLE, WA 98115, USA",47.6803721,-122.3235175
6379,"1451 NW 46TH ST, SEATTLE, WA 98107, USA",47.6618796,-122.375609
6380,"2220 E UNION ST, SEATTLE, WA 98122, USA",47.6133486,-122.302984
6381,"11435 AVONDALE RD, REDMOND, WA 98052, USA",47.7017518,-122.093723
6382,"3610 S EDMUNDS ST, SEATTLE, WA 98118, USA",47.5589369,-122.2868536
6383,"11615 NE 4TH ST, BELLEVUE, WA 98004, USA",47.6137649,-122.1959616
6384,"211 MAIN AVE N, NORTH BEND, WA 98045, USA",47.4959244,-121.7848932
6385,"2718 Alki AVE SW, Seattle, WA 98116, USA",47.579117,-122.4101426
6386,"4307 FREMONT AVE N, SEATTLE, WA 98103, USA",47.6592179,-122.3503692
6387,"2356 EASTLAKE AVE E, SEATTLE, WA 98102, USA",47.6412896,-122.3256284
6388,"1387 SOUTHCENTER MALL, TUKWILA, WA 98188, USA",47.4593596,-122.2562236
6389,"17887 REDMOND WAY, REDMOND, WA 98052, USA",47.6669937,-122.102626
6390,"711 3RD AVE, #331, SEATTLE, WA 98104, USA",,
6391,"17801 INTERNATIONAL BLVD, CT-21, SEATAC, WA 98158, USA",,
6392,"17505 15TH AVE NE, SHORELINE, WA 98155, USA",47.7558964,-122.3135998
6393,"725 E PINE ST, Seattle, WA 98122, USA",47.6150836,-122.3223619
6394,"1220 E JEFFERSON ST, SEATTLE, WA 98122, USA",47.6063169,-122.31575
6395,"1300 DEXTER AVE N, SEATTLE, WA 98109, USA",47.6309886,-122.3418678
6396,"10317 MAIN ST, BELLEVUE, WA 98004, USA",47.6100322,-122.2026916
6397,"904 OCCIDENTAL AVE S, SEATTLE, WA 98134, USA",47.5950991,-122.3331547
6398,"1101 OUTLET COLLECTION WAY SW, AUBURN, WA 98001, USA",,
6399,"14810 NE 145th ST, A, WOODINVILLE, WA 98072, USA",,
6400,"2618 ALKI AVE SW, SEATTLE, WA 98116, USA",47.5802423,-122.4071817
6401,"5233 BALLARD AVE NW, SEATTLE, WA 98107, USA",47.6661902,-122.3831591
6402,"1525 A ST NE, 110, AUBURN, WA 98002, USA",,
6403,"2800 16TH AVE S, SEATTLE, WA 98144, USA",47.5784714,-122.311819
6404,"1301 2ND AVE, 41,42, Seattle, WA 98101, USA",,
6405,"17800 VASHON HWY SW, VASHON ISLAND, WA 98070, USA",,
6406,"5517 UNIVERSITY WAY NE, Seattle, WA 98105, USA",47.6690921,-122.313247
6407,"2305 NW MARKET ST, SEATTLE, WA 98107, USA",47.6685289,-122.3865089
6408,"7717 GREENWOOD AVE N, SEATTLE, WA 98103, USA",47.6852992,-122.3555105
6409,"1312 6TH ST, KIRKLAND, WA 98033, USA",47.6864827,-122.19552
6410,"11600 124TH AVE NE, Kirkland, WA 98034, USA",47.7043385,-122.175475
6411,"13310 INTERURBAN AVE S, Seattle, WA 98168, USA",,
6412,"6801 GREENWOOD AVE N, 113A, SEATTLE, WA 98103, USA",,
6413,"3204 W MCGRAW ST, SEATTLE, WA 98199, USA",47.6397103,-122.398636
6414,"1017 E UNION ST, SEATTLE, WA 98122, USA",47.6127799,-122.318728
6415,"125 N 36TH ST, SEATTLE, WA 98103, USA",47.6525414,-122.3565691
6416,"1830 9TH AVE, SEATTLE, WA 98101, USA",47.6155239,-122.333971
6417,"590 TERRY AVE N, Seattle, WA 98109, USA",47.6240592,-122.336616
6418,"1933 7TH AVE, SEATTLE, WA 98101, USA",47.6148464,-122.3374642
6419,"17833 1st AVE S, C, Normandy Park, WA 98166, USA",47.4423277,-122.335167
6420,"17801 INTERNATIONAL BLVD, MEZZ, SEATAC, WA 98158, USA",,
6421,"1050 160TH AVE SE, Bellevue, WA 98008, USA",47.6004611,-122.1255277
6422,"8917 LAKE CITY WAY NE, 4, SEATTLE, WA 98115, USA",,
6423,"22318 84TH AVE S, Kent, WA 98032, USA",47.4015767,-122.2258735
6424,"721 E Pine ST, Seattle, WA 98122, USA",47.6150844,-122.3225097
6425,"2111 NE 47TH ST, Seattle, WA 98105, USA",47.6628721,-122.3049201
6426,"4503 17TH AVE NE, Seattle, WA 98105, USA",47.6614297,-122.3093897
6427,"2120 NE 47TH ST, Seattle, WA 98105, USA",47.6633632,-122.3045651
6428,"214 CENTRAL WAY, KIRKLAND, WA 98033, USA",47.6772519,-122.2052066
6429,"913 S JACKSON ST, D, SEATTLE, WA 98104, USA",47.5990197,-122.320654
6430,"7123 M L KING JR WAY S, Seattle, WA 98118, USA",,
6431,"913 S JACKSON ST, SEATTLE, WA 98104, USA",47.5990197,-122.320654
6432,"739 RAINIER AVE S, RENTON, WA 98057, USA",47.4730674,-122.217678
6433,"13317 NE 175TH ST, M, WOODINVILLE, WA 98072, USA",,
6434,"1525 3RD AVE, Seattle, WA 98101, USA",47.6103545,-122.3386589
6435,"1202 PINE ST, Unit A, SEATTLE, WA 98101, USA",,
6436,"528 QUEEN ANNE AVE N, Seattle, WA 98109, USA",47.6241617,-122.356588
6437,"13121 SE KENT KANGLEY RD, 105, KENT, WA 98030, USA",,
6438,"32901 1ST AVE S, J, FEDERAL WAY, WA 98003, USA",,
6439,"757 RAINIER AVE S, #6A, Renton, WA 98057, USA",,
6440,"19828 AURORA AVE N, SHORELINE, WA 98133, USA",47.7730889,-122.3455375
6441,"9828 15TH AVE SW, B, SEATTLE, WA 98106, USA",,
6442,"12526 LAKE CITY WAY NE, SEATTLE, WA 98125, USA",47.7200437,-122.2944944
6443,"5605 DELRIDGE WAY SW, SEATTLE, WA 98106, USA",47.551772,-122.3631133
6444,"801 S 3RD ST, RENTON, WA 98057, USA",47.4795247,-122.2062973
6445,"415 7TH AVE S, Seattle, WA 98104, USA",47.5987561,-122.3239381
6446,"18119 E VALLEY HWY S, #102, KENT, WA 98032, USA",,
6447,"1923 7th AVE, SEATTLE, WA 98101, USA",47.6147655,-122.3372433
6448,"1314 S JACKSON ST, Seattle, WA 98144, USA",47.5994104,-122.3148437
6449,"1240 S JACKSON ST, SEATTLE, WA 98144, USA",47.5994793,-122.3153827
6450,"1634 S 312TH ST, #101, Federal Way, WA 98003, USA",,
6451,"23714 222ND PL SE, STE C, MAPLE VALLEY, WA 98038, USA",,
6452,"364 RENTON CENTER WAY SW, #56, RENTON, WA 98057, USA",,
6453,"12008 DES MOINES MEMORIAL DR S, BURIEN, WA 98168, USA",47.4950416,-122.3097296
6454,"2414 1ST AVE S, SEATTLE, WA 98134, USA",47.581374,-122.3339601
6455,"500 108TH AVE NE, #1H2, Bellevue, WA 98004, USA",,
6456,"21831 MARINE VIEW DR S, DES MOINES, WA 98198, USA",47.406213,-122.3255597
6457,"1525 A ST NE, Auburn, WA 98002, USA",47.321908,-122.2295311
6458,"12015 NE 8TH ST, 6, BELLEVUE, WA 98005, USA",,
6459,"2310 SW 336th ST, FEDERAL WAY, WA 98023, USA",47.3013917,-122.3632127
6460,"15215 AURORA AVE N, SHORELINE, WA 98133, USA",47.7394431,-122.3455474
6461,"1314 UNION AVE NE, #8, RENTON, WA 98059, USA",,
6462,"5963 CORSON AVE S, #172, Seattle, WA 98108, USA",47.54782,-122.3223179
6463,"618 S WELLER ST, SEATTLE, WA 98104, USA",47.5976337,-122.3255237
6464,"6233 NE BOTHELL WAY, KENMORE, WA 98028, USA",47.7582244,-122.2587937
6465,"1202 OUTLET COLLECTION WAY SW, 104, AUBURN, WA 98001, USA",,
6466,"33320 PACIFIC HWY S, 103A, FEDERAL WAY, WA 98003, USA",,
6467,"320 E MEEKER ST, 106, KENT, WA 98030, USA",,
6468,"15220 AMBAUM BLVD SW, BURIEN, WA 98166, USA",47.4660931,-122.3442712
6469,"138 WASHINGTON AVE N, KENT, WA 98032, USA",47.3820045,-122.2469347
6470,"12557 116TH AVE NE, KIRKLAND, WA 98034, USA",47.712636,-122.1871237
6471,"7101 M L KING JR WAY S, 201, SEATTLE, WA 98118, USA",,
6472,"1901 SW CAMPUS DR, FEDERAL WAY, WA 98023, USA",47.3002715,-122.3586061
6473,"17236 140TH AVE SE, RENTON, WA 98058, USA",47.4469269,-122.1527306
6474,"9646 16TH AVE SW, SEATTLE, WA 98106, USA",47.5160061,-122.3548189
6475,"1016 MADISON ST, SEATTLE, WA 98104, USA",47.6092429,-122.32571
6476,"4235 UNIVERSITY WAY NE, SEATTLE, WA 98105, USA",47.6593411,-122.3133401
6477,"1207 S JACKSON ST, #107, SEATTLE, WA 98144, USA",,
6478,"5515 4TH AVE S, SEATTLE, WA 98108, USA",47.552932,-122.3298617
6479,"31513 PACIFIC HWY S, FEDERAL WAY, WA 98003, USA",47.3194837,-122.3152263
6480,"16880 SOUTHCENTER PKWY, TUKWILA, WA 98188, USA",47.452561,-122.261397
6481,"148 SW 148TH ST, BURIEN, WA 98166, USA",47.4710311,-122.3369363
6482,"14701 NE 20TH ST, #6, BELLEVUE, WA 98007, USA",,
6483,"1521 SW 98TH ST, A, SEATTLE, WA 98106, USA",,
6484,"1811 HOWARD RD, Auburn, WA 98002, USA",47.2923987,-122.212027
6485,"35419 21ST AVE SW, FEDERAL WAY, WA 98023, USA",47.2838978,-122.3625923
6486,"1810 S 120TH ST, SEATTLE, WA 98168, USA",47.4955701,-122.2625274
6487,"7800 AURORA AVE N, SEATTLE, WA 98103, USA",47.685651,-122.34428
6488,"626 N 34TH ST, SEATTLE, WA 98103, USA",47.649881,-122.3501408
6489,"901 AUBURN WAY N, AUBURN, WA 98002, USA",47.3162702,-122.2236568
6490,"18437 E VALLEY HWY, #101, Kent, WA 98032, USA",,
6491,"20942 108TH AVE SE, #B7, KENT, WA 98031, USA",,
6492,"31248 PACIFIC HWY S, #A, FEDERAL WAY, WA 98003, USA",,
6493,"12722 SE 312th ST, E, AUBURN, WA 98092, USA",,
6494,"2621 5TH AVE, SEATTLE, WA 98121, USA",47.6181982,-122.3471212
6495,"7040 15TH AVE NW, Seattle, WA 98117, USA",47.6807355,-122.376503
6496,"17325 140th AVE NE, WOODINVILLE, WA 98072, USA",47.7536408,-122.1537152
6497,"12910 SE KENT KANGLEY RD, KENT, WA 98030, USA",47.3593729,-122.1690292
6498,"3300 RAINIER AVE S, SEATTLE, WA 98144, USA",47.5739138,-122.2944935
6499,"4717 42ND AVE SW, SEATTLE, WA 98116, USA",47.560345,-122.3857085
6500,"915 26th ST NE, AUBURN, WA 98002, USA",47.3303525,-122.2188579
6501,"2822 AUBURN WAY N, AUBURN, WA 98002, USA",47.3328464,-122.2207076
6502,"4548 17TH AVE NE, SEATTLE, WA 98105, USA",47.6627082,-122.309224
6503,"4515 21ST AVE NE, Seattle, WA 98105, USA",47.6617998,-122.3058294
6504,"4530 17TH AVE NE, Seattle, WA 98105, USA",47.6622145,-122.3091873
6505,"5301 ROOSEVELT WAY NE, SEATTLE, WA 98105, USA",47.6672295,-122.317558
6506,"653 SW 152nd ST, BURIEN, WA 98166, USA",47.4666581,-122.3439703
6507,"2695 NE VILLAGE LN, Seattle, WA 98105, USA",47.6621695,-122.2979545
6508,"29100 PACIFIC HWY S, 3-4, FEDERAL WAY, WA 98003, USA",,
6509,"2990 4TH AVE S, SEATTLE, WA 98134, USA",47.575915,-122.3287935
6510,"1132 AUBURN WAY N, AUBURN, WA 98002, USA",47.3183241,-122.2210299
6511,"14142 MAIN ST, E101, DUVALL, WA 98019, USA",,
6512,"1314 UNION AVE NE, #6, Renton, WA 98059, USA",,
6513,"3901 1ST AVE S, 4121, SEATTLE, WA 98134, USA",,
6514,"3901 1ST AVE S, 4121, Seattle, WA 98134, USA",,
6515,"3909 18TH AVE W, SEATTLE, WA 98119, USA",47.6552973,-122.3801343
6516,"1361 E OLIVE WAY, SEATTLE, WA 98122, USA",47.6168285,-122.3271076
6517,"3259 Old Goldie RD, Oak Harbor, WA 98277, USA",,
6518,"7402 GREENWOOD AVE N, SEATTLE, WA 98103, USA",47.6827295,-122.355109
6519,"2218 NW MARKET ST, SEATTLE, WA 98107, USA",47.6688501,-122.385642
6520,"1100 GRIFFIN AVE, ENUMCLAW, WA 98022, USA",47.2031294,-121.989104
6521,"400 Broad ST, Seattle, WA 98109, USA",47.6205131,-122.3493036
6522,"20 W MAIN ST, Auburn, WA 98001, USA",47.3073208,-122.2301611
6523,"311 W MEEKER ST, KENT, WA 98032, USA",47.381756,-122.2353542
6524,"1215 SENECA ST, 100, Seattle, WA 98101, USA",47.6115087,-122.3242968
6525,"17380 SOUTHCENTER PKWY, TUKWILA, WA 98188, USA",47.4473439,-122.2618837
6526,"19800 144th Ave NE, WOODINVILLE, WA 98072, USA",47.7717574,-122.1477176
6527,"1020 BELLEVUE WAY NE, BELLEVUE, WA 98004, USA",47.6201901,-122.2012006
6528,"921 SW 152ND ST, BURIEN, WA 98166, USA",47.4666664,-122.3467695
6529,"17801 INTERNATIONAL BLVD, NS-21, SEATAC, WA 98158, USA",,
6530,"1600 9th AVE, 431, Seattle, WA 98101, USA",,
6531,"1011 PIKE ST, SEATTLE, WA 98101, USA",47.6129638,-122.329544
6532,"725 PIKE ST, 13, SEATTLE, WA 98101, USA",47.611744,-122.331671
6533,"1501 PIKE PL, Seattle, WA 98101, USA",47.6088025,-122.3411698
6534,"1222 Bronson WAY N, #150, RENTON, WA 98057, USA",,
6535,"90 PIKE ST, SEATTLE, WA 98101, USA",47.6089486,-122.3407242
6536,"1533 PIKE PL, SEATTLE, WA 98101, USA",47.6088311,-122.3411135
6537,"1530 POST ALY, #B, SEATTLE, WA 98101, USA",,
6538,"86 PIKE ST, SEATTLE, WA 98101, USA",47.608632,-122.3407292
6539,"85 PIKE ST, SEATTLE, WA 98101, USA",47.6093968,-122.3414102
6540,"1501 WESTERN AVE, 300, SEATTLE, WA 98101, USA",,
6541,"19611 84TH AVE S, KENT, WA 98032, USA",47.4259662,-122.2281771
6542,"10002 AURORA AVE N, 22, SEATTLE, WA 98133, USA",47.7023319,-122.343832
6543,"19304 CRISTA LN N, SHORELINE, WA 98133, USA",,
6544,"34029 HOYT RD SW, #C, FEDERAL WAY, WA 98023, USA",47.2963967,-122.3827441
6545,"701 E PINE ST, Seattle, WA 98122, USA",47.615066,-122.3232144
6546,"640 228TH AVE NE, SAMMAMISH, WA 98074, USA",47.6154809,-122.0349525
6547,"5405 California AVE SW, Seattle, WA 98136, USA",47.553693,-122.3873074
6548,"2930 228TH AVE SE, SAMMAMISH, WA 98075, USA",47.5842843,-122.032746
6549,"3095 ISSAQUAH PINE LAKE RD SE, SAMMAMISH, WA 98075, USA",47.5807919,-122.0337553
6550,"4818 17TH AVE NW, Seattle, WA 98107, USA",47.66425,-122.3787054
6551,"27825 118TH AVE SE, KENT, WA 98030, USA",47.3521266,-122.1852816
6552,"2200 5TH AVE, Seattle, WA 98121, USA",47.6154838,-122.3417675
6553,"300 ROY ST, SEATTLE, WA 98109, USA",47.6256906,-122.3509971
6554,"11753 15TH AVE NE, Seattle, WA 98125, USA",47.7155566,-122.312821
6555,"508 S KING ST, SEATTLE, WA 98104, USA",47.598475,-122.3272639
6556,"2010 NW 56TH ST, SEATTLE, WA 98107, USA",47.6695677,-122.3827474
6557,"1919 POST ALY, SEATTLE, WA 98101, USA",47.6103875,-122.3425312
6558,"3321 W MCGRAW ST, Seattle, WA 98199, USA",47.6394257,-122.4006017
6559,"7330 164th AVE NE, Redmond, WA 98052, USA",47.6700636,-122.120374
6560,"1066 S 320TH ST, FEDERAL WAY, WA 98003, USA",47.3166476,-122.3167723
6561,"715 E PINE ST, J, SEATTLE, WA 98122, USA",,
6562,"7858 LEARY WAY, REDMOND, WA 98052, USA",47.6737003,-122.1228105
6563,"1730 Minor AVE, 14th, Seattle, WA 98101, USA",,
6564,"408 BROADWAY E, SEATTLE, WA 98102, USA",47.6222936,-122.3207061
6565,"2301 M ST SE, AUBURN, WA 98002, USA",47.2884034,-122.2145854
6566,"79 YESLER WAY, Seattle, WA 98104, USA",47.6016142,-122.3351892
6567,"73 YESLER WAY, Seattle, WA 98104, USA",47.6016146,-122.3354445
6568,"1021 OCCIDENTAL AVE S, SEATTLE, WA 98134, USA",47.5934567,-122.3334441
6569,"1219 MADISON ST, SEATTLE, WA 98104, USA",47.6097495,-122.3235696
6570,"26002 PACIFIC HWY S, KENT, WA 98032, USA",47.3684359,-122.3023274
6571,"1501 4TH AVE, #110, SEATTLE, WA 98101, USA",47.6100836,-122.3377999
6572,"1908 PIKE PL, SEATTLE, WA 98101, USA",47.6099319,-122.3424581
6573,"1000 PINE ST, Seattle, WA 98101, USA",47.613964,-122.3312281
6574,"406 ELLINGSON RD, PACIFIC, WA 98047, USA",47.273115,-122.2567539
6575,"20038 68TH AVE S, 110, KENT, WA 98032, USA",,
6576,"15253 NE 40TH ST, REDMOND, WA 98052, USA",47.6439646,-122.1371263
6577,"602 19TH AVE E, SEATTLE, WA 98112, USA",47.6245784,-122.3071281
6578,"1530 POST ALY, Seattle, WA 98101, USA",47.6094177,-122.3411298
6579,"22310 NE MARKETPLACE DR, 116, REDMOND, WA 98053, USA",,
6580,"14401 124TH AVE NE, Kirkland, WA 98034, USA",47.7315475,-122.1762129
6581,"527 EASTLAKE AVENUE E, UNIT 302, SEATTLE, WA 98109, USA",,
6582,"2524 16th AVE S, Seattle, WA 98144, USA",47.580325,-122.3112932
6583,"13317 NE 175TH ST, W, WOODINVILLE, WA 98072, USA",,
6584,"1222 BRONSON WAY N, #160, RENTON, WA 98057, USA",,
6585,"1117 SW 128TH ST, SEATTLE, WA 98146, USA",,
6586,"510 BROADWAY E, Seattle, WA 98102, USA",47.6234865,-122.320663
6587,"14330 124TH AVE NE, KIRKLAND, WA 98034, USA",47.730873,-122.174897
6588,"23321 PACIFIC HWY S, KENT, WA 98032, USA",47.3922821,-122.2955226
6589,"29007 MILITARY RD S, FEDERAL WAY, WA 98003, USA",47.3416245,-122.3021208
6590,"15600 NE 8TH ST, A-6, BELLEVUE, WA 98008, USA",,
6591,"3901 NE 4TH ST, 102-A, RENTON, WA 98056, USA",,
6592,"1243 AUBURN WAY S, Auburn, WA 98002, USA",47.2964499,-122.2169195
6593,"14638 TUKWILA INTERNATIONAL BLVD, TUKWILA, WA 98168, USA",47.4712837,-122.285296
6594,"1517 SW 104TH ST, Seattle, WA 98146, USA",47.5098519,-122.3545152
6595,"17636 108TH AVE SE, Renton, WA 98055, USA",47.4436197,-122.1963463
6596,"35503 21ST AVE SW, FEDERAL WAY, WA 98023, USA",47.2833765,-122.3626571
6597,"13003 SE KENT KANGLEY RD, KENT, WA 98030, USA",47.3575686,-122.1678882
6598,"26636 MAPLE VALLEY BLACK DIAMON RD SE, H-400, MAPLE VALLEY, WA 98038, USA",,
6599,"24618 MILITARY RD S, KENT, WA 98032, USA",47.3804594,-122.2853744
6600,"5105 BALLARD AVE NW, SEATTLE, WA 98107, USA",47.6644602,-122.3813084
6601,"4624 SW 320TH ST, FEDERAL WAY, WA 98023, USA",47.3157512,-122.3925418
6602,"32925 1ST AVE S, #T&S, FEDERAL WAY, WA 98003, USA",,
6603,"2808 CALDER AVE NE, REDMOND, WA 98052, USA",47.6357248,-122.1345447
6604,"15300 33RD AVE S, 130, SEATAC, WA 98188, USA",,
6605,"20010 INTERNATIONAL BLVD, SEATAC, WA 98198, USA",47.4224993,-122.2965938
6606,"12319 ROOSEVELT WAY NE, SEATTLE, WA 98125, USA",47.7183862,-122.318423
6607,"11523 AVONDALE RD NE, 111, REDMOND, WA 98052, USA",,
6608,"23623 104TH AVE SE, KENT, WA 98031, USA",47.3898486,-122.2030647
6609,"13110 NE 70TH PL, KIRKLAND, WA 98033, USA",47.6671778,-122.164541
6610,"11836 98TH AVE NE, KIRKLAND, WA 98034, USA",47.7064962,-122.2098208
6611,"17255 135TH AVE NE, 2A, WOODINVILLE, WA 98072, USA",,
6612,"8404 GREENWOOD AVE N, SEATTLE, WA 98103, USA",47.6901039,-122.355105
6613,"10003 RAINIER AVE S, Seattle, WA 98118, USA",47.5111651,-122.2481448
6614,"5032 WILSON AVE S, Seattle, WA 98118, USA",47.5559338,-122.2701089
6615,"451 SW 10TH ST, Renton, WA 98057, USA",47.4700957,-122.2243209
6616,"2334 E CHERRY ST, SEATTLE, WA 98122, USA",47.6080903,-122.3022647
6617,"21607 SE 272ND ST, MAPLE VALLEY, WA 98038, USA",47.3578318,-122.053136
6618,"720 TAYLOR AVE N, SEATTLE, WA 98109, USA",47.6261239,-122.3457869
6619,"1190 SUNSET BLVD NE, RENTON, WA 98056, USA",47.5005495,-122.1860647
6620,"1405 1st AVE, Seattle, WA 98101, USA",47.6080013,-122.3395147
6621,"734 12TH AVE, SEATTLE, WA 98122, USA",47.609101,-122.316564
6622,"340 WESTLAKE AVE N, SEATTLE, WA 98109, USA",47.6214897,-122.338192
6623,"25625 E PLATEAU DR, SAMMAMISH, WA 98074, USA",47.609567,-121.9967612
6624,"1533 COLE ST, ENUMCLAW, WA 98022, USA",47.2033676,-121.9898153
6625,"1275 MERCER ST, SEATTLE, WA 98109, USA",47.6238071,-122.3307086
6626,"12108 JUANITA DR NE, Kirkland, WA 98034, USA",47.7087235,-122.2371849
6627,"129 1ST AVE N, Seattle, WA 98109, USA",47.6194873,-122.3556461
6628,"17034 AURORA AVE N, #D, SHORELINE, WA 98133, USA",47.7536124,-122.3451955
6629,"3700 NE 4TH ST, 105, RENTON, WA 98056, USA",,
6630,"14330 NE 20TH ST, #B, BELLEVUE, WA 98007, USA",,
6631,"17301 140TH AVE NE, Woodinville, WA 98072, USA",47.753235,-122.1533873
6632,"3212 NE SUNSET BLVD, RENTON, WA 98056, USA",47.5054694,-122.1755013
6633,"2401 3RD AVE, SEATTLE, WA 98121, USA",47.6154423,-122.34666
6634,"2502 5TH AVE, SEATTLE, WA 98121, USA",47.6176475,-122.3454407
6635,"16390 Cleveland st, Redmond, WA 98052, USA",47.6732655,-122.1217289
6636,"7200 E MARGINAL WAY S, Seattle, WA 98108, USA",47.5388085,-122.3198901
6637,"110 2ND ST SW, AUBURN, WA 98001, USA",47.3059767,-122.2315316
6638,"24700 36TH AVE S, Kent, WA 98032, USA",47.3584344,-122.2879492
6639,"5041 RAINIER AVE S, SEATTLE, WA 98118, USA",47.5560341,-122.283918
6640,"5101 14TH AVE NW, 101, SEATTLE, WA 98107, USA",47.6658597,-122.3739041
6641,"11803 98TH AVE NE, KIRKLAND, WA 98034, USA",47.7063048,-122.210762
6642,"1401 E YESLER WAY, SEATTLE, WA 98101, USA",47.6011058,-122.3137516
6643,"4717 CALIFORNIA AVE SW, Seattle, WA 98116, USA",47.5606177,-122.3870106
6644,"2001 6TH AVE, SEATTLE, WA 98121, USA",47.6143548,-122.3388637
6645,"4215 UNIVERSITY WAY NE, SEATTLE, WA 98105, USA",47.6588175,-122.313363
6646,"4566 KLAHANIE DR SE, SAMMAMISH, WA 98029, USA",47.5660371,-122.0039072
6647,"1026 NE 65TH ST, A101, SEATTLE, WA 98115, USA",47.6759886,-122.3165286
6648,"136 DICKINSON ST, MONROE, WA 98272, USA",,
6649,"403 BELLEVUE WAY NE, BELLEVUE, WA 98004, USA",47.6139942,-122.2017347
6650,"21110 84TH AVE S, 103, KENT, WA 98032, USA",,
6651,"811 E PIKE ST, Seattle, WA 98122, USA",47.613943,-122.3216852
6652,"417 RAMSAY WAY, 107, KENT, WA 98032, USA",,
6653,"27331 172ND AVE SE, 104, Covington, WA 98042, USA",,
6654,"1701 NW MARKET ST, SEATTLE, WA 98107, USA",47.6685058,-122.3790841
6655,"17801 INTERNATIONAL BLVD, 03, SEATAC, WA 98158, USA",,
6656,"625 S KING ST, SEATTLE, WA 98104, USA",47.5982459,-122.3252572
6657,"222 BELLEVUE WAY NE, BELLEVUE, WA 98004, USA",47.6124562,-122.2013713
6658,"1714 18TH AVE, Seattle, WA 98122, USA",47.6169487,-122.3084505
6659,"16616 INTERNATIONAL BLVD, SEATAC, WA 98188, USA",47.4540269,-122.2948052
6660,"18512 142ND AVE NE, WOODINVILLE, WA 98072, USA",47.7619253,-122.1501726
6661,"19501 144TH AVE NE, B400, WOODINVILLE, WA 98072, USA",,
6662,"4502 SHILSHOLE AVE NW, SEATTLE, WA 98107, USA",47.6619108,-122.3766034
6663,"1221 E MADISON ST, SEATTLE, WA 98122, USA",47.6130849,-122.3157619
6664,"8535 S 212TH ST, KENT, WA 98031, USA",47.4115824,-122.2259284
6665,"12005 NE 12TH ST, BELLEVUE, WA 98005, USA",47.6195395,-122.1783694
6666,"42 LAKESHORE PLZ, KIRKLAND, WA 98033, USA",47.6758525,-122.2092044
6667,"17618 Vashon HWY SW, VASHON ISLAND, WA 98070, USA",47.4467908,-122.460131
6668,"1620 S 312TH ST, D, FEDERAL WAY, WA 98003, USA",,
6669,"1520 SW 100TH ST, SEATTLE, WA 98146, USA",47.5137566,-122.3811775
6670,"34960 ENCHANTED PKWY S, FEDERAL WAY, WA 98003, USA",47.2884531,-122.3130914
6671,"105 SW 7TH ST, RENTON, WA 98057, USA",47.4730818,-122.218182
6672,"46630 E NORTH BEND WAY, NORTH BEND, WA 98045, USA",47.4676364,-121.7168426
6673,"2600 SOUTHCENTER MALL FOOD CR, FC8, TUKWILA, WA 98188, USA",,
6674,"21990 PACIFIC HWY S, Des Moines, WA 98198, USA",47.4047136,-122.2986644
6675,"23920 102ND AVE SE, KENT, WA 98031, USA",47.3875303,-122.204539
6676,"3009 112TH AVE NE, Bellevue, WA 98004, USA",47.6380634,-122.1951701
6677,"150 120TH AVE NE, #F, BELLEVUE, WA 98005, USA",,
6678,"100 S KING ST, SEATTLE, WA 98104, USA",47.5986433,-122.3336662
6679,"1000 E PIKE ST, SEATTLE, WA 98122, USA",47.6142354,-122.319201
6680,"18505 BOTHELL WAY NE, 103, BOTHELL, WA 98011, USA",,
6681,"1517 14TH AVE, SEATTLE, WA 98122, USA",47.6146738,-122.3144417
6682,"52 LAKESHORE PLZ, E, KIRKLAND, WA 98033, USA",,
6683,"371 TERRY AVE N, SEATTLE, WA 98109, USA",47.6215267,-122.3374909
6684,"4130 ROOSEVELT WAY NE, SEATTLE, WA 98105, USA",47.6575638,-122.3175829
6685,"4727 42ND AVE SW, SEATTLE, WA 98116, USA",47.5599893,-122.3857533
6686,"900 NE 65TH ST, A, SEATTLE, WA 98115, USA",,
6687,"2821 NW MARKET ST, C, SEATTLE, WA 98107, USA",47.6684739,-122.3941224
6688,"3810 AIRPORT WAY S, SEATTLE, WA 98108, USA",47.5695373,-122.3222657
6689,"1301 2ND AVE, 1700, Seattle, WA 98101, USA",,
6690,"727 S 223RD ST, DES MOINES, WA 98198, USA",47.401783,-122.3254864
6691,"1123 POST AVE, SEATTLE, WA 98101, USA",47.6057195,-122.3381349
6692,"212 BROADWAY E, SEATTLE, WA 98102, USA",47.6203728,-122.3205547
6693,"5701 AIRPORT WAY S, SEATTLE, WA 98108, USA",47.5511915,-122.3190232
6694,"7204 NE 175TH ST, A, KENMORE, WA 98028, USA",,
6695,"17625 NE 65TH ST, 100, REDMOND, WA 98052, USA",,
6696,"1395 SOUTHCENTER MALL, 356, TUKWILA, WA 98188, USA",,
6697,"1111 3RD AVE, 1, SEATTLE, WA 98101, USA",,
6698,"19122 BEARDSLEE BLVD, 207, BOTHELL, WA 98011, USA",,
6699,"8867 161ST AVE NE, A-1, REDMOND, WA 98052, USA",,
6700,"1208 MADISON ST, SEATTLE, WA 98104, USA",47.610103,-122.3237073
6701,"2030 6TH AVE, SEATTLE, WA 98121, USA",47.6148558,-122.3387467
6702,"727 N 10TH PL, 202H, RENTON, WA 98057, USA",,
6703,"15425 NE 24TH ST, BELLEVUE, WA 98007, USA",47.6307312,-122.1340192
6704,"10650 NE 4TH ST, BELLEVUE, WA 98004, USA",47.6140434,-122.1979259
6705,"755 NW GILMAN BLVD, #G-4, ISSAQUAH, WA 98027, USA",,
6706,"17401 133RD AVE NE, 1004, Woodinville, WA 98072, USA",,
6707,"330 W NORTH BEND WAY, NORTH BEND, WA 98045, USA",47.4966234,-121.7885144
6708,"4640 TOLT AVE, CARNATION, WA 98014, USA",47.6489584,-121.913191
6709,"1108 S 322ND PL, #A, FEDERAL WAY, WA 98003, USA",,
6710,"5599 17TH AVE NW, SEATTLE, WA 98107, USA",47.6691447,-122.379041
6711,"919 S 3RD ST, RENTON, WA 98057, USA",47.4795621,-122.2044245
6712,"305 HARRISON ST, Seattle, WA 98109, USA",47.621462,-122.3509886
6713,"358 NW 85TH ST, SEATTLE, WA 98117, USA",47.6907772,-122.3631151
6714,"208 MAIN AVE S, NORTH BEND, WA 98045, USA",47.4941761,-121.78626
6715,"12540 120TH AVE NE, KIRKLAND, WA 98034, USA",47.7127374,-122.1793856
6716,"604 1ST AVE, 107, SEATTLE, WA 98109, USA",,
6717,"575 BELLEVUE WAY, 545A, BELLEVUE, WA 98004, USA",,
6718,"30365 SE HIGH POINT WAY, PRESTON, WA 98050, USA",47.5259581,-121.9368857
6719,"2800 SOUTHCENTER MALL, 985, TUKWILA, WA 98188, USA",,
6720,"133 DEXTER AVE N, Seattle, WA 98109, USA",47.6195126,-122.3428266
6721,"9824 LAKE CITY WAY NE, Seattle, WA 98115, USA",47.7006962,-122.3025647
6722,"16330 CLEVELAND ST, REDMOND, WA 98052, USA",47.67339,-122.122134
6723,"501 EASTLAKE AVE E, 200, SEATTLE, WA 98109, USA",,
6724,"19501 144TH AVE NE, F-900, WOODINVILLE, WA 98072, USA",,
6725,"1409 NE 80th ST, Seattle, WA 98115, USA",47.6864758,-122.3130665
6726,"202 W GOWE ST, C, Kent, WA 98032, USA",,
6727,"9622 16TH AVE SW, A, SEATTLE, WA 98106, USA",47.5166832,-122.3549701
6728,"7 LAKE SHORE PLZ, KIRKLAND, WA 98033, USA",,
6729,"7311 GREENWOOD AVE N, SEATTLE, WA 98103, USA",47.6822274,-122.3555016
6730,"3407 CALIFORNIA AVE SW, SEATTLE, WA 98116, USA",47.5735034,-122.3870493
6731,"550 17TH AVE, SEATTLE, WA 98122, USA",47.6070023,-122.309454
6732,"1625 E JEFFERSON ST, SEATTLE, WA 98122, USA",47.6060369,-122.310417
6733,"1818 NE 47TH ST, Seattle, WA 98105, USA",47.6633537,-122.3076133
6734,"9200 35TH AVE SW, SEATTLE, WA 98126, USA",47.5206893,-122.376233
6735,"12859 NE 85TH ST, KIRKLAND, WA 98033, USA",47.6791269,-122.1670778
6736,"10527 GREENWOOD AVE N, Seattle, WA 98133, USA",47.7058974,-122.355755
6737,"225 W MEEKER ST, KENT, WA 98032, USA",47.3816639,-122.234604
6738,"269 NE 45TH ST, SEATTLE, WA 98105, USA",47.6612251,-122.3253064
6739,"4727 CALIFORNIA AVE SW, A, SEATTLE, WA 98116, USA",,
6740,"16717 SE 272ND ST, COVINGTON, WA 98042, USA",47.3574126,-122.1196707
6741,"35105 ENCHANTED PKWY S, 103, FEDERAL WAY, WA 98003, USA",,
6742,"2002 SW CAMPUS DR, Federal Way, WA 98023, USA",47.3012726,-122.3597273
6743,"301 151ST PL NE, BELLEVUE, WA 98007, USA",47.6112677,-122.1383529
6744,"1928 PIKE PL, SEATTLE, WA 98101, USA",47.6102869,-122.3430427
6745,"9828 16th AVE SW, SEATTLE, WA 98106, USA",47.5147094,-122.354936
6746,"2745 CALIFORNIA AVE SW, SEATTLE, WA 98116, USA",47.578003,-122.3872004
6747,"801 ALASKAN WAY, G, SEATTLE, WA 98104, USA",,
6748,"11802 NE 8TH ST, Bellevue, WA 98005, USA",47.6177708,-122.1831032
6749,"1428 Harvard AVE, seattle, WA 98122, USA",47.6138126,-122.3217545
6750,"23805 104TH AVE SE, Kent, WA 98031, USA",47.3888039,-122.2031233
6751,"4710 B ST NW, Auburn, WA 98001, USA",47.3495397,-122.231857
6752,"24030 132ND AVE SE, A, KENT, WA 98042, USA",,
6753,"15600 NE 8TH ST, PM20, BELLEVUE, WA 98008, USA",,
6754,"360 CORPORATE DR N, TUWKILA, WA 98188, USA",,
6755,"19840 INTERNATIONAL BLVD, SEATAC, WA 98188, USA",47.42339,-122.2956945
6756,"1511 PIKE PL, Seattle, WA 98101, USA",47.6087484,-122.3410705
6757,"107 Fairview AVE N, 3, SEATTLE, WA 98109, USA",,
6758,"3400 STONE WAY N, 1, SEATTLE, WA 98103, USA",,
6759,"1225 4TH AVE, SEATTLE, WA 98101, USA",47.6079507,-122.3350598
6760,"14459 WOODINVILLE-REDMOND RD NE, WOODINVILLE, WA 98072, USA",47.7324249,-122.1418818
6761,"515 MAYNARD AVE S, SEATTLE, WA 98104, USA",47.5978218,-122.325228
6762,"9051 132ND AVE NE, Kirkland, WA 98033, USA",47.683999,-122.1656859
6763,"1730 RAILROAD ST, ENUMCLAW, WA 98022, USA",47.2044898,-121.988221
6764,"2407 E UNION ST, B, SEATTLE, WA 98122, USA",47.6128058,-122.3011069
6765,"32925 1ST AVE S, S, FEDERAL WAY, WA 98023, USA",,
6766,"5619 MLK JR WAY S, SEATTLE, WA 98118, USA",,
6767,"1217 1st ST, KIRKLAND, WA 98033, USA",47.6851319,-122.2088389
6768,"3818 S GRAHAM ST, B, SEATTLE, WA 98118, USA",,
6769,"1426 BROADWAY, SEATTLE, WA 98122, USA",47.613746,-122.3203363
6770,"17565 NE 67TH CT, 100, Redmond, WA 98052, USA",,
6771,"15116 NE 24TH ST, Redmond, WA 98052, USA",47.6320249,-122.1382684
6772,"1016 OUTLET COLLECTION WAY SW, Auburn, WA 98001, USA",,
6773,"15946 REDMOND WAY, Redmond, WA 98052, USA",47.675058,-122.1278505
6774,"17744 GARDEN WAY NE, 120, WOODINVILLE, WA 98072, USA",,
6775,"17801 INTERNATIONAL BLVD, CT12, SEATAC, WA 98158, USA",,
6776,"6080 35TH AVE SW, SEATTLE, WA 98126, USA",47.5466765,-122.3760996
6777,"1418 31ST AVE S, SEATTLE, WA 98144, USA",47.5896845,-122.2922255
6778,"7919 RAINIER AVE S, SEATTLE, WA 98118, USA",47.5309575,-122.2702428
6779,"6940 COAL CREEK PKWY SE, NEWCASTLE, WA 98059, USA",47.5387553,-122.1647706
6780,"17847 1ST AVE S, SEATTLE, WA 98148, USA",47.5228934,-122.3348648
6781,"8421 SE 68TH ST, Mercer Island, WA 98040, USA",47.5409439,-122.2259778
6782,"2746 NE 45th ST, SEATTLE, WA 98105, USA",47.6621552,-122.2964032
6783,"1600 W DRAVUS ST, SEATTLE, WA 98119, USA",47.6494158,-122.3778668
6784,"600 NW RICHMOND BEACH RD, SHORELINE, WA 98177, USA",47.7659862,-122.3637866
6785,"18921 BOTHELL WAY NE, BOTHELL, WA 98011, USA",47.7653598,-122.2116692
6786,"15800 REDMOND WAY NE, REDMOND, WA 98052, USA",,
6787,"1540 NW GILMAN BLVD, Issaquah, WA 98027, USA",47.5465573,-122.060388
6788,"3550 Factoria BLVD SE, Bellevue, WA 98006, USA",47.5786649,-122.1671848
6789,"2902 228TH AVE SE, SAMMAMISH, WA 98075, USA",47.5833265,-122.0328443
6790,"2500 SW BARTON ST, Seattle, WA 98126, USA",47.5221002,-122.3659704
6791,"11224 NE 124TH ST, KIRKLAND, WA 98034, USA",47.7124611,-122.1912242
6792,"460 E NORTH BEND WAY, NORTH BEND, WA 98045, USA",47.4932874,-121.780527
6793,"22131 SE 237TH ST, MAPLE VALLEY, WA 98038, USA",47.3880453,-122.0450111
6794,"22131 SE 237TH ST, Maple Valley, WA 98038, USA",47.3880453,-122.0450111
6795,"14130 JUANITA DR NE, KIRKLAND, WA 98034, USA",47.7284795,-122.2429578
6796,"7823 SE 28TH ST, MERCER ISLAND, WA 98040, USA",47.5850259,-122.2329051
6797,"4570 KLAHANIE DR SE, Issaquah, WA 98029, USA",47.5653472,-122.0034555
6798,"2707 RAINIER AVE S, Seattle, WA 98144, USA",47.5787483,-122.2998367
6799,"2707 RAINIER AVE S, SEATTLE, WA 98144, USA",47.5787483,-122.2998367
6800,"1531 NE 145TH ST, Seattle, WA 98125, USA",47.7332376,-122.3107372
6801,"2636 BELLEVUE WAY NE, BELLEVUE, WA 98004, USA",47.6349089,-122.2009575
6802,"1009 MONROE ST, Enumclaw, WA 98022, USA",,
6803,"11100 ROOSEVELT WAY NE, SEATTLE, WA 98125, USA",47.7093493,-122.3172664
6804,"4500 WALLINGFORD AVE N, SEATTLE, WA 98103, USA",47.6618294,-122.3359191
6805,"1801 N 46TH ST, Seattle, WA 98103, USA",47.662045,-122.336244
6806,"4800 NE 4TH ST, RENTON, WA 98059, USA",47.4898049,-122.1548173
6807,"1510 145TH PL SE, BELLEVUE, WA 98007, USA",47.596884,-122.1485043
6808,"23475 NE NOVELTY HILL RD, REDMOND, WA 98053, USA",47.6985688,-122.0259917
6809,"500 MERCER ST, SEATTLE, WA 98109, USA",47.6247812,-122.3472804
6810,"4550 42ND AVE SW, SEATTLE, WA 98116, USA",47.5613693,-122.3852393
6811,"417 BROADWAY E, E2, SEATTLE, WA 98102, USA",,
6812,"5700 24TH AVE NW, SEATTLE, WA 98107, USA",47.6705565,-122.3872019
6813,"425 URBAN PLZ, 100, KIRKLAND, WA 98033, USA",,
6814,"9999 HOLMAN RD NW, Seattle, WA 98117, USA",47.7015346,-122.363926
6815,"1510 7th AVE, Seattle, WA 98101, USA",47.6120215,-122.3334716
6816,"4311 UNIVERSITY WAY NE, SEATTLE, WA 98105, USA",47.6601888,-122.3133323
6817,"3621 33RD AVE S, #C8, SEATTLE, WA 98144, USA",,
6818,"1400 S 348TH ST, FEDERAL WAY, WA 98003, USA",47.2911333,-122.3150171
6819,"2900 S 192ND ST, SEATAC, WA 98188, USA",47.4313293,-122.2964719
6820,"9601 16TH AVE SW, , WA 98106, USA",47.5171825,-122.3553635
6821,"203 W THOMAS ST, SEATTLE, WA 98119, USA",47.6207577,-122.3597403
6822,"309 W MCGRAW ST, SEATTLE, WA 98119, USA",47.6394807,-122.36142
6823,"1811 QUEEN ANNE AVE N, #101, SEATTLE, WA 98109, USA",,
6824,"2100 4TH AVE N, SEATTLE, WA 98109, USA",47.63753,-122.349392
6825,"2125 QUEEN ANNE AVE N, SEATTLE, WA 98109, USA",47.6378686,-122.3571792
6826,"8805 POINTS DR NE, CLYDE HILL, WA 98004, USA",47.6357768,-122.2221344
6827,"2201 1ST AVE, Seattle, WA 98121, USA",47.6125785,-122.3454935
6828,"2608 BOYER AVE E, Seattle, WA 98102, USA",47.6435924,-122.316572
6829,"2912 NE 55TH ST, SEATTLE, WA 98105, USA",47.6686231,-122.2955921
6830,"14200 TUKWILA INTERNATIONAL BLVD BLVD, Suite-A-151, Tukwila, WA 98168, USA",,
6831,"23424 PACIFIC HWY S, KENT, WA 98032, USA",47.391575,-122.2940729
6832,"1518 11TH AVE, SEATTLE, WA 98122, USA",47.6147249,-122.3179286
6833,"800 NW 85TH ST, Seattle, WA 98117, USA",47.6909246,-122.3665629
6834,"9001 16TH AVE SW, Seattle, WA 98106, USA",47.5227142,-122.355377
6835,"2616 S JACKSON ST, Seattle, WA 98144, USA",47.5994566,-122.2978246
6836,"10723 1ST AVE S, Seattle, WA 98168, USA",47.5070432,-122.3340928
6837,"1001 E PIKE ST, Seattle, WA 98122, USA",47.6138658,-122.3192286
6838,"13038 INTERURBAN AVE S, #140, TUKWILA, WA 98168, USA",,
6839,"14110 NE MAIN ST, C, DUVALL, WA 98019, USA",47.72717,-121.9850646
6840,"31434 PACIFIC HWY S, FEDERAL WAY, WA 98003, USA",47.3196624,-122.3129247
6841,"6420 E LAKE SAMMAMISH PKWY SE, Issaquah, WA 98029, USA",47.5447978,-122.0375071
6842,"601 E PIKE ST, SEATTLE, WA 98122, USA",47.6139075,-122.3241801
6843,"15364 NE 96th PL, REDMOND, WA 98052, USA",47.6870274,-122.1343486
6844,"1024 MADISON ST, Seattle, WA 98104, USA",47.6092757,-122.3256127
6845,"1025 108th AVE NE, Bellevue, WA 98004, USA",47.6195666,-122.1965599
6846,"18390 REDMOND WAY, REDMOND, WA 98052, USA",47.6616994,-122.0954647
6847,"6130 E LAKE SAMMAMISH PKWY SE, A, ISSAQUAH, WA 98029, USA",,
6848,"518 1ST AVE N, SEATTLE, WA 98109, USA",47.623898,-122.3552071
6849,"4147 CALIFORNIA AVE SW, SEATTLE, WA 98116, USA",47.5652076,-122.3869972
6850,"13317 NE 175TH ST, Woodinville, WA 98072, USA",47.7537302,-122.1610827
6851,"12 MERCER ST, SEATTLE, WA 98109, USA",47.624696,-122.3561364
6852,"1035 244TH AVE NE, SAMMAMISH, WA 98074, USA",47.6192281,-122.0153528
6853,"5451 LEARY AVE NW, SEATTLE, WA 98107, USA",47.6678544,-122.3838136
6854,"12537 LAKE CITY WAY NE, SEATTLE, WA 98125, USA",47.7203026,-122.294893
6855,"4626 26TH AVE NE, 32, SEATTLE, WA 98105, USA",,
6856,"13510 SE 272ND ST, KENT, WA 98042, USA",47.359433,-122.1608971
6857,"13000 LINDEN AVE N, 106, Seattle, WA 98133, USA",,
6858,"94 PIKE ST, #32, SEATTLE, WA 98101, USA",47.608856,-122.3405657
6859,"5311 BALLARD AVE NW, A, SEATTLE, WA 98107, USA",,
6860,"18118 INTERNATIONAL BLVD, Seattle, WA 98188, USA",47.4405047,-122.2950914
6861,"226 1ST AVE S, KENT, WA 98032, USA",47.380131,-122.233419
6862,"131 E Main ST, Auburn, WA 98002, USA",47.3076846,-122.2273832
6863,"13200 AURORA AVE N, C, SEATTLE, WA 98133, USA",47.7249071,-122.3437757
6864,"6501 ROOSEVELT WAY NE, SEATTLE, WA 98115, USA",47.675952,-122.317487
6865,"625 S 4TH ST, Renton, WA 98057, USA",47.4779636,-122.208696
6866,"5701 RAINIER AVE S, B, SEATTLE, WA 98118, USA",,
6867,"700 S 3rd ST, RENTON, WA 98057, USA",47.4799159,-122.2075162
6868,"700 S 3RD ST, RENTON, WA 98057, USA",47.4799159,-122.2075162
6869,"1531 MELROSE AVE, #C, SEATTLE, WA 98122, USA",,
6870,"112 E MAIN ST, AUBURN, WA 98002, USA",47.3071991,-122.2282175
6871,"2815 S HANFORD ST, SEATTLE, WA 98144, USA",47.574728,-122.2957228
6872,"46820 SE MOUNT SI RD, North Bend, WA 98045, USA",47.4887233,-121.7141201
6873,"11454 16TH AVE SW, SEATTLE, WA 98146, USA",47.5176068,-122.3551781
6874,"12826 NE 178TH ST, C, WOODINVILLE, WA 98072, USA",,
6875,"251 RAINIER AVE N, RENTON, WA 98057, USA",47.4852428,-122.2185973
6876,"1623 COLE ST, ENUMCLAW, WA 98022, USA",47.203856,-121.9893208
6877,"8815 SEWARD PARK AVE S, SEATTLE, WA 98118, USA",47.5252785,-122.2678732
6878,"820 4TH AVE, Seattle, WA 98104, USA",47.6053096,-122.3316569
6879,"11133 DES MOINES MEMORIAL DR S, Seattle, WA 98168, USA",,
6880,"30620 116TH AVE SE, Auburn, WA 98092, USA",47.3274863,-122.1854495
6881,"10211 12TH AVE S, SEATTLE, WA 98168, USA",47.5115254,-122.318358
6882,"6400 M L KING JR WAY S, SEATTLE, WA 98118, USA",,
6883,"7219 RAINIER AVE S, Seattle, WA 98118, USA",47.5379068,-122.2709836
6884,"3330 RAINIER AVE S, #A, SEATTLE, WA 98144, USA",,
6885,"7301 RAINIER AVE S, Seattle, WA 98118, USA",47.5367061,-122.270792
6886,"12660 164TH AVE SE, RENTON, WA 98059, USA",47.4890449,-122.1216947
6887,"21639 RENTON MAPLE VALLEY RD SE, D, MAPLE VALLEY, WA 98038, USA",,
6888,"838 COLE ST, ENUMCLAW, WA 98022, USA",47.1979889,-121.9950829
6889,"6020 RAINIER AVE S, SEATTLE, WA 98118, USA",47.5476494,-122.2763607
6890,"11650 BEACON AVE S, SEATTLE, WA 98178, USA",47.4996497,-122.2634274
6891,"3015 S 368TH ST, Federal Way, WA 98003, USA",47.2710246,-122.2943487
6892,"4520 M L KING JR WAY S, SEATTLE, WA 98108, USA",,
6893,"2400 Queen Anne AVE N, Seattle, WA 98109, USA",47.6397307,-122.356743
6894,"9229 E MARGINAL WAY S, SEATTLE, WA 98108, USA",47.5354322,-122.3151527
6895,"9229 E MARGINAL WAY S, TUKWILA, WA 98108, USA",47.5201935,-122.3018856
6896,"2301 E UNION ST, Unit L, SEATTLE, WA 98122, USA",,
6897,"4345 UNIVERSITY WAY NE, Seattle, WA 98105, USA",47.6611377,-122.3134628
6898,"670 NW GILMAN BLVD, #B1, ISSAQUAH, WA 98027, USA",,
6899,"1404 E PINE ST, SEATTLE, WA 98122, USA",47.615416,-122.3140811
6900,"512 RAMSAY WAY, 4-103, KENT, WA 98032, USA",,
6901,"965 NE PARK DR, ISSAQUAH, WA 98029, USA",47.5429571,-122.0170763
6902,"4006 S 139TH ST, TUKWILA, WA 98168, USA",47.4792621,-122.2834953
6903,"1222 E PINE ST, A, SEATTLE, WA 98122, USA",,
6904,"13112 NE 20TH ST, #200, BELLEVUE, WA 98005, USA",,
6905,"18218 BOTHELL WAY NE, BOTHELL, WA 98011, USA",47.7605351,-122.2072508
6906,"26220 116TH AVE SE, #106, KENT, WA 98030, USA",,
6907,"2801 E CHERRY ST, SEATTLE, WA 98122, USA",47.6078487,-122.2956877
6908,"14339 NE 20TH ST, I & H, BELLEVUE, WA 98007, USA",,
6909,"630 SW 153RD ST, 103, BURIEN, WA 98166, USA",47.4661419,-122.3432461
6910,"5408 26TH AVE NE, SEATTLE, WA 98105, USA",47.6683287,-122.2991673
6911,"6552 15TH AVE NE, SEATTLE, WA 98115, USA",47.677318,-122.311786
6912,"27534 SE KENT KANGLEY RD, Ravensdale, WA 98051, USA",47.3580875,-121.9742335
6913,"23613 104TH AVE SE, KENT, WA 98031, USA",47.3901117,-122.202352
6914,"1801 E MARION ST, SEATTLE, WA 98122, USA",47.6101723,-122.3081011
6915,"6049 SEAVIEW AVE NW, SEATTLE, WA 98107, USA",47.6733773,-122.4075723
6916,"8317 GREENWOOD AVE N, SEATTLE, WA 98103, USA",47.6896828,-122.3555082
6917,"1314 HOWELL ST, SEATTLE, WA 98101, USA",47.618015,-122.3294391
6918,"8523 GREENWOOD AVE N, Seattle, WA 98103, USA",47.6911513,-122.355518
6919,"616 E PINE ST, Seattle, WA 98122, USA",47.6153631,-122.3236427
6920,"4480 FAUNTLEROY WAY SW, SEATTLE, WA 98126, USA",47.563337,-122.3782878
6921,"7900 35TH AVE SW, SEATTLE, WA 98126, USA",47.5318213,-122.37643
6922,"2519 S JACKSON ST, SEATTLE, WA 98144, USA",47.5991798,-122.2995489
6923,"1701 18th AVE S, Seattle, WA 98144, USA",47.5880951,-122.3101216
6924,"812 3RD AVE, SEATTLE, WA 98104, USA",47.6046914,-122.3328205
6925,"19600 144th ave ne, Woodinville, WA 98072, USA",47.7695599,-122.1476598
6926,"1423 34TH AVE, #A, SEATTLE, WA 98122, USA",,
6927,"18605 MAPLE VALLEY HWY, MAPLE VALLEY, WA 98038, USA",,
6928,"24821 NE REDMOND FALL CITY RD, REDMOND, WA 98053, USA",47.6383408,-122.0076725
6929,"410 BURNETT AVE S, RENTON, WA 98057, USA",47.4777857,-122.2076137
6930,"11211 MAIN ST, BELLEVUE, WA 98004, USA",47.6093859,-122.1902184
6931,"2006 S 320TH ST, Federal Way, WA 98003, USA",47.3156178,-122.3077163
6932,"1613 W DRAVUS ST, Seattle, WA 98119, USA",47.6482496,-122.3782376
6933,"312 N 67TH ST, Seattle, WA 98103, USA",47.6778315,-122.3546696
6934,"4210 E MADISON ST, Seattle, WA 98112, USA",47.6359569,-122.2780581
6935,"4545 UNIVERSITY WAY NE, SEATTLE, WA 98105, USA",47.6626144,-122.3132839
6936,"4721 TOLT AVE, CARNATION, WA 98014, USA",47.6495982,-121.9134343
6937,"15720 MAIN ST NE, DUVALL, WA 98019, USA",47.7419167,-121.9856914
6938,"1374 SOUTHCENTER MALL, #368, TUKWILA, WA 98188, USA",,
6939,"1002 SUPERMALL WAY, AUBURN, WA 98001, USA",47.3009355,-122.2423404
6940,"25207 104TH AVE SE, KENT, WA 98030, USA",47.3759576,-122.2028262
6941,"18029 GARDEN WAY NE, WOODINVILLE, WA 98072, USA",47.7577204,-122.1535476
6942,"17300 SOUTHCENTER PKWY, TUKWILA, WA 98188, USA",47.4484533,-122.2618984
6943,"2390 148TH AVE NE, REDMOND, WA 98052, USA",47.6312062,-122.142328
6944,"7597 170TH AVE NE, REDMOND, WA 98052, USA",47.670232,-122.1139055
6945,"3909 FACTORIA BLVD SE, BELLEVUE, WA 98006, USA",47.5753039,-122.1714826
6946,"22705 MARINE VIEW DR S, DES MOINES, WA 98198, USA",47.3976755,-122.3247512
6947,"719 N 10TH ST, RENTON, WA 98057, USA",47.4977786,-122.2060239
6948,"27193 185TH AVE SE, COVINGTON, WA 98042, USA",47.3583227,-122.1001535
6949,"31920 GATEWAY CENTER BLVD S, FEDERAL WAY, WA 98003, USA",47.3155394,-122.3003037
6950,"3201 20TH AVE W, Seattle, WA 98199, USA",47.6489324,-122.3825594
6951,"513 N 36TH ST, #E, SEATTLE, WA 98103, USA",,
6952,"126 SW 148TH ST, C140, BURIEN, WA 98166, USA",47.4719363,-122.3358207
6953,"3154 NE SUNSET BLVD, RENTON, WA 98056, USA",47.5042028,-122.1770875
6954,"1008 Zehnder St, Sumner, WA 98390, USA",47.2070547,-122.2415979
6955,"400 S 2ND ST, Renton, WA 98057, USA",47.4829854,-122.2116469
6956,"11440 AVONDALE RD, Redmond, WA 98052, USA",47.7022343,-122.092068
6957,"16800 NE 80TH ST, Redmond, WA 98052, USA",47.6760926,-122.1171286
6958,"17272 NE 104TH ST, REDMOND, WA 98052, USA",47.6943909,-122.1080762
6959,"17601 NE REDMOND WAY, REDMOND, WA 98052, USA",,
6960,"10055 166TH AVE NE, Redmond, WA 98052, USA",47.6896346,-122.1181146
6961,"16221 NE 72ND WAY, REDMOND, WA 98052, USA",47.6696834,-122.1421154
6962,"16661 NE 72ND WAY, REDMOND, WA 98052, USA",47.6696834,-122.1421154
6963,"7979 LEARY WAY NE, REDMOND, WA 98052, USA",,
6964,"919 HARRINGTON AVE NE, RENTON, WA 98056, USA",47.4977935,-122.1820144
6965,"5600 148TH AVE NE, REDMOND, WA 98052, USA",47.6597591,-122.139781
6966,"9272 57TH AVE S, SEATTLE, WA 98118, USA",47.519611,-122.2614718
6967,"1101 SUPERMALL WAY, AUBURN, WA 98001, USA",47.2993393,-122.2477712
6968,"8890 161ST AVE NE, REDMOND, WA 98052, USA",47.6807767,-122.1226448
6969,"1200 156TH AVE NE, BELLEVUE, WA 98008, USA",47.6207877,-122.132285
6970,"1011 NE HIGH ST, 200, ISSAQUAH, WA 98029, USA",,
6971,"1501 7TH AVE, SEATTLE, WA 98101, USA",47.611667,-122.333555
6972,"900 N 10TH PL, RENTON, WA 98057, USA",47.498974,-122.2035234
6973,"316 NE THORNTON PL, SEATTLE, WA 98125, USA",47.7027883,-122.325333
6974,"677 120th AVE NE, 9A, Bellevue, WA 98005, USA",47.6160845,-122.1807931
6975,"1802 12th AVE NW, STE B, Issaquah, WA 98027, USA",,
6976,"620 W JAMES ST, KENT, WA 98032, USA",47.3850409,-122.2403409
6977,"17801 INTERNATIONAL BLVD, #C-15, SEATAC, WA 98158, USA",,
6978,"14620 TUKWILA INTERNATIONAL BLVD, TUKWILA, WA 98168, USA",47.471973,-122.2848722
6979,"32610 NE 32ND ST, Carnation, WA 98014, USA",47.6394597,-121.9018759
6980,"33707 SE REDMOND FALL CITY RD, , WA 98024, USA",47.5676652,-121.8897621
6981,"2607 JONES AVE S, Renton, WA 98055, USA",47.4563508,-122.197877
6982,"212 S 3RD ST, RENTON, WA 98057, USA",47.4799803,-122.2135401
6983,"1715 MAPLE VALLEY HWY, RENTON, WA 98057, USA",47.4814139,-122.1972256
6984,"4004 NE 4TH ST, 101, RENTON, WA 98056, USA",,
6985,"401 PARK AVE N, Renton, WA 98057, USA",47.4888271,-122.2026492
6986,"2801 NE SUNSET BLVD, RENTON, WA 98056, USA",47.5000151,-122.1798919
6987,"220 WELLS AVE S, RENTON, WA 98057, USA",47.4803441,-122.2050948
6988,"2809 NE SUNSET BLVD, RENTON, WA 98056, USA",47.5004164,-122.1793039
6989,"400 S 2ND ST, RENTON, WA 98057, USA",47.4829854,-122.2116469
6990,"4701 NE 4TH ST, Renton, WA 98059, USA",47.4882808,-122.1558481
6991,"3700 NE 4th ST, 201, Renton, WA 98056, USA",,
6992,"16828 128TH AVE SE, Renton, WA 98058, USA",47.4516393,-122.1684005
6993,"2000 BENSON RD, #155, RENTON, WA 98055, USA",47.4625199,-122.203339
6994,"4250 NE 4TH ST, RENTON, WA 98059, USA",47.4897371,-122.1622655
6995,"3000 NE 4TH ST, Renton, WA 98056, USA",47.4886562,-122.175784
6996,"429 WESTLAKE AVE N, SEATTLE, WA 98109, USA",47.6228842,-122.3386938
6997,"8509 ROOSEVELT WAY NE, Seattle, WA 98115, USA",47.6906378,-122.3177826
6998,"10600 1ST AVE NE, SEATTLE, WA 98125, USA",47.7061272,-122.3284555
6999,"11920 NE 195TH ST, BOTHELL, WA 98011, USA",47.7693761,-122.1806832
7000,"7575 164TH AVE NE, Redmond, WA 98052, USA",47.672077,-122.1218228
7001,"14455 NE 29TH PL, Bellevue, WA 98007, USA",47.6337801,-122.1466062
7002,"605 114TH AVE SE, BELLEVUE, WA 98004, USA",47.6038756,-122.1864612
7003,"1200 LAKE WASHINGTON BLVD N, RENTON, WA 98056, USA",47.5034098,-122.199133
7004,"19608 INTERNATIONAL BLVD, SEATAC, WA 98188, USA",47.4261279,-122.2953756
7005,"1815 TERRY AVE, SEATTLE, WA 98101, USA",47.6155435,-122.332804
7006,"4501 12TH AVE NE, SEATTLE, WA 98105, USA",47.6615702,-122.3157795
7007,"16201 W VALLEY HWY, SEATTLE, WA 98188, USA",,
7008,"5606 119TH AVE SE, BELLEVUE, WA 98006, USA",47.5523206,-122.1774828
7009,"4106 Stone WAY N, Seattle, WA 98103, USA",47.6574896,-122.3419593
7010,"2227 N 56TH ST, Seattle, WA 98103, USA",47.6688385,-122.3318278
7011,"3720 FACTORIA BLVD SE, Bellevue, WA 98006, USA",47.5772216,-122.169011
7012,"6900 E GREENLAKE WAY N, A, SEATTLE, WA 98115, USA",,
7013,"920 5TH AVE, 150, SEATTLE, WA 98104, USA",47.6066338,-122.3312427
7014,"1201 1st AVE, Seattle, WA 98101, USA",47.6061595,-122.3378263
7015,"800 NW 46TH ST, SEATTLE, WA 98107, USA",47.6624119,-122.3665983
7016,"5010 14TH AVE NW, SEATTLE, WA 98107, USA",47.6654085,-122.3732325
7017,"339 KIRKLAND AVE, C, KIRKLAND, WA 98033, USA",,
7018,"2450 NEWPORT WAY NW, ISSAQUAH, WA 98027, USA",47.5519928,-122.0748748
7019,"4547 CALIFORNIA AVE SW, SEATTLE, WA 98116, USA",47.5615399,-122.3869769
7020,"7208 E GREENLAKE DR N, Seattle, WA 98115, USA",,
7021,"1514 E OLIVE WAY, Seattle, WA 98122, USA",47.6181916,-122.3260709
7022,"912 12TH AVE, SEATTLE, WA 98122, USA",47.6109242,-122.3165703
7023,"1535 11TH AVE, SEATTLE, WA 98122, USA",47.6150853,-122.3184647
7024,"30375 SE HIGH POINT WAY, PRESTON, WA 98050, USA",47.5256354,-121.9368224
7025,"15600 NE 8TH ST, 2, BELLEVUE, WA 98008, USA",,
7026,"1101 106TH AVE NE, #14, Bellevue, WA 98004, USA",47.6202669,-122.1995606
7027,"601 S 3RD ST, BC, RENTON, WA 98057, USA",,
7028,"13121 SE KENT KANGLEY RD, 102, KENT, WA 98030, USA",,
7029,"17900 NE 16TH ST, BELLEVUE, WA 98008, USA",47.6248914,-122.1017396
7030,"1123 34th AVE, B, SEATTLE, WA 98122, USA",47.6124,-122.2894661
7031,"1442 NW RICHMOND BEACH RD, SHORELINE, WA 98177, USA",47.7701656,-122.3766005
7032,"2002 NW 196TH ST, Shoreline, WA 98177, USA",47.7709767,-122.3829074
7033,"322 N 105TH ST, Seattle, WA 98133, USA",47.7052731,-122.3544524
7034,"619 PINE ST, SEATTLE, WA 98101, USA",47.6122918,-122.3342708
7035,"7823 CENTER BLVD SE, SNOQUALMIE, WA 98065, USA",47.5297899,-121.8729551
7036,"7217 GREENWOOD AVE N, SEATTLE, WA 98103, USA",47.6812828,-122.3554885
7037,"3338 NE 65TH ST, SEATTLE, WA 98115, USA",47.6759278,-122.2918292
7038,"1065 NE 165TH ST, SHORELINE, WA 98155, USA",47.7484352,-122.3176963
7039,"520 NE 165TH ST, SHORELINE, WA 98155, USA",47.7487552,-122.323021
7040,"18030 162ND PL SE, Renton, WA 98058, USA",47.440359,-122.1221615
7041,"15209 SE 272ND ST, KENT, WA 98042, USA",47.3575849,-122.1382187
7042,"3 LAKE ST, KIRKLAND, WA 98033, USA",47.6757103,-122.2068401
7043,"653 S WELLER ST, Seattle, WA 98104, USA",47.5973974,-122.324824
7044,"12722 SE 312TH ST, G, AUBURN, WA 98092, USA",,
7045,"3830 A ST SE, AUBURN, WA 98002, USA",47.2740275,-122.2271154
7046,"247 E NORTH BEND WAY, NORTH BEND, WA 98045, USA",47.4936187,-121.7837798
7047,"7802 CENTER BLVD SE, SNOQUALMIE, WA 98065, USA",47.5300862,-121.8726299
7048,"401 15TH AVE E, SEATTLE, WA 98112, USA",47.6220796,-122.31283
7049,"6928 116TH AVE SE, NEWCASTLE, WA 98056, USA",47.5409792,-122.1843158
7050,"8311 BEACON AVE S, SEATTLE, WA 98118, USA",47.529194,-122.2887669
7051,"6329 15TH AVE NE, Seattle, WA 98115, USA",47.6756524,-122.3121753
7052,"120A PARK LN, Kirkland, WA 98033, USA",47.6761386,-122.2058638
7053,"31407 3RD AVE, #B, BLACK DIAMOND, WA 98010, USA",,
7054,"27203 216TH AVE SE, MAPLE VALLEY, WA 98038, USA",47.3570606,-122.0555919
7055,"27 15TH ST NE, AUBURN, WA 98002, USA",47.3211481,-122.2292388
7056,"1509 AUBURN WAY S, Auburn, WA 98002, USA",47.2943137,-122.2152388
7057,"3116 NE SUNSET BLVD, RENTON, WA 98056, USA",47.5036249,-122.1780044
7058,"22420 MILITARY RD S, SEATAC, WA 98198, USA",47.400249,-122.290078
7059,"4050 MAPLE VALLEY HWY, Renton, WA 98058, USA",47.4709076,-122.1616028
7060,"8397 158TH AVE NE, REDMOND, WA 98052, USA",47.6782761,-122.1305331
7061,"2019 W MEEKER ST, KENT, WA 98032, USA",47.3807649,-122.262811
7062,"14060 INTERURBAN AVE S, TUKWILA, WA 98168, USA",47.4772055,-122.25927
7063,"33729 SE REDMOND FALL CITY RD, FALL CITY, WA 98024, USA",47.5675245,-121.8890981
7064,"32240 NE 50TH ST, CARNATION, WA 98014, USA",47.6517855,-121.9086855
7065,"8451 SE 68TH ST, #101, MERCER ISLAND, WA 98040, USA",,
7066,"1601 HARVARD AVE, Seattle, WA 98122, USA",47.6153948,-122.3223714
7067,"3620 STONE WAY N, Seattle, WA 98103, USA",47.6512058,-122.3424382
7068,"4200 PRESTON - FALL CITY RD SE, FALL CITY, WA 98024, USA",47.5673169,-121.8876864
7069,"1825 72ND AVE SE, Mercer Island, WA 98040, USA",47.5939806,-122.243427
7070,"2409 10TH AVE E, SEATTLE, WA 98102, USA",47.641738,-122.3203082
7071,"23917 SE KENT KANGLEY RD, MAPLE VALLEY, WA 98038, USA",47.3604129,-122.0219849
7072,"46715 SE 129TH ST, NORTH BEND, WA 98045, USA",47.4818191,-121.7164931
7073,"1528 COLE ST, ENUMCLAW, WA 98022, USA",47.2034957,-121.9902404
7074,"2332 2ND AVE, SEATTLE, WA 98121, USA",47.6148035,-122.3466051
7075,"10261 16TH AVE SW, SEATTLE, WA 98146, USA",47.510239,-122.3552708
7076,"10854 MEYERS WAY S, SEATTLE, WA 98146, USA",,
7077,"1330 N 90TH ST, SEATTLE, WA 98103, USA",47.6952379,-122.3410899
7078,"11801 NE 140TH ST, KIRKLAND, WA 98034, USA",47.7244355,-122.18367
7079,"919 HARRINGTON AVE NE, B, RENTON, WA 98056, USA",,
7080,"24823 PACIFIC HWY S, KENT, WA 98032, USA",47.3777903,-122.299692
7081,"3108 A ST SE, AUBURN, WA 98002, USA",47.2800979,-122.2281252
7082,"2430 148TH AVE SE, BELLEVUE, WA 98007, USA",47.5887221,-122.1428599
7083,"2312 2ND AVE, SEATTLE, WA 98121, USA",47.6145759,-122.345948
7084,"1603 E NAGLE PL, SEATTLE, WA 98122, USA",,
7085,"25700 MAPLE VALLEY-BLACK DIAMON RD SE, MAPLE VALLEY, WA 98038, USA",,
7086,"89 KIRKLAND AVE, 100, KIRKLAND, WA 98033, USA",,
7087,"17322 VASHON HWY SW, VASHON ISLAND, WA 98070, USA",47.4494867,-122.4602136
7088,"4300 FREMONT AVE N, SEATTLE, WA 98103, USA",47.6594549,-122.34962
7089,"17624 SE 272ND ST, COVINGTON, WA 98042, USA",47.358547,-122.106242
7090,"17700 AMBAUM BLVD S, BURIEN, WA 98148, USA",47.4445499,-122.3286479
7091,"15615 NE 8TH ST, BELLEVUE, WA 98008, USA",47.616918,-122.1320551
7092,"2724 84TH AVE NE, Bellevue, WA 98004, USA",,
7093,"15846 1ST AVE S, Seattle, WA 98148, USA",47.5228934,-122.3348648
7094,"2535 S 320TH ST, FEDERAL WAY, WA 98003, USA",47.3146709,-122.3001897
7095,"33800 1ST AVE S, Federal Way, WA 98003, USA",47.3112991,-122.3346572
7096,"13122 SE 240TH ST, KENT, WA 98031, USA",47.3872496,-122.1659103
7097,"16405 SE 272ND ST, KENT, WA 98042, USA",47.3580052,-122.1387069
7098,"21208 68TH AVE S, KENT, WA 98032, USA",47.4119147,-122.2489133
7099,"11848 NE 85TH ST, Kirkland, WA 98033, USA",47.6796197,-122.1811347
7100,"2022 S PUGET DR, Renton, WA 98055, USA",47.462507,-122.2043167
7101,"14002 NE 175TH ST, WOODINVILLE, WA 98072, USA",47.7541201,-122.1677877
7102,"601 AUBURN WAY S, AUBURN, WA 98002, USA",47.3017888,-122.225995
7103,"5011 S 288TH ST, AUBURN, WA 98001, USA",47.3429549,-122.2713849
7104,"550 19TH AVE E, SEATTLE, WA 98112, USA",47.6242811,-122.307163
7105,"1918 8th AVE, Seattle, WA 98101, USA",47.6156558,-122.3359414
7106,"561 SOUTH FORK AVE SW, NORTH BEND, WA 98045, USA",47.4907577,-121.7971537
7107,"7132 DELRIDGE WAY SW, Seattle, WA 98106, USA",47.5382189,-122.3607236
7108,"1500 PIKE PL MARKET #1, SEATTLE, WA 98101, USA",,
7109,"217 JAMES ST, Seattle, WA 98104, USA",47.6025112,-122.3318031
7110,"14320 NE 20TH ST, A, BELLEVUE, WA 98007, USA",,
7111,"50 E SUNSET WAY, Issaquah, WA 98027, USA",47.5303006,-122.0357457
7112,"11011 NE 12TH ST, BELLEVUE, WA 98004, USA",47.6208189,-122.1933925
7113,"613 BROADWAY E, Seattle, WA 98102, USA",47.6247346,-122.32115
7114,"1405 50TH NE ST, Seattle, WA 98105, USA",,
7115,"1610 12TH AVE, Seattle, WA 98122, USA",47.6156209,-122.3166654
7116,"5605  Delridge WAY SW , #B, SEATTLE, WA 98106, USA",,
7117,"11422 NE 124TH ST, KIRKLAND, WA 98034, USA",47.7115621,-122.1880922
7118,"1011 PIKE ST, C, SEATTLE, WA 98101, USA",,
7119,"17020 AVONDALE WAY NE, REDMOND, WA 98052, USA",47.6730857,-122.1125385
7120,"224 BROADWAY E, SEATTLE, WA 98102, USA",47.6207375,-122.3206369
7121,"15321 8TH AVE SW, Seattle, WA 98166, USA",47.5191362,-122.3454449
7122,"1111 NW BALLARD WAY, SEATTLE, WA 98107, USA",47.6626558,-122.3716715
7123,"3820 S FERDINAND ST, SEATTLE, WA 98118, USA",47.5579567,-122.2841586
7124,"17626 140TH AVE NE, Woodinville, WA 98072, USA",47.7557322,-122.1526778
7125,"1410 NE 66TH ST, SEATTLE, WA 98115, USA",47.6773046,-122.3138071
7126,"7809 LAKE CITY WAY NE, SEATTLE, WA 98115, USA",47.6858079,-122.3148024
7127,"13590 NE VILLAGE SQUARE DR, 1020, Woodinville, WA 98072, USA",,
7128,"2232 1ST AVE, SEATTLE, WA 98121, USA",47.6133323,-122.346113
7129,"22845 NE CEDAR PARK CRES, REDMOND, WA 98053, USA",47.6857073,-122.0350231
7130,"226 MAIN AVE S, B, RENTON, WA 98057, USA",,
7131,"12633 NE 85TH ST, KIRKLAND, WA 98033, USA",47.6790929,-122.1716053
7132,"8110 128TH AVE NE, KIRKLAND, WA 98033, USA",47.6762776,-122.1679541
7133,"19865 1ST AVE S, NORMANDY PARK, WA 98148, USA",47.4244177,-122.3364906
7134,"13505 NE 75TH ST, Redmond, WA 98052, USA",47.6693612,-122.1592277
7135,"1413 NW 70TH ST, SEATTLE, WA 98117, USA",47.6794479,-122.374734
7136,"9262 57th AVE S, Seattle, WA 98118, USA",47.5198171,-122.2614139
7137,"7210 WOODLAWN AVE NE, Seattle, WA 98115, USA",47.6808177,-122.3246992
7138,"4404 3RD AVE NW, SEATTLE, WA 98107, USA",47.6603948,-122.3605873
7139,"9615 15TH AVE SW, Seattle, WA 98106, USA",47.5165623,-122.3543254
7140,"1503 PIKE PL, Seattle, WA 98101, USA",47.608573,-122.3406598
7141,"501 Fairview AVE N, 121, Seattle, WA 98109, USA",,
7142,"3861 1ST AVE S, F, SEATTLE, WA 98134, USA",47.5679513,-122.3346911
7143,"5309 22ND AVE NW, SEATTLE, WA 98107, USA",47.6670341,-122.3850297
7144,"302 SW 43RD ST, RENTON, WA 98057, USA",47.4415746,-122.2216644
7145,"15725 WESTMINSTER WAY N, B, Shoreline, WA 98133, USA",47.7438536,-122.3467373
7146,"2351 SOUTHCENTER MALL, TUKWILA, WA 98188, USA",47.4597321,-122.2559417
7147,"2823 SW ROXBURY ST, SEATTLE, WA 98126, USA",47.5167606,-122.3696365
7148,"2805 SW ROXBURY ST, SEATTLE, WA 98126, USA",47.5173135,-122.368894
7149,"7740 34TH AVE SW, SEATTLE, WA 98126, USA",47.5331246,-122.3745885
7150,"6114 PHINNEY AVE N, SEATTLE, WA 98103, USA",47.6736166,-122.3541714
7151,"34024 HOYT RD SW, F, FEDERAL WAY, WA 98023, USA",,
7152,"8102 161ST AVE NE, 150, REDMOND, WA 98052, USA",,
7153,"7216 RAINIER AVE S, SEATTLE, WA 98118, USA",47.5378351,-122.2700102
7154,"5016 RAINIER AVE S, SEATTLE, WA 98118, USA",47.5567057,-122.2840536
7155,"635 SW 152ND ST, BURIEN, WA 98166, USA",47.4665706,-122.3434468
7156,"2100 SW 356TH ST, FEDERAL WAY, WA 98023, USA",47.2830031,-122.3617174
7157,"3526 FREMONT PL N, SEATTLE, WA 98103, USA",47.6512954,-122.3507248
7158,"13200 NE 20TH ST, #400, BELLEVUE, WA 98005, USA",,
7159,"104 RAINIER AVE S, RENTON, WA 98057, USA",47.4827732,-122.2168281
7160,"6417 ROOSEVELT WAY NE, 201, Seattle, WA 98115, USA",47.6756157,-122.3175045
7161,"162 106TH AVE NE, #162, BELLEVUE, WA 98004, USA",,
7162,"615 NW RICHMOND BEACH RD, SHORELINE, WA 98177, USA",47.7644582,-122.3643484
7163,"137 W NORTH BEND WAY, NORTH BEND, WA 98045, USA",47.4952165,-121.7867599
7164,"1100 Eastlake AVE E, SEATTLE, WA 98109, USA",47.6287902,-122.3288481
7165,"2121 6TH AVE, SEATTLE, WA 98121, USA",47.6151755,-122.3400113
7166,"16050 CLEVELAND ST, 102, ABERDEEN, WA 98052, USA",,
7167,"403 15th AVE E, SEATTLE, WA 98112, USA",47.622121,-122.312829
7168,"135 NW 185TH ST, # 4, SHORELINE, WA 98177, USA",,
7169,"17526 VASHON HWY SW, VASHON ISLAND, WA 98070, USA",,
7170,"2600 SOUTHCENTER MALL, FC-15, TUKWILA, WA 98188, USA",,
7171,"1360 156TH AVE NE, BELLEVUE, WA 98007, USA",47.6223274,-122.1320191
7172,"841 SOUTHCENTER MALL, Tukwila, WA 98188, USA",,
7173,"2801 1ST AVE, #A, SEATTLE, WA 98121, USA",,
7174,"570 ROY ST, SEATTLE, WA 98109, USA",47.6256177,-122.3454601
7175,"6509 132ND AVE NE, KIRKLAND, WA 98033, USA",47.6646913,-122.1645441
7176,"1112 PIKE ST, SEATTLE, WA 98101, USA",47.6138049,-122.3285566
7177,"5041 RAINIER AVE S, 108B, SEATTLE, WA 98118, USA",,
7178,"2206 ROOSEVELT AVE, ENUMCLAW, WA 98022, USA",47.1990415,-121.997673
7179,"6307 24TH AVE NW, SEATTLE, WA 98107, USA",47.6748368,-122.3878503
7180,"13622 NE 20TH ST, Unit E, BELLEVUE, WA 98005, USA",,
7181,"13501 100TH AVE NE, 60, KIRKLAND, WA 98034, USA",47.7211623,-122.208328
7182,"4111 STONE WAY N, #B, SEATTLE, WA 98103, USA",47.6571111,-122.342611
7183,"15715 MAIN ST NE, DUVALL, WA 98019, USA",47.7419173,-121.986156
7184,"13590 NE VILLAGE SQUARE DR, 1060, WOODINVILLE, WA 98072, USA",,
7185,"727 PINE ST, SEATTLE, WA 98101, USA",47.612817,-122.333169
7186,"402 N GRANITE AVE, GRANITE FALLS, WA 98252, USA",48.0861593,-121.9693261
7187,"765 RAINIER AVE S, Renton, WA 98057, USA",47.4719051,-122.2183187
7188,"4715 NE SUNSET BLVD, RENTON, WA 98059, USA",47.5053909,-122.1559743
7189,"20938 108TH AVE SE, KENT, WA 98031, USA",47.4142312,-122.1956636
7190,"18123 E VALLEY HWY, B101, KENT, WA 98032, USA",47.4399521,-122.222385
7191,"546 SW 152ND ST, BURIEN, WA 98166, USA",47.466967,-122.341161
7192,"12739 1ST AVE S, BURIEN, WA 98168, USA",47.4888852,-122.3343153
7193,"340 BURNETT AVE S, Renton, WA 98057, USA",47.4784354,-122.2076354
7194,"4354 LEARY WAY NW, SEATTLE, WA 98107, USA",47.6602513,-122.3657442
7195,"2221 140TH AVE NE, BELLEVUE, WA 98005, USA",47.6298578,-122.1550901
7196,"12445 116TH AVE NE, KIRKLAND, WA 98034, USA",47.711725,-122.1882982
7197,"3725 S 144TH ST, TUKWILA, WA 98168, USA",47.4727456,-122.2858912
7198,"25928 104TH AVE SE, KENT, WA 98030, USA",47.3694571,-122.2006931
7199,"10008 AURORA AVE N, SEATTLE, WA 98133, USA",47.702797,-122.342469
7200,"1702 AUBURN WAY N, AUBURN, WA 98002, USA",47.3244905,-122.2203038
7201,"5307 BALLARD AVE NW, SEATTLE, WA 98107, USA",47.66655,-122.3836103
7202,"2830 NW MARKET ST, SEATTLE, WA 98107, USA",47.6687313,-122.3942467
7203,"9501 20TH AVE NE, SEATTLE, WA 98115, USA",47.6982924,-122.3076477
7204,"1101 SW DASH PT RD, Federal Way, WA 98003, USA",47.328259,-122.349798
7205,"9450 NE 14TH ST, BELLEVUE, WA 98004, USA",47.6242457,-122.2125701
7206,"5041 RAINIER AVE S, #107, SEATTLE, WA 98118, USA",47.5560381,-122.2844734
7207,"8340 15TH AVE NW, Seattle, WA 98117, USA",47.6901912,-122.3761218
7208,"9262 RAINIER AVE S, SEATTLE, WA 98118, USA",47.5208461,-122.2694222
7209,"12519 NE 85TH ST, KIRKLAND, WA 98033, USA",47.6788462,-122.17341
7210,"516 1ST AVE W, SEATTLE, WA 98119, USA",47.6236972,-122.3577653
7211,"4732 Brooklyn AVE NE, SEATTLE, WA 98105, USA",47.6642286,-122.313887
7212,"15332 AURORA AVE N, SHORELINE, WA 98133, USA",47.7408454,-122.343637
7213,"4010 A ST SE, AUBURN, WA 98002, USA",47.2725758,-122.2272979
7214,"1355 HIGHLANDS DR NE, ISSAQUAH, WA 98029, USA",47.5403233,-122.0194437
7215,"4754 42ND AVE SW, Seattle, WA 98116, USA",47.5596441,-122.3849439
7216,"27035 PACIFIC HWY S, DES MOINES, WA 98198, USA",47.3594385,-122.310585
7217,"210 WASHINGTON AVE S, Kent, WA 98032, USA",47.3803887,-122.2466416
7218,"26916 MAPLE VALLEY BLACK DIAMON RD SE, Maple Valley, WA 98038, USA",,
7219,"200 S 3RD ST, Renton, WA 98057, USA",47.4800957,-122.2144561
7220,"3900 S OTHELLO ST, Seattle, WA 98118, USA",47.5374502,-122.2830268
7221,"21401 PACIFIC HWY S, DES MOINES, WA 98198, USA",47.4099768,-122.2994415
7222,"2725 NE SUNSET BLVD, Renton, WA 98056, USA",47.4990596,-122.1814475
7223,"7340 35TH AVE NE, Seattle, WA 98115, USA",47.6825972,-122.2893962
7224,"17246 REDMOND WAY NE, Redmond, WA 98052, USA",,
7225,"28810 MILITARY RD S, FEDERAL WAY, WA 98003, USA",47.3425756,-122.3000143
7226,"152 ROOSEVELT AVE, Enumclaw, WA 98022, USA",47.1981605,-121.9799269
7227,"15000 NE 24TH ST, Redmond, WA 98052, USA",47.6324859,-122.1401516
7228,"17202 15TH AVE NE, SHORELINE, WA 98155, USA",47.7543852,-122.3127912
7229,"17230 140TH AVE SE, RENTON, WA 98058, USA",47.4472893,-122.1527464
7230,"14444 124TH AVE NE, KIRKLAND, WA 98034, USA",47.7326513,-122.1741044
7231,"17051 SE 272ND ST, COVINGTON, WA 98042, USA",47.356471,-122.1147898
7232,"460 SW MT SI BLVD, North Bend, WA 98045, USA",47.4875269,-121.7913755
7233,"13101 KENT KANGLEY RD, KENT, WA 98030, USA",47.3580099,-122.1645789
7234,"12725 1ST AVE S, BURIEN, WA 98168, USA",47.489127,-122.335791
7235,"34828 SE DOUGLAS ST, SNOQUALMIE, WA 98065, USA",47.5275711,-121.8737466
7236,"19150 NE WOODINVILLE DUVALL RD, Woodinville, WA 98077, USA",47.7562034,-122.0818405
7237,"4011 S 164TH ST, SEATTLE, WA 98188, USA",47.4556881,-122.2824448
7238,"7300 ROOSEVELT WAY NE, Seattle, WA 98115, USA",47.6818402,-122.3169374
7239,"2132 N NORTHGATE WAY, SEATTLE, WA 98133, USA",47.7088701,-122.3328381
7240,"1901 RAINIER AVE S, SEATTLE, WA 98144, USA",47.5862074,-122.3045046
7241,"1901 RAINIER AVE S, 2, SEATTLE, WA 98144, USA",,
7242,"1901 RAINIER AVE S, #2, SEATTLE, WA 98144, USA",,
7243,"580 MT SI BLVD, NORTH BEND, WA 98045, USA",,
7244,"15916 NE 83RD ST, Redmond, WA 98052, USA",47.6767931,-122.1277078
7245,"33914 19TH AVE SW, Federal Way, WA 98023, USA",47.2979067,-122.3545075
7246,"12047 124TH AVE NE, KIRKLAND, WA 98034, USA",47.7061752,-122.1771012
7247,"13919 TUKWILA INTERNATIONAL BLVD, TUKWILA, WA 98168, USA",47.4782012,-122.2842713
7248,"17875 REDMOND WAY, REDMOND, WA 98052, USA",47.6672794,-122.103291
7249,"31525 3RD AVE, BLACK DIAMOND, WA 98010, USA",47.3195114,-122.0055156
7250,"7940 RAILROAD AVE SE, SNOQUALMIE, WA 98065, USA",47.5295062,-121.825499
7251,"8425 SE 68TH ST, #104, MERCER ISLAND, WA 98040, USA",47.5416593,-122.2252661
7252,"7126 M L KING JR WAY S, SEATTLE, WA 98118, USA",,
7253,"25 W MERCER ST, SEATTLE, WA 98119, USA",47.624485,-122.3576839
7254,"9924 NE 185TH ST, Bothell, WA 98011, USA",47.7619106,-122.2085499
7255,"1237 S JACKSON ST, Seattle, WA 98144, USA",47.5990543,-122.315358
7256,"4142 BROOKLYN AVE NE, Seattle, WA 98105, USA",47.6581225,-122.3140233
7257,"161 S WASHINGTON ST, SEATTLE, WA 98104, USA",47.6007715,-122.3324716
7258,"301 2ND AVE S, SEATTLE, WA 98104, USA",47.5998689,-122.331918
7259,"2106 E MADISON ST, SEATTLE, WA 98112, USA",47.6183476,-122.3040976
7260,"6519 4TH AVE S, #B, SEATTLE, WA 98108, USA",,
7261,"208 W KENT STATION ST, 104, KENT, WA 98032, USA",47.3854256,-122.2339585
7262,"24202 104TH AVE SE, 108, KENT, WA 98030, USA",,
7263,"507 S WELLER ST, SEATTLE, WA 98104, USA",47.5974077,-122.3272503
7264,"1200 S JACKSON ST, E, SEATTLE, WA 98144, USA",,
7265,"16720 INTERNATIONAL BLVD, SeaTac, WA 98188, USA",47.452662,-122.2945469
7266,"6012 M L KING JR WAY S, SEATTLE, WA 98118, USA",,
7267,"530 1ST AVE N, SEATTLE, WA 98109, USA",47.6241318,-122.3552673
7268,"269 SW 41ST ST, RENTON, WA 98057, USA",47.4435155,-122.2209759
7269,"1417 NE BOAT ST, SEATTLE, WA 98105, USA",47.6508557,-122.3131847
7270,"7726 CENTER BLVD SE, SNOQUALMIE, WA 98065, USA",47.530533,-121.8727184
7271,"1520 15TH AVE, SEATTLE, WA 98122, USA",47.6147102,-122.312609
7272,"106 Cherry ST, Seattle, WA 98104, USA",47.602779,-122.3340347
7273,"10 MERCER ST, Seattle, WA 98109, USA",47.624695,-122.3562533
7274,"13820 INTERNATIONAL BLVD, TUKWILA, WA 98168, USA",47.4790749,-122.2838961
7275,"2401 NW 80TH ST, Seattle, WA 98117, USA",47.6865809,-122.3880039
7276,"929 108TH AVE NE, FLOOR, BELLEVUE, WA 98004, USA",,
7277,"11805 RENTON AVE S, SEATTLE, WA 98178, USA",47.496943,-122.2474847
7278,"6501 RAILROAD AVE SE, SNOQUALMIE, WA 98065, USA",47.5421552,-121.8366322
7279,"5214 20TH AVE NW, Seattle, WA 98107, USA",47.6672256,-122.3818342
7280,"5109 SHILSHOLE AVE NW, SEATTLE, WA 98107, USA",47.6615801,-122.3764764
7281,"1810 NW 65TH ST, SEATTLE, WA 98117, USA",47.6773816,-122.3805293
7282,"6405 32ND AVE NW, Seattle, WA 98107, USA",47.6750663,-122.398548
7283,"11620 AMBAUM BLVD SW, SEATTLE, WA 98146, USA",,
7284,"1424 NE 125TH ST, Seattle, WA 98125, USA",47.7196946,-122.3131675
7285,"2424 NE 65TH ST, Seattle, WA 98115, USA",47.6761326,-122.30104
7286,"355 NW 85TH ST, Seattle, WA 98117, USA",47.6903329,-122.3629595
7287,"819 NW 46th ST, Seattle, WA 98107, USA",47.6620357,-122.3668313
7288,"714 E PIKE ST, A, SEATTLE, WA 98122, USA",47.6142254,-122.323198
7289,"2201 QUEEN ANNE AVE N, Seattle, WA 98109, USA",47.6385089,-122.3571055
7290,"5420 BALLARD AVE NW, SEATTLE, WA 98107, USA",47.6682261,-122.3854746
7291,"12620 120TH AVE NE, PV-10, KIRKLAND, WA 98034, USA",,
7292,"16595 REDMOND WAY, E-10, REDMOND, WA 98052, USA",,
7293,"102 Pike ST, Seattle, WA 98101, USA",47.609011,-122.339928
7294,"5615 24TH AVE NW, SEATTLE, WA 98107, USA",47.6699937,-122.3879691
7295,"1531 MELROSE AVE, C1, SEATTLE, WA 98122, USA",,
7296,"14051 GREENWOOD AVE N, Seattle, WA 98133, USA",47.7321469,-122.3559535
7297,"601 S 3RD ST, D, RENTON, WA 98057, USA",,
7298,"1936 HARBOR AVE SW, SEATTLE, WA 98126, USA",47.5865489,-122.3764612
7299,"404 OCCIDENTAL AVE S, SEATTLE, WA 98104, USA",47.5989831,-122.332672
7300,"1719 SW ROXBURY ST, Seattle, WA 98106, USA",47.5172166,-122.3572825
7301,"6100 ROOSEVELT WAY NE, Seattle, WA 98115, USA",47.6728384,-122.3172082
7302,"803 SW 312TH ST, 101, Federal Way, WA 98023, USA",,
7303,"5506 22ND AVE NW, SEATTLE, WA 98107, USA",47.6689814,-122.3845935
7304,"7425 166TH AVE NE, C11, REDMOND, WA 98052, USA",,
7305,"23305 NE 14TH ST, SAMMAMISH, WA 98074, USA",47.6211107,-122.0273649
7306,"4922 S GENESEE ST, Seattle, WA 98118, USA",47.5642708,-122.270926
7307,"4114 W LAKE SAMMAMISH PKWY SE, Bellevue, WA 98008, USA",47.5701786,-122.1043779
7308,"15231 LAKE HILLS BLVD, Bellevue, WA 98007, USA",47.6018701,-122.1355249
7309,"1316 NE 43RD ST, Seattle, WA 98105, USA",47.6599101,-122.3135074
7310,"22850 NE 8TH ST, 101, SAMMAMISH, WA 98074, USA",,
7311,"740 228TH AVE NE, SAMMAMISH, WA 98074, USA",47.616317,-122.035355
7312,"100 140th AVE SE, BELLEVUE, WA 98005, USA",47.608882,-122.153391
7313,"100 140TH AVE SE, BELLEVUE, WA 98005, USA",47.608884,-122.153389
7314,"18065 REDMOND WAY, Redmond, WA 98052, USA",47.6648399,-122.0994434
7315,"8323 RAINIER AVE S, B, SEATTLE, WA 98118, USA",47.5287967,-122.2702885
7316,"31722 W EUGENE ST, 7, CARNATION, WA 98014, USA",,
7317,"9811 15TH AVE SW, SEATTLE, WA 98106, USA",47.5151715,-122.3544539
7318,"5341 BALLARD AVE NW, SEATTLE, WA 98107, USA",47.6672496,-122.3844573
7319,"13302 SE 240TH ST, Suite D2, KENT, WA 98042, USA",,
7320,"24615 75TH AVE SW, VASHON ISLAND, WA 98070, USA",,
7321,"8333 55th AVE NE, Seattle, WA 98115, USA",47.6890258,-122.2694381
7322,"8333 55TH AVE NE, SEATTLE, WA 98115, USA",47.6890258,-122.2694381
7323,"6208 60TH AVE NE, SEATTLE, WA 98115, USA",47.6738115,-122.2633855
7324,"5412 A SANDPOINT WAY NE, Seattle, WA 98105, USA",,
7325,"2200 4TH AVE S, SEATTLE, WA 98134, USA",47.5835775,-122.3286525
7326,"2659 148TH AVE SE, Bellevue, WA 98007, USA",47.587236,-122.1428688
7327,"14509 NE 20TH ST, Bellevue, WA 98007, USA",47.6271425,-122.1464394
7328,"1502 145TH PL SE, BELLEVUE, WA 98007, USA",47.5969871,-122.150063
7329,"473 N 36TH ST, SEATTLE, WA 98103, USA",47.6516224,-122.3525145
7330,"1812 SW MYRTLE ST, SEATTLE, WA 98106, USA",47.5399299,-122.3587896
7331,"1531 MELROSE AVE, Seattle, WA 98122, USA",47.6147612,-122.3280811
7332,"104 LAKE ST S, 100, KIRKLAND, WA 98033, USA",47.6753313,-122.2062816
7333,"453 106th AVE NE, Bellevue, WA 98004, USA",47.6143542,-122.1990252
7334,"7605 SE 27TH ST, #111, MERCER ISLAND, WA 98040, USA",47.5865745,-122.2366848
7335,"261 RAINIER AVE S, RENTON, WA 98057, USA",47.4858688,-122.2177765
7336,"12709 NE 124TH ST, KIRKLAND, WA 98034, USA",47.7099284,-122.1711175
7337,"1170 SUNSET BLVD NE, RENTON, WA 98056, USA",47.5011388,-122.1867907
7338,"9747 4TH AVE NW, Seattle, WA 98117, USA",47.7009621,-122.3628041
7339,"107 LAKE ST, KIRKLAND, WA 98033, USA",47.6761531,-122.2070947
7340,"6124 12th AVE S, SEATTLE, WA 98108, USA",47.5479487,-122.3171803
7341,"1325 NE 65TH ST, SEATTLE, WA 98115, USA",47.6757183,-122.3139586
7342,"106 CENTRAL WAY, Kirkland, WA 98033, USA",47.6765461,-122.2080093
7343,"11001 35TH AVE NE, Seattle, WA 98125, USA",47.7085644,-122.2912673
7344,"639 SW 152ND ST, BURIEN, WA 98166, USA",47.4666619,-122.343575
7345,"15920 NE 8TH ST, 2, BELLEVUE, WA 98008, USA",,
7346,"9641 15TH AVE SW, B, SEATTLE, WA 98106, USA",,
7347,"550 106TH AVE NE, STE 220, BELLEVUE, WA 98004, USA",,
7348,"2218 WESTERN AVE, Seattle, WA 98121, USA",47.6123872,-122.346538
7349,"955 6TH ST S, KIRKLAND, WA 98033, USA",47.6671692,-122.1968521
7350,"2600 SOUTHCENTER MALL, UNIT FC3, TUKWILA, WA 981882846, USA",,
7351,"1650 SW DASH POINT RD, FEDERAL WAY, WA 98023, USA",47.3228211,-122.3563391
7352,"332 Park AVE N, RENTON, WA 98057, USA",47.4876823,-122.2018291
7353,"1157 GRIFFIN AVE, ENUMCLAW, WA 98022, USA",47.2035532,-121.9891698
7354,"4511 S 360TH ST, AUBURN, WA 98001, USA",47.2774046,-122.2768361
7355,"19501 144TH AVE NE, F1100, WOODINVILLE, WA 98072, USA",,
7356,"18018 61ST AVE NE, KENMORE, WA 98028, USA",47.7591214,-122.2613898
7357,"31135 228TH AVE SE, BLACK DIAMOND, WA 98010, USA",47.3234614,-122.0401383
7358,"8455 S 212TH ST, Kent, WA 98031, USA",47.411432,-122.2266724
7359,"6719 15TH AVE NW, SEATTLE, WA 98117, USA",47.6782479,-122.3770519
7360,"26025 WOODLAND WAY S, Kent, WA 98030, USA",47.3682931,-122.2109792
7361,"708 N 34TH ST, SEATTLE, WA 98103, USA",47.6496206,-122.3492088
7362,"1130 E NORTH BEND WAY, North Bend, WA 98045, USA",47.487757,-121.7710342
7363,"4715 25TH AVE NE, Seattle, WA 98105, USA",47.663805,-122.3013426
7364,"10000 MAIN ST E, 103, BELLEVUE, WA 98004, USA",,
7365,"4029 E MADISON ST, Seattle, WA 98112, USA",47.6340776,-122.2802521
7366,"5802 24TH AVE NW, SEATTLE, WA 98107, USA",47.6710485,-122.3873231
7367,"20817 17TH AVE S, DES MOINES, WA 98198, USA",47.3611088,-122.3121354
7368,"1200 S 324TH ST, FEDERAL WAY, WA 98003, USA",47.3120154,-122.317756
7369,"4754 UNIVERSITY WAY NE, SEATTLE, WA 98105, USA",47.6646779,-122.3129388
7370,"234 E NORTH BEND WAY, NORTH BEND, WA 98045, USA",47.4941344,-121.783663
7371,"2320 1ST AVE, SEATTLE, WA 98121, USA",47.6139031,-122.3470666
7372,"5131 S Director ST, SEATTLE, WA 98118, USA",47.5215824,-122.2686562
7373,"9627 DES MOINES MEMORIAL DR S, Seattle, WA 98108, USA",47.5157339,-122.314775
7374,"1513 SW HOLDEN ST, Seattle, WA 98106, USA",47.5334565,-122.354658
7375,"2202 N 45TH ST, Seattle, WA 98103, USA",47.6615049,-122.332319
7376,"16850 INTERNATIONAL BLVD, Seattle, WA 98188, USA",,
7377,"3617 STONE WAY N, SEATTLE, WA 98103, USA",47.6509186,-122.343254
7378,"1001 NE BOAT ST, SEATTLE, WA 98105, USA",47.653431,-122.3181228
7379,"1368 SOUTHCENTER BLVD, TUKWILA, WA 98188, USA",47.4632653,-122.2495397
7380,"14603 14TH AVE SW, Seattle, WA 98166, USA",47.5182568,-122.3528835
7381,"601 UNION ST, 224 D, Seattle, WA 98101, USA",,
7382,"1437 NW RICHMOND BEACH RD, D, SHORELINE, WA 98177, USA",,
7383,"118 Broadway E, 1008A, Seattle, WA 98102, USA",,
7384,"205 108TH AVE NE, BELLEVUE, WA 98004, USA",47.6121373,-122.1963444
7385,"19260 28th AVE S, Seatac, WA 98188, USA",47.429255,-122.2973205
7386,"15804 DES MOINES MEMORIAL DR S, SEA TAC, WA 98148, USA",,
7387,"4603 S 188TH ST, Seattle, WA 98188, USA",,
7388,"20635 MILITARY RD S, SEA TAC, WA 98198, USA",,
7389,"15211 MILITARY RD S, SEATAC, WA 98188, USA",47.4666288,-122.2890361
7390,"16402 MILITARY RD S, SEATAC, WA 98188, USA",47.4559835,-122.2806792
7391,"20804 INTERNATIONAL BLVD, SEATAC, WA 98198, USA",47.415323,-122.2975103
7392,"19031 INTERNATIONAL BLVD, SEATAC, WA 98188, USA",47.4321581,-122.2964648
7393,"12728 Lake City WAY NE, Seattle, WA 98125, USA",47.722113,-122.29326
7394,"6830 NE BOTHELL WAY, A, KENMORE, WA 98028, USA",,
7395,"1111 13TH AVE, SEATTLE, WA 98122, USA",47.6121397,-122.3157859
7396,"1120 12TH AVE, SEATTLE, WA 98122, USA",47.6124017,-122.3163271
7397,"1201 E UNION ST, SEATTLE, WA 98122, USA",47.6126974,-122.3164125
7398,"17620 INTERNATIONAL BLVD, SEATAC, WA 98188, USA",47.4448695,-122.2941729
7399,"3201 S 176TH ST, SEATAC, WA 98188, USA",47.4442387,-122.2908319
7400,"1483 ALASKAN WAY, SEATTLE, WA 98101, USA",47.6076248,-122.3432202
7401,"701 5TH AVE, 104, SEATTLE, WA 98104, USA",,
7402,"1427 WESTERN AVE, SEATTLE, WA 98101, USA",47.6076325,-122.340606
7403,"1525 13TH AVE, kitchen 114, Seattle, WA 98122, USA",,
7404,"506 S KING ST, SEATTLE, WA 98104, USA",47.598475,-122.3273183
7405,"4505 University WAY NE, Seattle, WA 98105, USA",47.661458,-122.3133007
7406,"2445 4TH AVE S, Seattle, WA 98134, USA",47.5803928,-122.329585
7407,"4001 LEARY WAY NW, SEATTLE, WA 98107, USA",47.6562174,-122.3624099
7408,"1710 N 45TH ST, #3, SEATTLE, WA 98103, USA",,
7409,"2922 EASTLAKE AVE E, SEATTLE, WA 98102, USA",47.6477849,-122.3239496
7410,"18301 MILITARY RD S, Seattle, WA 98188, USA",47.5303474,-122.2943737
7411,"13410 NE 175TH ST, Woodinville, WA 98072, USA",47.7545612,-122.1598313
7412,"1535 PIKE PL, Seattle, WA 98101, USA",47.6088557,-122.3411459
7413,"1914 Occidental AVE S, SEATTLE, WA 98134, USA",47.5852072,-122.3327933
7414,"1222 S Weller ST, A&C, SEATTLE, WA 98144, USA",,
7415,"900 PINE ST, SEATTLE, WA 98101, USA",47.613663,-122.33195
7416,"2619 4TH AVE N, Seattle, WA 98109, USA",47.6435565,-122.3503661
7417,"17801 INTERNATIONAL BLVD, ConD, SEATAC, WA 98158, USA",,
7418,"1916 PIKE PL, 14, Seattle, WA 98101, USA",47.6102414,-122.3424868
7419,"314 E PIKE ST, SEATTLE, WA 98122, USA",47.6143237,-122.3271693
7420,"3014 3RD AVE N, SEATTLE, WA 98109, USA",47.6474828,-122.3510669
7421,"411 23RD AVE S, SEATTLE, WA 98144, USA",47.5989684,-122.302435
7422,"305 HARRISON ST, #225, Seattle, WA 98109, USA",,
7423,"210 NW 145TH ST, SEATTLE, WA 98177, USA",47.7353019,-122.362925
7424,"2040 WESTLAKE AVE N, SEATTLE, WA 98109, USA",47.6374749,-122.3398766
7425,"13700 AURORA AVE N, SEATTLE, WA 98133, USA",47.7289978,-122.3444404
7426,"808 HOWELL ST, SEATTLE, WA 98101, USA",47.6148202,-122.3345782
7427,"611 12TH AVE S, SEATTLE, WA 98144, USA",47.5970667,-122.3181818
7428,"501 2nd Ave W., #100, SEATTLE, WA 98119, USA",47.6224628,-122.3583483
7429,"10439 16TH AVE SW, A, SEATTLE, WA 98146, USA",,
7430,"16820 51ST AVE S, SeaTac, WA 98188, USA",47.4518508,-122.2691504
7431,"1257 A ST NE, D1257, AUBURN, WA 98002, USA",,
7432,"200 110TH AVE NE, BELLEVUE, WA 98004, USA",47.6127324,-122.1929603
7433,"7401 164TH AVE NE, REDMOND, WA 98052, USA",47.6711933,-122.1221736
7434,"1225 N 45TH ST, SEATTLE, WA 98103, USA",47.661252,-122.342911
7435,"4200 S MEAD ST, SEATTLE, WA 98118, USA",47.5506431,-122.2799124
7436,"2801 WESTERN AVE, E, SEATTLE, WA 98121, USA",47.616037,-122.3533168
7437,"224 FAIRVIEW AVE N, SEATTLE, WA 98109, USA",47.620331,-122.333978
7438,"1401 N 45TH ST, SEATTLE, WA 98103, USA",47.6612289,-122.3404661
7439,"2400 11TH AVE E, Seattle, WA 98102, USA",47.6416138,-122.317131
7440,"155 MERCER ST, Seattle, WA 98109, USA",47.6239275,-122.3536006
7441,"12325 LAKE CITY WAY NE, SEATTLE, WA 98125, USA",47.7181715,-122.2961705
7442,"2122 NE 65TH ST, SEATTLE, WA 98115, USA",47.6759086,-122.304101
7443,"1021 OCCIDENTAL AVE, SEATTLE, WA 98134, USA",47.5934567,-122.3334441
7444,"717 S MICHiGAN ST, SEATTLE, WA 98108, USA",47.546473,-122.324371
7445,"12 SEAHAWKS WAY, RENTON, WA 98056, USA",47.535872,-122.1980086
7446,"5508 35TH AVE NE, SEATTLE, WA 98105, USA",47.6688607,-122.2900138
7447,"4801 BEACON AVE S, Seattle, WA 98108, USA",47.559443,-122.3049638
7448,"1727 1ST AVE S, SEATTLE, WA 98134, USA",47.5874017,-122.334458
7449,"8009 LAKE CITY WAY NE, Seattle, WA 98115, USA",47.6872369,-122.3127993
7450,"5811 AIRPORT WAY S, SEATTLE, WA 98108, USA",47.5503921,-122.3182053
7451,"922 MCGILVRA BLVD E, SEATTLE, WA 98112, USA",47.6270093,-122.2811794
7452,"1700 E UNION ST, SEATTLE, WA 98122, USA",47.6136738,-122.3095593
7453,"1807 E HAMLIN ST, Seattle, WA 98112, USA",47.6453483,-122.3086059
7454,"1084 NE PARK DR, ISSAQUAH, WA 98029, USA",47.5441166,-122.0147094
7455,"109 OCCIDENTAL AVE S, SEATTLE, WA 98104, USA",47.6013242,-122.3331051
7456,"631 QUEEN ANNE AVE N, Seattle, WA 98109, USA",47.6255979,-122.3569441
7457,"4270 S MEAD ST, SEATTLE, WA 98118, USA",47.5505098,-122.2778498
7458,"34500 PACIFIC HWY S, Federal Way, WA 98003, USA",47.2921008,-122.3153043
7459,"22331 MARINE VIEW DR S, Des Moines, WA 98198, USA",47.400949,-122.3248887
7460,"9739 NE 119TH WAY, KIRKLAND, WA 98034, USA",47.7068082,-122.211428
7461,"554 BROADWAY, SEATTLE, WA 98122, USA",47.6070823,-122.3205359
7462,"6301 SEAVIEW AVE NW, SEATTLE, WA 98107, USA",47.6743682,-122.4066469
7463,"97 MARION ST, SEATTLE, WA 98101, USA",47.6037899,-122.3357349
7464,"2213 NW MARKET ST, SEATTLE, WA 98107, USA",47.6685077,-122.385403
7465,"1630 DUVALL AVE NE, #A01, RENTON, WA 98059, USA",,
7466,"11900 NE VILLAGE PLZ, 156, KIRKLAND, WA 98034, USA",,
7467,"14013 NE WOODINVILLE DUVALL RD, WOODINVILLE, WA 98072, USA",47.753405,-122.1521557
7468,"17100 SOUTHCENTER PKWY, 108, SEATTLE, WA 98188, USA",,
7469,"10212 NE 8th ST, BELLEVUE, WA 98004, USA",47.6177594,-122.2040479
7470,"438 RAMSAY WAY, 107, KENT, WA 98032, USA",,
7471,"1502 RAILROAD ST, ENUMCLAW, WA 98022, USA",47.2028021,-121.9895953
7472,"3310 E LAKE SAMMAMISH PKWY SE, F, SAMMAMISH, WA 98075, USA",,
7473,"12325 ROOSEVELT WAY NE, SEATTLE, WA 98125, USA",47.7185005,-122.3185455
7474,"1910 1ST AVE, SEATTLE, WA 98101, USA",47.610692,-122.3416616
7475,"10451 NE 2nd ST, Bellevue, WA 98004, USA",47.6118903,-122.2009537
7476,"2601 E YESLER WAY, Seattle, WA 98122, USA",47.601502,-122.2987438
7477,"2307 NW MARKET ST, SEATTLE, WA 98107, USA",47.6685293,-122.3865657
7478,"3114 NE 125TH ST, Seattle, WA 98125, USA",47.7193571,-122.2949129
7479,"3116 NE 125TH ST, SEATTLE, WA 98125, USA",47.719357,-122.2948933
7480,"600 PINE ST, 406, SEATTLE, WA 98101, USA",47.6128009,-122.3354984
7481,"33120 PACIFIC HWY S, FEDERAL WAY, WA 98003, USA",47.3047765,-122.3126103
7482,"31217 PACIFIC HWY S, D102, FEDERAL WAY, WA 98003, USA",,
7483,"13706 100TH AVE NE, KIRKLAND, WA 98034, USA",47.723596,-122.207203
7484,"722 12TH AVE, SEATTLE, WA 98122, USA",47.6087113,-122.3165568
7485,"11838 NE 112th ST, KIRKLAND, WA 98033, USA",47.7017474,-122.1828974
7486,"2560 152ND AVE NE, #N, REDMOND, WA 98052, USA",,
7487,"2016 S 320TH ST, FEDERAL WAY, WA 98003, USA",47.3165988,-122.3070734
7488,"33310 PACIFIC HWY S, Federal Way, WA 98003, USA",47.3022816,-122.312138
7489,"954 E UNION ST, 101, SEATTLE, WA 98122, USA",,
7490,"12600 120TH AVE NE, F#146, KIRKLAND, WA 98034, USA",47.7132005,-122.1795077
7491,"406 BROADWAY E, SEATTLE, WA 98102, USA",47.6222063,-122.3207127
7492,"31406 PACIFIC HWY S, FEDERAL WAY, WA 98003, USA",47.3205128,-122.3128975
7493,"18230 E VALLEY HWY, #166, KENT, WA 98032, USA",47.4385839,-122.220247
7494,"3425 S 360TH ST, AUBURN, WA 98001, USA",47.2777133,-122.2881887
7495,"2043 EASTLAKE AVE E, Seattle, WA 98102, USA",47.6380666,-122.326077
7496,"129900 SE KENT-KANGLEY RD, KENT, WA 98030, USA",47.3616084,-122.1727203
7497,"3222 MCGRAW ST W, A, SEATTLE, WA 98199, USA",,
7498,"136 WASHINGTON AVE N, Kent, WA 98032, USA",47.3819518,-122.246784
7499,"12540 120TH AVE NE, 122, KIRKLAND, WA 98034, USA",,
7500,"5118 14TH AVE NW, SEATTLE, WA 98107, USA",47.6662851,-122.3732053
7501,"805 AUBURN WAY S, AUBURN, WA 98002, USA",47.3001889,-122.2246919
7502,"456 N 36th ST, SEATTLE, WA 98103, USA",47.6521396,-122.353006
7503,"2007 NE RAVENNA BLVD, Seattle, WA 98105, USA",47.6691077,-122.3060538
7504,"5320 108TH AVE NE, Kirkland, WA 98033, USA",47.6563237,-122.1957167
7505,"9436 RAINIER AVE S, SEATTLE, WA 98118, USA",47.5202815,-122.2633684
7506,"960 HARRINGTON AVE NE, B, RENTON, WA 98056, USA",,
7507,"3280 SW AVALON WAY, Seattle, WA 98126, USA",47.5644568,-122.3757251
7508,"627 156TH AVE SE, BELLEVUE, WA 98007, USA",47.6046109,-122.1324554
7509,"1816 S 320th ST, FEDERAL WAY, WA 98003, USA",47.316861,-122.3101465
7510,"2720 152ND AVE NE, 130, REDMOND, WA 98052, USA",,
7511,"22620 SWEENEY RD SE, Maple Valley, WA 98038, USA",,
7512,"4458 CALIFORNIA AVE SW, SEATTLE, WA 98116, USA",47.5629874,-122.3865862
7513,"26032 PACIFIC HWY S, KENT, WA 98032, USA",47.3678725,-122.3023873
7514,"2285 140TH AVE NE, BELLEVUE, WA 98005, USA",47.630756,-122.1551768
7515,"18012 68TH AVE S, #104, KENT, WA 98032, USA",,
7516,"4106 BROOKLYN AVE NE, 101 A, Seattle, WA 98105, USA",,
7517,"2115 WESTLAKE AVE, SEATTLE, WA 98121, USA",47.6170156,-122.338426
7518,"300 PETER KIRK LN, G, KIRKLAND, WA 98033, USA",,
7519,"2580 NE UNIVERSITY VILLAGE ST, SEATTLE, WA 98105, USA",47.6635304,-122.2997783
7520,"2600 SOUTHCENTER MALL, FC15, TUKWILA, WA 98188, USA",,
7521,"503 BELLEVUE WAY NE, Bellevue, WA 98004, USA",47.6163433,-122.2019456
7522,"6855 176TH AVE NE, 255, REDMOND, WA 98052, USA",,
7523,"16425 NE 80TH ST, REDMOND, WA 98052, USA",47.6745186,-122.1204535
7524,"30800 3RD AVE, BLACK DIAMOND, WA 98010, USA",47.3257749,-122.0079015
7525,"538 1ST AVE S, Seattle, WA 98104, USA",47.597148,-122.3336988
7526,"2245 140TH AVE NE, Bellevue, WA 98005, USA",47.6298587,-122.1558632
7527,"12821 SE 38TH ST, BELLEVUE, WA 98006, USA",47.5757319,-122.1682765
7528,"14150 NE 20TH ST, C, BELLEVUE, WA 98007, USA",,
7529,"23609 PACIFIC HWY S, B, DES MOINES, WA 98198, USA",,
7530,"911 N 10TH PL, B, RENTON, WA 98057, USA",47.4982882,-122.2030892
7531,"17039 SE 272ND ST, Unit 118, COVINGTON, WA 98042, USA",,
7532,"7325 166TH AVE NE, Redmond, WA 98052, USA",47.6697548,-122.1196962
7533,"18931 BOTHELL WAY NE, BOTHELL, WA 98011, USA",47.765661,-122.211281
7534,"651 S KING ST, Seattle, WA 98104, USA",47.5982368,-122.3248828
7535,"8334 RAINIER AVE S, 101, SEATTLE, WA 98118, USA",,
7536,"6256 3RD AVE NW, SEATTLE, WA 98107, USA",47.6757842,-122.3604925
7537,"18427 INTERNATIONAL BLVD, SEATAC, WA 98188, USA",47.4371937,-122.2961254
7538,"5300 15TH AVE NW, SEATTLE, WA 98107, USA",47.6675023,-122.3759117
7539,"2236 32ND AVE W, Seattle, WA 98199, USA",47.6392559,-122.397847
7540,"4337 UNIVERSITY WAY NE, Seattle, WA 98105, USA",47.6609002,-122.3133202
7541,"5241 UNIVERSITY WAY NE, SEATTLE, WA 98105, USA",47.6676256,-122.3132962
7542,"3820 RAINIER AVE S, E, Seattle, WA 98118, USA",,
7543,"12716 LAKE CITY WAY NE, #B, SEATTLE, WA 98125, USA",,
7544,"1620 BROADWAY AVE, F, SEATTLE, WA 98122, USA",,
7545,"229 S 4TH PL, #B, RENTON, WA 98057, USA",47.476599,-122.214113
7546,"7425 166TH AVE NE, C140, REDMOND, WA 98052, USA",47.6705931,-122.119087
7547,"5407 20th AVE NW, Seattle, WA 98107, USA",47.6683596,-122.3823124
7548,"11510 124TH AVE NE, KIRKLAND, WA 98033, USA",47.7032353,-122.1752845
7549,"3601 FREMONT AVE N, 202, SEATTLE, WA 98103, USA",47.6515569,-122.350184
7550,"508 2ND AVE, SEATTLE, WA 98104, USA",47.6019851,-122.331971
7551,"7420 SE 24TH ST, STE 3, MERCER ISLAND, WA 98040, USA",47.5893815,-122.2394722
7552,"23220 MAPLE VALLEY HWY SE, 10, MAPLE VALLEY, WA 98038, USA",,
7553,"15744 AURORA AVE N, SHORELINE, WA 98133, USA",47.74476,-122.3448789
7554,"17401 133RD AVE NE, Suite 1002, WOODINVILLE, WA 98072, USA",,
7555,"14645 INTERNATIONAL BLVD, TUKWILA, WA 98168, USA",47.4719904,-122.2856447
7556,"4580 FAUNTLEROY WAY SW, SEATTLE, WA 98126, USA",47.5612848,-122.3808591
7557,"29625 PACIFIC HWY S, Federal Way, WA 98003, USA",47.336348,-122.3128423
7558,"210 NE 45TH ST, Seattle, WA 98105, USA",47.6616784,-122.3267979
7559,"11346 LAKE CITY WAY NE, Seattle, WA 98125, USA",47.7118072,-122.2990974
7560,"17642 1ST AVE S, BURIEN, WA 98148, USA",47.4442386,-122.333736
7561,"13433 NE 20th ST, BELLEVUE, WA 98005, USA",47.6277243,-122.1598636
7562,"1400 6TH AVE, Seattle, WA 98101, USA",47.611069,-122.334003
7563,"1400 6TH AVE, SEATTLE, WA 98101, USA",47.611069,-122.334003
7564,"15348 BOTHELL WAY NE, APT G, LAKE FOREST PARK, WA 98155, USA",,
7565,"16411 NE 24TH ST, BELLEVUE, WA 98008, USA",47.6304223,-122.1209312
7566,"34600 12TH AVE SW, Federal Way, WA 98023, USA",47.29207,-122.3498469
7567,"4912 LEARY AVE NW, SEATTLE, WA 98107, USA",47.6645577,-122.3792514
7568,"4 W ROY ST, Seattle, WA 98119, USA",47.625796,-122.3569066
7569,"5310 BALLARD AVE NW, SEATTLE, WA 98107, USA",47.666768,-122.3833786
7570,"7001 SEAVIEW AVE NW, #100, Seattle, WA 98117, USA",,
7571,"2020 148TH AVE NE, REDMOND, WA 98052, USA",47.6281559,-122.1429674
7572,"17100 SOUTHCENTER PKWY, N120, Tukwila, WA 98188, USA",,
7573,"2401 2ND AVE AVE, Seattle, WA 98121, USA",,
7574,"1251 1ST AVE S, SEATTLE, WA 98134, USA",47.5908891,-122.3345473
7575,"300 RAINIER AVE S, RENTON, WA 98057, USA",47.479663,-122.216916
7576,"1123 M L KING JR WAY, SEATTLE, WA 98122, USA",,
7577,"2301 5TH AVE, 102, SEATTLE, WA 98121, USA",47.6161115,-122.3435677
7578,"1300 1st AVE, SEATTLE, WA 98010, USA",,
7579,"346 15TH AVE E, SEATTLE, WA 98112, USA",47.6219057,-122.312493
7580,"15345 25th AVE NE, SHORELINE, WA 98155, USA",47.7399707,-122.302143
7581,"15343 25TH AVE NE, SHORELINE, WA 98155, USA",47.7414346,-122.3040802
7582,"1554 NE 145TH ST, SHORELINE, WA 98155, USA",47.7342435,-122.3104106
7583,"15505 WESTMINSTER WAY N, SHORELINE, WA 98133, USA",47.7426683,-122.349859
7584,"125 NE 185TH ST, SHORELINE, WA 98155, USA",47.7629064,-122.3291568
7585,"14625 15TH AVE NE, SHORELINE, WA 98155, USA",47.7355697,-122.3134479
7586,"2003 NE 160TH ST, SHORELINE, WA 98155, USA",47.7445754,-122.3059841
7587,"17300 FREMONT AVE N, SHORELINE, WA 98133, USA",47.7541361,-122.3490555
7588,"2725 SW 116TH ST, BURIEN, WA 98146, USA",47.4985677,-122.3680867
7589,"10455 26TH AVE SW, Seattle, WA 98146, USA",47.5084447,-122.3661377
7590,"2316 2ND AVE, SEATTLE, WA 98121, USA",47.6145079,-122.3460868
7591,"3139 W GOVERMENT WAY, SEATTLE, WA 98199, USA",,
7592,"4628 S 144TH ST, SEATTLE, WA 98168, USA",,
7593,"1700 1ST AVE S, SEATTLE, WA 98134, USA",47.5880461,-122.333928
7594,"1426 1ST AVE, SEATTLE, WA 98101, USA",47.6085136,-122.3394726
7595,"7801 DETROIT AVE SW, SEATTLE, WA 98106, USA",47.5362465,-122.3391573
7596,"5445 DELRIDGE WAY SW, SEATTLE, WA 98106, USA",47.5522742,-122.3632822
7597,"12077 124TH AVE NE, Kirkland, WA 98034, USA",47.7070623,-122.1766548
7598,"12 BELLEVUE WAY SE, Bellevue, WA 98004, USA",47.6099083,-122.2010417
7599,"3800A CALIFORNIA AVE SW, SEATTLE, WA 98116, USA",47.5933728,-122.3868763
7600,"4114 UNIVERSITY WAY NE, Seattle, WA 98105, USA",47.6573018,-122.3130587
7601,"1500 PIKE PL, Seattle, WA 98101, USA",47.6090142,-122.3406549
7602,"400 SE ORCHARD DR, NORTH BEND, WA 98045, USA",47.4904673,-121.7846785
7603,"1629 EASTLAKE AVE E, SEATTLE, WA 98102, USA",47.6346013,-122.3255461
7604,"2010 148TH AVE NE, #210, REDMOND, WA 98052, USA",,
7605,"1048 S JACKSON ST, SEATTLE, WA 98104, USA",47.5994789,-122.3175089
7606,"15 LAKE ST, 201, KIRKLAND, WA 98033, USA",47.6760144,-122.2070189
7607,"18129 BOTHELL WAY, BOTHELL, WA 98011, USA",47.7600607,-122.2082818
7608,"17255 135TH AVE NE, 1020, WOODINVILLE, WA 98072, USA",,
7609,"10700 SE 208TH ST, 202, Kent, WA 98031, USA",,
7610,"12325 Lake City WAY NE, SEATTLE, WA 98125, USA",47.7181715,-122.2961705
7611,"14800 STARFIRE WAY, TUKWILA, WA 98188, USA",47.4700885,-122.2493813
7612,"2501 UNION AVE NE, Renton, WA 98059, USA",47.5144522,-122.1667285
7613,"511 QUEEN ANNE AVE N, Seattle, WA 98109, USA",47.6234806,-122.3571073
7614,"10231 16TH AVE SW, SEATTLE, WA 98146, USA",47.5108865,-122.3554734
7615,"18808 142ND AVE NE, 5B, WOODINVILLE, WA 98072, USA",,
7616,"8086 RAILROAD AVE SE, SNOQUALMIE, WA 98065, USA",47.5280037,-121.8244669
7617,"4506 17TH AVE NE, Seattle, WA 98105, USA",47.6615575,-122.3092175
7618,"4510 22ND AVE NE, SEATTLE, WA 98105, USA",47.6615546,-122.3044269
7619,"1616 NE 47TH ST, SEATTLE, WA 98105, USA",47.6632746,-122.310059
7620,"1100 BROADWAY, SEATTLE, WA 98122, USA",47.6114544,-122.32052
7621,"1150 FAIRVIEW AVE N, SEATTLE, WA 98109, USA",47.6297447,-122.3290814
7622,"1750 152ND AVE NE, Bellevue, WA 98007, USA",47.6254387,-122.1375682
7623,"1310 SW 325TH PL, Federal Way, WA 98023, USA",47.3104298,-122.3524259
7624,"23525 NE NOVELTY HILL RD, REDMOND, WA 98053, USA",47.6998486,-122.0241028
7625,"2101 N 45TH ST, Seattle, WA 98103, USA",47.6612769,-122.333602
7626,"12540 120TH AVE NE, 118, KIRKLAND, WA 98034, USA",,
7627,"5704 E LAKE SAMMAMISH PKWY SE, ISSAQUAH, WA 98029, USA",47.5508432,-122.0431197
7628,"19501 144TH AVE NE, F1200, WOODINVILLE, WA 98072, USA",,
7629,"12815 SE 38TH ST, BELLEVUE, WA 98006, USA",47.5757389,-122.1685703
7630,"4213 UNIVERSITY WAY NE, Seattle, WA 98105, USA",47.658756,-122.3133633
7631,"33328 NE STOSSEL CREEK WAY, Duvall, WA 98019, USA",,
7632,"2321 S JACKSON ST, SEATTLE, WA 98144, USA",47.598978,-122.3013024
7633,"2909 E MADISON ST, SEATTLE, WA 98112, USA",47.624072,-122.2948805
7634,"235 STRANDER BLVD, #140, TUKWILA, WA 98188, USA",,
7635,"4202 AUBURN WAY N, AUBURN, WA 98002, USA",47.3445241,-122.2218749
7636,"3526 FREMONT PL N, Seattle, WA 98103, USA",47.6512954,-122.3507248
7637,"4605 NE 4TH ST, RENTON, WA 98059, USA",47.4881885,-122.1572145
7638,"6400 24TH AVE NW, UNIT C-2, SEATTLE, WA 98107, USA",,
7639,"611 SUMMIT AVE E, SEATTLE, WA 98102, USA",47.624673,-122.325476
7640,"4529 UNIVERSITY WAY NE, Seattle, WA 98105, USA",47.6621683,-122.313457
7641,"5001 BROOKLYN AVE NE, SEATTLE, WA 98105, USA",47.6651233,-122.3145514
7642,"11308 NE 124TH ST, KIRKLAND, WA 98034, USA",47.7115811,-122.190201
7643,"108 FRONT ST N, ISSAQUAH, WA 98027, USA",47.5315491,-122.03637
7644,"16595 REDMOND WAY, E5, REDMOND, WA 98052, USA",,
7645,"327 WILLIAMS AVE S, RENTON, WA 98057, USA",47.4787316,-122.2068083
7646,"109 PARK LN, KIRKLAND, WA 98033, USA",47.6759477,-122.20625
7647,"1612 N 45TH ST, SEATTLE, WA 98103, USA",47.6616253,-122.3385422
7648,"15355 SE 30TH PL, Bellevue, WA 98007, USA",47.5836102,-122.1370977
7649,"544 ELLIOTT AVE W, Seattle, WA 98119, USA",47.6244437,-122.3650686
7650,"12805 1ST AVE S, #D, BURIEN, WA 98168, USA",,
7651,"12541 116TH AVE NE, Kirkland, WA 98034, USA",47.7124407,-122.187793
7652,"2500 WESTERN AVE, 17, SEATTLE, WA 98121, USA",,
7653,"108 W ROY ST, Seattle, WA 98119, USA",47.6258319,-122.3585581
7654,"1313 NE 42ND ST, SEATTLE, WA 98105, USA",47.6582163,-122.3136866
7655,"500 9TH AVE N, 150, SEATTLE, WA 98109, USA",47.6239938,-122.3390169
7656,"10438 NE 10TH ST, Bellevue, WA 98004, USA",47.6194168,-122.2004218
7657,"18230 EAST VALLEY HWY, KENT, WA 98032, USA",47.4384511,-122.2200873
7658,"728 SOUTHCENTER MALL, FC#7 (Sizzle&Crunch), Tukwila, WA 98188, USA",,
7659,"5429 BALLARD AVE NW, SEATTLE, WA 98107, USA",47.668145,-122.3858361
7660,"77 SPRING ST, Seattle, WA 98104, USA",47.604934,-122.337683
7661,"14111 NE 24TH ST, BELLEVUE, WA 98007, USA",47.6312269,-122.1513771
7662,"2800 E MADISON ST, 101, SEATTLE, WA 98112, USA",,
7663,"17801 INTERNATIONAL BLVD, N18, SEATAC, WA 98158, USA",,
7664,"6811 S 204TH ST, 195, KENT, WA 98032, USA",47.4184324,-122.2477798
7665,"6811 S 204th ST, 195, KENT, WA 98032, USA",47.4184324,-122.2477798
7666,"17801 INTERNATIONAL BLVD, NS-13, SEATAC, WA 98158, USA",,
7667,"147 5TH ST N, SKYKOMISH, WA 98288, USA",47.7110289,-121.3615485
7668,"18528 AURORA AVE N, SHORELINE, WA 98133, USA",47.7651055,-122.3447605
7669,"19151 144TH AVE NE, G, WOODINVILLE, WA 98072, USA",,
7670,"102 RAILROAD AVE E, SKYKOMISH, WA 98288, USA",47.709629,-121.3576237
7671,"701 5TH AVE, 7340, SEATTLE, WA 98104, USA",,
7672,"455 ANDOVER PARK E, TUKWILA, WA 98188, USA",47.451687,-122.251816
7673,"1635 QUEEN ANNE AVE N, SEATTLE, WA 98109, USA",47.6346079,-122.3573807
7674,"17338 INTERNATIONAL BLVD, SEATAC, WA 98188, USA",47.447014,-122.2953722
7675,"100 RAILROAD AVE, Skykomish, WA 98288, USA",47.709221,-121.361727
7676,"3803 DELRIDGE WAY SW, SEATTLE, WA 98106, USA",47.5696986,-122.3624899
7677,"1122 228TH AVE SE, SAMMAMISH, WA 98075, USA",47.5999351,-122.0324705
7678,"11655 RENTON AVE S, SEATTLE, WA 98178, USA",47.4973192,-122.2485009
7679,"11656 68TH AVE S, SEATTLE, WA 98178, USA",47.4963383,-122.2484334
7680,"7421 S 126TH ST, Seattle, WA 98178, USA",47.4909709,-122.2405577
7681,"926 12TH AVE, SEATTLE, WA 98122, USA",47.6111745,-122.3164747
7682,"35109 SE FISH HATCHERY RD, FALL CITY, WA 98024, USA",47.5586479,-121.8783292
7683,"20406 INTERNATIONAL BLVD, SEATAC, WA 98198, USA",47.4183381,-122.296243
7684,"3861 1ST AVE S, B, SEATTLE, WA 98134, USA",,
7685,"14450 WOODINVILLE REDMOND RD NE, 105, WOODINVILLE, WA 98072, USA",,
7686,"10727 SE CARR RD, RENTON, WA 98055, USA",47.4450053,-122.1979156
7687,"851 RAINIER AVE S, SEATTLE, WA 98144, USA",47.5943539,-122.3109244
7688,"5411 BALLARD AVE NW, SEATTLE, WA 98107, USA",47.6677273,-122.385196
7689,"400 Pine ST, 214, Seattle, WA 98101, USA",,
7690,"700 DEXTER AVE N, 236, SEATTLE, WA 98109, USA",,
7691,"4701 BROOKLYN AVE NE, SEATTLE, WA 98105, USA",47.6632829,-122.3145647
7692,"203 S 2ND ST, A & B, RENTON, WA 98057, USA",,
7693,"4225 PRESTON FALL CITY RD SE, FALL CITY, WA 98024, USA",47.5666292,-121.8883224
7694,"10225 SE 256TH ST, KENT, WA 98030, USA",47.3721986,-122.2038699
7695,"6017 AIRPORT WAY S, SEATTLE, WA 98108, USA",47.5488214,-122.316645
7696,"626 SW 152ND ST, A, BURIEN, WA 98166, USA",,
7697,"7101 M L KING JR WAY S, 107, Seattle, WA 98118, USA",,
7698,"19495 144TH AVE NE, B240, WOODINVILLE, WA 98072, USA",,
7699,"6411 LATONA AVE NE, SEATTLE, WA 98115, USA",47.6755809,-122.3256061
7700,"332 15TH AVE E, Seattle, WA 98112, USA",47.6215351,-122.312523
7701,"17801 INTERNATIONAL BLVD S, SS-00, SEATAC, WA 98158, USA",,
7702,"32721 RAILROAD AVE, BLACK DIAMOND, WA 98010, USA",47.3077012,-122.0067017
7703,"38600 SE KING ST, Snoqualmie, WA 98065, USA",47.5287202,-121.826238
7704,"12806 1ST AVE S, SEATTLE, WA 98168, USA",47.5228934,-122.3348648
7705,"3111 W MCGRAW ST, #103, SEATTLE, WA 98199, USA",47.639223,-122.3976471
7706,"613 S 3RD ST, #B, RENTON, WA 98057, USA",,
7707,"15217 6TH AVE SW, BURIEN, WA 98166, USA",47.4662905,-122.3420842
7708,"3650 W LAKE SAMMAMISH PKWY NE, REDMOND, WA 98052, USA",47.6420016,-122.1034166
7709,"110 110th AVE NE, Bellevue, WA 98004, USA",47.6111261,-122.1934884
7710,"4500 CALIFORNIA AVE SW, SEATTLE, WA 98116, USA",47.5627446,-122.3865672
7711,"8917 ROOSEVELT WAY NE, Seattle, WA 98115, USA",47.6936038,-122.3178985
7712,"7713 CENTER BLVD SE, 150, SNOQUALMIE, WA 98065, USA",,
7713,"8200 RAILROAD AVE SE, Snoqualmie, WA 98065, USA",47.5270471,-121.8236515
7714,"108 N SYDNEY ST, North Bend, WA 98045, USA",,
7715,"8250 RAILROAD AVE SE, SNOQUALMIE, WA 98065, USA",47.5263717,-121.8230693
7716,"39801 SE PARK ST, Snoqualmie, WA 98065, USA",47.5225031,-121.8106896
7717,"8032 FALLS AVE SE, SNOQUALMIE, WA 98065, USA",47.5284931,-121.8241411
7718,"8102 RAILROAD AVE SE, Snoqualmie, WA 98065, USA",47.527852,-121.8243874
7719,"35228 SNOQUALMIE PKWY, SNOQUALMIE, WA 98065, USA",47.5294967,-121.8700993
7720,"8030 RAILROAD AVE SE, Snoqualmie, WA 98065, USA",47.5285118,-121.824638
7721,"9200 RAILROAD AVE SE, Snoqualmie, WA 98065, USA",47.5198423,-121.813217
7722,"36005 SE RIDGE ST, Snoqualmie, WA 98065, USA",47.5354722,-121.8598966
7723,"35221 SE DOUGLAS ST, SNOQUALMIE, WA 98065, USA",47.5251688,-121.870097
7724,"750 E NORTH BEND WAY, NORTH BEND, WA 98045, USA",47.4916826,-121.7764713
7725,"4260 23RD AVE W, SEATTLE, WA 98199, USA",47.6593434,-122.3855904
7726,"2800 SOUTHCENTER MALL, K2688, Tukwila, WA 98188, USA",,
7727,"1646 123rd AVE NE, Bellevue, WA 98005, USA",47.6166218,-122.1764947
7728,"1646 123RD AVE NE, BELLEVUE, WA 98005, USA",47.6151012,-122.1762855
7729,"915 NW 45TH ST, Seattle, WA 98107, USA",47.6602178,-122.368369
7730,"1075 BELLEVUE WAY NE, B1, BELLEVUE, WA 98004, USA",,
7731,"5264 UNIVERSITY WAY NE, SEATTLE, WA 98105, USA",47.6683152,-122.312828
7732,"32210 PACIFIC HWY S, M40, FEDERAL WAY, WA 98003, USA",47.3128715,-122.3128954
7733,"827 N 10TH PL, #B, RENTON, WA 98057, USA",47.4981509,-122.2039244
7734,"33324 PACIFIC HWY S, #203, FEDERAL WAY, WA 98003, USA",,
7735,"15920 NE 8TH ST, #7-8, BELLEVUE, WA 98008, USA",,
7736," SEA-TAC AIRPORT, S Sat, SEATTLE, WA 98158, USA",,
7737,"24705 38TH AVE S, KENT, WA 98032, USA",47.3798437,-122.2852807
7738,"1999 MINOR AVE, SEATTLE, WA 98121, USA",47.618236,-122.3331
7739,"1914 1ST AVE, 108, SEATTLE, WA 98101, USA",,
7740,"1212 PINE ST, Seattle, WA 98101, USA",47.6152515,-122.3283645
7741,"17551 15TH AVE NE, SHORELINE, WA 98155, USA",47.7571383,-122.3137615
7742,"1818 E MADISON ST, SEATTLE, WA 98122, USA",47.6168761,-122.3078193
7743,"3317 5TH AVE W, SEATTLE, WA 98119, USA",47.6498531,-122.363926
7744,"750 HOUSER WAY, Renton, WA 98057, USA",47.4783152,-122.2078385
7745," SEATAC CONCOURSE A, SEATTLE, WA 98158, USA",,
7746,"3307 3RD AVE W, Seattle, WA 98119, USA",47.6488676,-122.3619664
7747,"7215 SANDPOINT WAY NE, Seattle, WA 98115, USA",,
7748,"901 OCCIDENTAL AVE S, SEATTLE, WA 98104, USA",47.5946646,-122.3334028
7749,"7289 W LAKE SAMMAMISH PKWY NE, REDMOND, WA 98052, USA",47.6692119,-122.1304187
7750,"2420 1ST AVE S, SEATTLE, WA 98134, USA",47.5811287,-122.333959
7751,"24228 104TH AVE SE, 105, KENT, WA 98030, USA",,
7752,"1918 E YESLER WAY, A, SEATTLE, WA 98122, USA",47.6017892,-122.306579
7753,"1209 AUBURN WAY N, AUBURN, WA 98002, USA",47.3188938,-122.2219264
7754,"10423 SE 240TH ST, Kent, WA 98031, USA",47.3866663,-122.2012571
7755,"425 URBAN PLAZA, 285, KIRKLAND, WA 98033, USA",47.6779107,-122.1986062
7756,"607 SUMMIT AVE E, SEATTLE, WA 98102, USA",47.6245856,-122.3254752
7757,"13350 SE 26TH ST, BELLEVUE, WA 98005, USA",47.5881792,-122.1638916
7758,"200 ROY ST, 104, SEATTLE, WA 98109, USA",,
7759,"1409 NE 45TH ST NE, SEATTLE, WA 98105, USA",,
7760,"17633 1ST AVE S, SEATTLE, WA 98148, USA",47.5228934,-122.3348648
7761,"1414 MONROE AVE NE, RENTON, WA 98056, USA",47.5053896,-122.1729607
7762,"2604 1ST AVE, SEATTLE, WA 98121, USA",47.6155028,-122.3497647
7763,"14100 SOMERSET BLVD SE, Bellevue, WA 98006, USA",47.5632098,-122.1518101
7764,"14701 NE 20TH ST, M-11, BELLEVUE, WA 98007, USA",,
7765,"555 SOUTHCENTER MALL, TUKWILA, WA 98188, USA",47.4586707,-122.2595806
7766,"2236 EASTLAKE AVE E, SEATTLE, WA 98102, USA",47.6393506,-122.325512
7767,"200 SW 19TH ST, RENTON, WA 98057, USA",47.463267,-122.221032
7768,"26046 116TH AVE SE, KENT, WA 98030, USA",47.3675837,-122.1860213
7769,"5901 RAINIER AVE S, Seattle, WA 98118, USA",47.5496208,-122.2773388
7770,"1819 W MEEKER ST, Kent, WA 98032, USA",47.3814934,-122.2596484
7771,"5001 AUBURN WAY N, A & B, AUBURN, WA 98002, USA",,
7772,"23846 SE KENT KANGLEY RD, #E-11, MAPLE VALLEY, WA 98038, USA",,
7773,"1919 1ST AVE, Seattle, WA 98101, USA",47.6105623,-122.3420767
7774,"12651 SE 218TH PL, KENT, WA 98031, USA",47.4060882,-122.1717719
7775,"7500 35TH AVE NE, Seattle, WA 98115, USA",47.6831682,-122.290253
7776,"7314 GREENWOOD AVE N, SEATTLE, WA 98103, USA",47.682265,-122.355108
7777,"2348 CALIFORNIA AVE SW, SEATTLE, WA 98116, USA",47.58154,-122.3862169
7778,"7729 24TH AVE NW, Seattle, WA 98117, USA",47.6858525,-122.3878316
7779,"11754 15TH AVE NE, SEATTLE, WA 98125, USA",47.7156625,-122.3120688
7780,"14471 WOODINVILLE-REDMOND RD NE, Woodinville, WA 98072, USA",47.7324852,-122.1419563
7781,"5301 NE 4TH ST, RENTON, WA 98059, USA",47.4882396,-122.1481272
7782,"14615 SE 22nd ST, BELLEVUE, WA 98007, USA",47.5903972,-122.1448717
7783,"6059 Martin Luther King Jr WAY S, SEATTLE, WA 98118, USA",47.5463412,-122.2863282
7784,"1916 PIKE PL, 11, SEATTLE, WA 98101, USA",,
7785,"15748 REDMOND WAY, REDMOND, WA 98052, USA",47.6742557,-122.1301778
7786,"2400 E Valley RD, RENTON, WA 98058, USA",47.4573833,-122.2174025
7787,"1800 E YESLER WAY, SEATTLE, WA 98122, USA",47.6018074,-122.3087429
7788,"1600 E OLIVE ST, Seattle, WA 98122, USA",47.6167403,-122.3111117
7789,"701 5TH AVE, 114, SEATTLE, WA 98104, USA",,
7790,"3417 EVANSTON AVE N, 102, SEATTLE, WA 98103, USA",47.6506413,-122.3514784
7791,"17801 INTERNATIONAL BLVD, Main, SEATAC, WA 98158, USA",,
7792,"14303 436TH AVE SE, NORTH BEND, WA 98045, USA",,
7793,"1317 HARVEY RD, AUBURN, WA 98002, USA",47.3197856,-122.2202258
7794,"8819 14TH AVE S, Seattle, WA 98108, USA",47.5241065,-122.3154556
7795,"18613 INTERNATIONAL BLVD, B2, SEATAC, WA 98188, USA",,
7796,"4800 S HENDERSON ST, SEATTLE, WA 98118, USA",47.5241013,-122.2719562
7797,"8611 14th AVE S, SEATTLE, WA 98108, USA",47.5260598,-122.3151064
7798,"5800 SOUTHCENTER BLVD, TUKWILA, WA 98188, USA",47.4641579,-122.2599992
7799,"220 STRANDER BLVD, TUKWILA, WA 98188, USA",47.4554915,-122.2609131
7800,"16200 W VALLEY HWY, TUKWILA, WA 98188, USA",47.4580808,-122.2436103
7801,"15304 1ST AVE S, BURIEN, WA 98148, USA",47.4657689,-122.3333858
7802,"14925 INTERURBAN AVE S, SEATTLE, WA 98168, USA",,
7803,"15112 NE 24TH ST, REDMOND, WA 98052, USA",47.6320064,-122.1384541
7804,"1104 19TH AVE E, SEATTLE, WA 98112, USA",47.6289035,-122.3070909
7805,"1104 19TH AVE E, Seattle, WA 98112, USA",47.6289035,-122.3070909
7806,"1104 19th AVE E, SEATTLE, WA 98112, USA",47.6289035,-122.3070909
7807,"3900 FACTORIA BLVD SE, #D, Bellevue, WA 98006, USA",,
7808,"9646 17TH AVE SW, SEATTLE, WA 98106, USA",47.5160512,-122.3558293
7809,"1083 LAKE WASHINGTON BLVD N, 30, RENTON, WA 98056, USA",,
7810,"917 E JEFFERSON ST, SEATTLE, WA 98122, USA",47.6060425,-122.3199474
7811,"9800 8TH AVE SW, 105, SEATTLE, WA 98106, USA",,
7812,"3240 MCDOUGALL AVE, Enumclaw, WA 98022, USA",47.1871363,-122.0116333
7813,"7580 35TH AVE SW, SEATTLE, WA 98126, USA",47.534076,-122.3761145
7814,"400 BROAD ST, Seattle, WA 98109, USA",47.6205131,-122.3493036
7815,"400 BROAD ST, SEATTLE, WA 98109, USA",47.6205131,-122.3493036
7816,"620 DENNY WAY, SEATTLE, WA 98109, USA",47.6186414,-122.3446463
7817,"22630 NE MARKETPLACE DR, REDMOND, WA 98053, USA",47.6959082,-122.0381926
7818,"22908 NE ALDER CREST DR, REDMOND, WA 98053, USA",47.6932477,-122.0352319
7819,"22420 84TH AVE S, KENT, WA 98032, USA",47.4007534,-122.2269646
7820,"18220 INTERNATIONAL BLVD, SEA TAC, WA 98188, USA",,
7821,"8110 164TH AVE NE, Redmond, WA 98052, USA",47.6757061,-122.1212827
7822,"14300 NE 145TH ST, 102, WOODINVILLE, WA 98072, USA",,
7823,"9736 NE 120TH PL, KIRKLAND, WA 98034, USA",47.708159,-122.2113469
7824,"18817 BOTHELL WAY NE, Bothell, WA 98011, USA",47.7649241,-122.2094461
7825,"321 MERCER ST, SEATTLE, WA 98109, USA",47.6239771,-122.3503885
7826,"4033 NE SUNSET BLVD, 2, RENTON, WA 98056, USA",,
7827,"9625 RENTON AVE S, Seattle, WA 98118, USA",47.5162384,-122.2692113
7828,"1520 BROADWAY, SEATTLE, WA 98122, USA",47.6146859,-122.32057
7829,"23609 104th AVE SE, 102, KENT, WA 98031, USA",,
7830,"23609 104th AVE SE, 102, kent, WA 98031, USA",,
7831,"213 PIKE ST, SEATTLE, WA 98101, USA",47.6094359,-122.3381675
7832,"604 5TH AVE S, SEATTLE, WA 98104, USA",47.5973032,-122.3275132
7833,"2008 NW 56TH ST, SEATTLE, WA 98107, USA",47.6695656,-122.3826487
7834,"340 15TH AVE E, SEATTLE, WA 98112, USA",47.6217008,-122.312486
7835,"5024 RAINIER AVE S, Seattle, WA 98118, USA",47.556381,-122.2836938
7836,"18230 E VALLEY HWY, 175, KENT, WA 98032, USA",47.4385839,-122.220247
7837,"14701 NE 20TH ST, G, BELLEVUE, WA 98007, USA",,
7838,"13200 AURORA AVE N, D, SEATTLE, WA 98133, USA",47.7246873,-122.34377
7839,"12305 120TH AVE NE, H, KIRKLAND, WA 98034, USA",47.7088394,-122.185093
7840,"1511 6TH AVE, SEATTLE, WA 98101, USA",47.6114609,-122.3351544
7841,"16401 SE 24TH ST, BELLEVUE, WA 98008, USA",47.5879004,-122.1196735
7842,"18411 AURORA AVE N, SHORELINE, WA 98133, USA",47.7627822,-122.3464049
7843,"19515 66TH AVE W, LYNNWOOD, WA 98036, USA",47.8219812,-122.3227541
7844,"5210 BALLARD AVE NW, SEATTLE, WA 98107, USA",47.6660224,-122.382522
7845,"17611 VASHON HWY SW, VASHON ISLAND, WA 98070, USA",,
7846,"4224 E VALLEY RD, Renton, WA 98057, USA",47.4418579,-122.2185348
7847,"18105 BOTHELL WAY NE, BOTHELL, WA 98011, USA",47.7588102,-122.2100581
7848,"2223 CALIFORNIA AVE SW, SEATTLE, WA 98116, USA",47.5833449,-122.3868675
7849,"26636 MAPLE VALLEY-BLK DIAMOND RD SE, #H200, MAPLE VALLEY, WA 98038, USA",,
7850,"20035 100TH AVE SE, KENT, WA 98031, USA",47.4211159,-122.2085174
7851,"1800 YALE AVE, Seattle, WA 98101, USA",47.617648,-122.329756
7852,"1185 NW MAPLE ST, ISSAQUAH, WA 98027, USA",47.542662,-122.056448
7853,"1221 S MAIN ST, SEATTLE, WA 98144, USA",47.5996922,-122.3160539
7854,"13010 AURORA AVE, SEATTLE, WA 98133, USA",47.7235428,-122.3429672
7855,"6860 E Green Lake WAY N, Seattle, WA 98115, USA",47.6782381,-122.3268878
7856,"124 2ND ST SE, AUBURN, WA 98002, USA",47.3055476,-122.2277346
7857,"3540 FACTORIA BLVD SE, A, BELLEVUE, WA 98006, USA",47.5793494,-122.1674289
7858,"2201 E UNION ST, SEATTLE, WA 98122, USA",47.6127835,-122.303374
7859,"8064 LAKE CITY WAY NE, SEATTLE, WA 98115, USA",47.6877924,-122.311524
7860,"3247 CALIFORNIA AVE SW, SEATTLE, WA 98116, USA",47.5742713,-122.3870312
7861,"31204 PACIFIC HWY S, FEDERAL WAY, WA 98003, USA",47.3219962,-122.312829
7862,"10715 SE 240TH ST, KENT, WA 98031, USA",47.3864095,-122.1978259
7863,"9844 40TH AVE S, SEATTLE, WA 98118, USA",47.5122269,-122.2810508
7864,"5816 15TH AVE NW, Seattle, WA 98107, USA",47.67144,-122.3757894
7865,"101 W LEE ST, SEATTLE, WA 98119, USA",47.6308731,-122.3585519
7866,"4811 WALLINGFORD AVE N, Seattle, WA 98103, USA",47.663944,-122.3370263
7867,"10049 NE 195TH ST, Bothell, WA 98011, USA",47.7686872,-122.2053848
7868,"722 N 145TH ST, SHORELINE, WA 98133, USA",47.7347047,-122.3495251
7869,"5117 13TH AVE S, Seattle, WA 98108, USA",47.5563722,-122.3166529
7870,"123 N 79TH ST, Seattle, WA 98103, USA",47.6860774,-122.3568474
7871,"1790 S 222ND ST, DES MOINES, WA 98198, USA",47.4039517,-122.3110475
7872,"30527 8TH AVE S, Federal Way, WA 98003, USA",47.3272929,-122.3250296
7873,"8524 8TH AVE NE, SEATTLE, WA 98115, USA",47.6909182,-122.3199094
7874,"719 E PIKE ST, SEATTLE, WA 98122, USA",47.6139515,-122.3225652
7875,"515 S 312TH ST, FEDERAL WAY, WA 98003, USA",47.3219774,-122.3271881
7876,"8300 NE 12TH ST, MEDINA, WA 98039, USA",47.6216681,-122.2298377
7877,"12540 120TH AVE NE, H-126, KIRKLAND, WA 98034, USA",47.7127374,-122.1793856
7878,"532 QUEEN ANNE AVE N, Seattle, WA 98109, USA",47.6243134,-122.356578
7879,"14906 PACIFIC AVE S, TACOMA, WA 98444, USA",47.1215907,-122.4359051
7880,"18725 BOTHELL WAY NE, BOTHELL, WA 98011, USA",47.7639463,-122.2085209
7881,"15053 MAIN ST, BELLEVUE, WA 98007, USA",47.6092083,-122.1396607
7882,"119 N 36TH ST, SEATTLE, WA 98103, USA",47.6525775,-122.3567849
7883," SNOQUALMIE PASS, SNOQUALMIE PASS, WA 98068, USA",47.4172362,-121.4125792
7884,"2504 S JACKSON ST, SEATTLE, WA 98144, USA",47.5994552,-122.2995696
7885,"300 Terry AVE N, Seattle, WA 98109, USA",47.6211156,-122.3367871
7886,"401 NE NORTHGATE WAY, 1106, SEATTLE, WA 98125, USA",47.7083963,-122.3282111
7887,"538 BROADWAY E, SEATTLE, WA 98102, USA",47.6241073,-122.3207443
7888,"5813 AIRPORT WAY, SEATTLE, WA 98108, USA",47.5504917,-122.3183959
7889,"16005 INTERNATIONAL BLVD, SEATAC, WA 98188, USA",47.4593344,-122.2924433
7890,"3418 S STAR LAKE RD, Auburn, WA 98001, USA",47.3535062,-122.2890439
7891,"19926 AURORA AVE N, SHORELINE, WA 98133, USA",47.773518,-122.3458127
7892,"46600 SE NORTH BEND WAY, NORTH BEND, WA 98045, USA",47.4683588,-121.7168867
7893,"999 NW LEARY WAY, Seattle, WA 98107, USA",47.6631982,-122.3700949
7894,"3181 156TH AVE SE, BELLEVUE, WA 98007, USA",47.5818957,-122.134949
7895,"8415 SE 68TH ST, 100, MERCER ISLAND, WA 98040, USA",47.5417641,-122.2258789
7896,"19122 BEARDSLEE BLVD, BOTHELL, WA 98011, USA",47.7666128,-122.1912487
7897,"27177 185TH AVE SE, #101, COVINGTON, WA 98042, USA",,
7898,"4112 NE 4TH ST, RENTON, WA 98059, USA",47.4889045,-122.1632676
7899,"601 108TH AVE NE, #160, BELLEVUE, WA 98004, USA",,
7900,"12209 NE 85TH ST, KIRKLAND, WA 98033, USA",47.679025,-122.1778653
7901,"241 BELLEVUE SQUARE, BELLEVUE, WA 98004, USA",,
7902,"17600 140TH AVE NE, WOODINVILLE, WA 98072, USA",47.7553338,-122.1524895
7903,"17801 INTERNATIONAL BLVD, 04, SEATAC, WA 98158, USA",,
7904,"17801 INTERNATIONAL BLVD, 08, SEATAC, WA 98158, USA",,
7905,"13120 NEWCASTLE COMMONS DR, NEWCASTLE, WA 98059, USA",47.5436752,-122.1636694
7906,"545 BELLEVUE SQUARE, BELLEVUE, WA 98004, USA",,
7907,"8825 S 180TH ST, KENT, WA 98032, USA",,
7908,"4408 FAUNTLEROY WAY SW, SEATTLE, WA 98126, USA",47.5642793,-122.3770495
7909,"24130 PACIFIC HWY S, #101, KENT, WA 98032, USA",,
7910,"28722 PACIFIC HWY S, FEDERAL WAY, WA 98003, USA",47.3437438,-122.311999
7911,"18016 71ST AVE S, B, KENT, WA 98032, USA",,
7912,"1401 S 348TH ST, M-101, FEDERAL WAY, WA 98003, USA",,
7913,"6719 S 211TH ST, KENT, WA 98032, USA",47.4127676,-122.2502883
7914,"721 SW MT SI BLVD, NORTH BEND, WA 98045, USA",47.4873252,-121.7934442
7915,"18336 MIDVALE AVE N, #114, SHORELINE, WA 98133, USA",,
7916,"23515 NE NOVELTY HILL RD, REDMOND, WA 98053, USA",47.6991755,-122.0244007
7917,"26304 NE BIG ROCK RD, B, DUVALL, WA 98019, USA",,
7918,"17801 INTERNATIONAL BLVD, 07, SEATAC, WA 98158, USA",,
7919,"1420 HARVEY RD, AUBURN, WA 98002, USA",47.32014,-122.2199415
7920,"13325 100TH AVE NE, KIRKLAND, WA 98034, USA",47.7201173,-122.2083931
7921,"1785 NE 44TH ST, RENTON, WA 98056, USA",47.5319413,-122.1942352
7922,"6310 M L KING JR WAY S, SEATTLE, WA 98118, USA",,
7923,"1436 AUBURN WAY S, AUBURN, WA 98002, USA",47.2947349,-122.2136947
7924,"901 SW 148TH ST, BURIEN, WA 98166, USA",47.4701995,-122.3463728
7925,"1343 GARRETT ST, ENUMCLAW, WA 98022, USA",,
7926,"17313 SE 270TH PL, 102, COVINGTON, WA 98042, USA",,
7927,"1730 MINOR AVE, SEATTLE, WA 98101, USA",47.6169658,-122.3297163
7928,"33650 21ST AVE SW, FEDERAL WAY, WA 98023, USA",47.2993563,-122.360303
7929,"340 228TH AVE NE, SAMMAMISH, WA 98074, USA",47.6126248,-122.035037
7930,"13121 SE KENT KANGLEY RD, 101, KENT, WA 98030, USA",,
7931,"6735 132ND AVE NE, KIRKLAND, WA 98033, USA",47.6657302,-122.1646704
7932,"1101 MADISON ST, SEATTLE, WA 98104, USA",47.6092861,-122.3247586
7933,"601 UNION ST, #224B, SEATTLE, WA 98101, USA",47.6100229,-122.3324456
7934,"442 TERRY AVE N, SEATTLE, WA 98109, USA",47.6228655,-122.3369538
7935,"1231 116TH AVE NE, BELLEVUE, WA 98004, USA",47.6209064,-122.1859767
7936,"903 NE PARK DR, ISSAQUAH, WA 98029, USA",47.5430809,-122.0199433
7937,"8301 AURORA AVE N, SEATTLE, WA 98103, USA",47.6892388,-122.344342
7938,"23930 102ND AVE SE, KENT, WA 98031, USA",47.3872049,-122.2044059
7939,"15221 MAPLE VALLEY HWY, RENTON, WA 98058, USA",47.4648006,-122.1372303
7940,"1101 ALASKAN WAY, SEATTLE, WA 98101, USA",47.6050713,-122.3403303
7941,"7303 35TH AVE NE, SEATTLE, WA 98115, USA",47.6813897,-122.2906968
7942,"1912 PIKE PL, SEATTLE, WA 98101, USA",47.6100077,-122.3425796
7943,"4634 26TH AVE NE, SEATTLE, WA 98105, USA",47.6625162,-122.30002
7944,"10214 NE 8TH ST, Bellevue, WA 98004, USA",47.617756,-122.2039447
7945,"17196 REDMOND WAY, Redmond, WA 98052, USA",47.6726525,-122.11066
7946,"2135 QUEEN ANNE AVE N, Seattle, WA 98109, USA",47.6381936,-122.3572278
7947,"6501 CALIFORNIA AVE SW, Seattle, WA 98136, USA",47.5446321,-122.3875239
7948,"23818 225th AVE SE, MAPLE VALLEY, WA 98038, USA",47.3880921,-122.0410311
7949,"15824 1ST AVE S, BURIEN, WA 98148, USA",47.4610558,-122.333807
7950,"17901 108TH AVE SE, RENTON, WA 98055, USA",47.4421808,-122.1975166
7951,"7425 166th AVE NE, REDMOND, WA 98052, USA",47.6703462,-122.119141
7952,"1645 140TH AVE NE, Bellevue, WA 98005, USA",47.6257713,-122.1550311
7953,"121 LAKESIDE AVE, Seattle, WA 98122, USA",47.6022847,-122.2852
7954,"661 120TH AVE NE, BELLEVUE, WA 98005, USA",47.6159044,-122.180816
7955,"3016 ISSAQUAH PINE LAKE RD SE, SAMMAMISH, WA 98075, USA",47.5833597,-122.0338002
7956,"1656 SW DASH POINT RD, Federal Way, WA 98023, USA",47.3226244,-122.3569155
7957,"4851 LAKEMONT BLVD, Bellevue, WA 98006, USA",47.5585634,-122.1145097
7958,"26910 MAPLE VALLEY BLACK DIAMON RD SE, MAPLE VALLEY, WA 98038, USA",,
7959,"44 BELLEVUE WAY NE, Bellevue, WA 98004, USA",47.610903,-122.2006599
7960,"7750 NE BOTHELL WAY, KENMORE, WA 98028, USA",47.756727,-122.2368252
7961,"1524 7TH AVE, SEATTLE, WA 98101, USA",47.6123184,-122.3337235
7962,"333 STRANDER BLVD, SEATTLE, WA 98188, USA",,
7963,"6200 EAST LAKE SAMMAMISH PKWY SE, ISSAQUAH, WA 98029, USA",47.546583,-122.039595
7964,"20132 BALLINGER WAY NE, SHORELINE, WA 98155, USA",47.7759311,-122.3104182
7965,"1460 NW GILMAN BLVD, ISSAQUAH, WA 98027, USA",47.5460936,-122.0595941
7966,"800 12TH AVE, SEATTLE, WA 98122, USA",47.6093721,-122.316686
7967,"6733 108TH AVE NE, Kirkland, WA 98033, USA",47.6664167,-122.1968015
7968,"17827 1ST AVE S, NORMANDY PARK, WA 98166, USA",47.4431225,-122.3343457
7969,"3720 FACTORIA BLVD SE, BELLEVUE, WA 98006, USA",47.5772216,-122.169011
7970,"999 3RD AVE, SEATTLE, WA 98104, USA",47.6050344,-122.3340723
7971,"18404 120TH AVE NE, BOTHELL, WA 98011, USA",47.7620164,-122.1768083
7972,"2143 NORTHGATE WAY, SEATTLE, WA 98133, USA",47.7080892,-122.3325334
7973,"506 SOUTHCENTER MALL, Seattle, WA 98188, USA",,
7974,"1700 7TH AVE, SEATTLE, WA 98101, USA",47.6140218,-122.3352741
7975,"2032 S 320TH ST S, FEDERAL WAY, WA 98003, USA",,
7976,"4101 SW ADMIRAL WAY, Seattle, WA 98116, USA",47.5810199,-122.3840839
7977,"7620 SE 27TH ST, MERCER ISLAND, WA 98040, USA",47.5870799,-122.2369048
7978,"2650 NE 49TH ST, SEATTLE, WA 98105, USA",47.6644178,-122.2988382
7979,"1428 W MEEKER ST, KENT, WA 98032, USA",47.3808214,-122.2530222
7980,"641 RAINIER AVE S, RENTON, WA 98057, USA",47.4742466,-122.2156954
7981,"601 S MICHIGAN ST, SEATTLE, WA 98108, USA",47.5460402,-122.3255929
7982,"3300 W MCGRAW ST, SEATTLE, WA 98199, USA",47.6397939,-122.3999127
7983,"15738 REDMOND WAY, REDMOND, WA 98052, USA",47.6749141,-122.1288568
7984,"9721 NE 119TH WAY, KIRKLAND, WA 98034, USA",47.7065297,-122.2118434
7985,"17039 BOTHELL WAY, LAKE FOREST PARK, WA 98155, USA",47.7524142,-122.2802419
7986,"601 S GRADY WAY, Renton, WA 98057, USA",47.4700882,-122.2114851
7987,"735 NW GILMAN BLVD, A, Issaquah, WA 98027, USA",47.541729,-122.0476756
7988,"31722 W EUGENE ST #8, Carnation, WA 98014, USA",,
7989,"606 NW RICHMOND BEACH RD, SHORELINE, WA 98177, USA",47.7658468,-122.3646778
7990,"7100 E GREENLAKE DR N, Seattle, WA 98115, USA",,
7991,"1251 N 205TH AVE, SEATTLE, WA 98133, USA",,
7992,"1350 156th AVE NE, BELLEVUE, WA 98007, USA",47.6220857,-122.1319773
7993,"68 RAINIER AVE S, RENTON, WA 98057, USA",47.4840962,-122.2168646
7994,"26116 116TH AVE SE, KENT, WA 98030, USA",47.3673011,-122.1862037
7995,"164 SW CAMPUS DR, FEDERAL WAY, WA 98023, USA",47.2969351,-122.3449137
7996,"15226 AURORA AVE N, SHORELINE, WA 98133, USA",47.7397691,-122.3447025
7997,"1301 S 320th ST, FEDERAL WAY, WA 98003, USA",47.3147173,-122.3165038
7998,"15100 SE 38TH ST, 704, BELLEVUE, WA 98006, USA",,
7999,"22431 84TH AVE S, KENT, WA 98032, USA",47.400518,-122.2281402
8000,"4147 UNIVERSITY WAY NE, SEATTLE, WA 98105, USA",47.658195,-122.3134196
8001,"34024 HOYT RD SW, FEDERAL WAY, WA 98023, USA",47.2960659,-122.381319
8002,"14330 LAKE CITY WAY NE, SEATTLE, WA 98125, USA",47.7329136,-122.2919209
8003,"1962 1ST AVE S, SEATTLE, WA 98134, USA",47.584195,-122.3338829
8004,"13038 INTERURBAN AVE, TUKWILA, WA 98168, USA",47.4857081,-122.2726182
8005,"1102 SUPERMALL WAY, AUBURN, WA 98001, USA",47.3016734,-122.2467454
8006,"1144 ELLIOTT AVE W, Seattle, WA 98119, USA",47.6298518,-122.3720483
8007,"4637 SUNSET BLVD NE, RENTON, WA 98059, USA",47.5017116,-122.1872446
8008,"10234 SE 256TH ST, KENT, WA 98030, USA",47.3727263,-122.2044623
8009,"11523 AVONDALE RD, B, REDMOND, WA 98052, USA",,
8010,"12425 116TH AVE NE, KIRKLAND, WA 98034, USA",47.7119237,-122.1870232
8011,"4800 SANDPOINT WAY NE, SEATTLE, WA 98105, USA",,
8012,"9150 RAINIER AVE S, Seattle, WA 98118, USA",47.5211475,-122.2695491
8013,"5221 15TH AVE NW, SEATTLE, WA 98107, USA",47.6668849,-122.376656
8014,"180 148th AVE SE, BELLEVUE, WA 98007, USA",47.609088,-122.1426069
8015,"34817 SNOQUALMIE PKWY, 100, SNOQUALMIE, WA 98065, USA",,
8016,"10601 5th AVE NE, 101, Seattle, WA 98125, USA",,
8017,"9023 25TH AVE SW, SEATTLE, WA 98126, USA",47.5227467,-122.3655602
8018,"13950 NE 178TH PL, WOODINVILLE, WA 98072, USA",47.7590209,-122.1553336
8019,"10700 231ST WAY NE, 100, REDMOND, WA 98053, USA",,
8020,"31216 PACIFIC HWY S, Federal Way, WA 98003, USA",47.3217934,-122.312932
8021,"504 AUBURN WAY N, Auburn, WA 98002, USA",47.3117203,-122.2259389
8022,"1600 S ROBERTO MAESTAS FESTIVAL ST, SEATTLE, WA 98144, USA",47.5795449,-122.311882
8023,"3926 AURORA AVE N, SEATTLE, WA 98103, USA",47.6545144,-122.3475091
8024,"527 FAIRVIEW AVE N, SEATTLE, WA 98109, USA",47.624112,-122.334673
8025,"12825 DES MOINES MEMORIAL DR S, BURIEN, WA 98168, USA",47.487995,-122.3128595
8026,"312 2ND AVE W, 300, SEATTLE, WA 98119, USA",,
8027,"14230 NE 20TH ST, Bellevue, WA 98007, USA",47.6282734,-122.1500845
8028,"1242 18TH AVE E, SEATTLE, WA 98112, USA",47.631496,-122.307666
8029,"SUMMIT STEVENS PASS US HWY 2, SKYKOMISH, WA 98288, USA",,
8030,"SUMMIT STEVENS PASS, US HWY 2, SKYKOMISH, WA 98288, USA",,
8031,"18520 142ND AVE NE, WOODINVILLE, WA 98072, USA",47.7619528,-122.1501726
8032,"14220 NE 8TH ST, BELLEVUE, WA 98007, USA",47.6184751,-122.1504415
8033,"822 SW 152ND ST, BURIEN, WA 98166, USA",47.4668798,-122.3455887
8034,"1524 MINOR AVE, SEATTLE, WA 98122, USA",47.614602,-122.3283112
8035,"11530 320TH AVE NE, Carnation, WA 98014, USA",,
8036,"9301 CARNATION DUVALL RD NE, CARNATION, WA 98014, USA",47.6826445,-121.9200481
8037,"25608 PACIFIC HWY S, Kent, WA 98032, USA",47.3720494,-122.3002771
8038,"1101 OUTLET COLLECTION WAY SW, 1165, AUBURN, WA 98001, USA",,
8039,"610 BELLEVUE WAY NE, 110, BELLEVUE, WA 98004, USA",47.6157672,-122.201426
8040,"901 JAMES ST, SEATTLE, WA 98104, USA",47.6055194,-122.3244163
8041,"1000 ANDOVER PARK W, Tukwila, WA 98188, USA",47.4476149,-122.2535114
8042,"9701 RAINIER AVE S, SEATTLE, WA 98118, USA",47.516378,-122.2547543
8043,"15015 MAIN ST, STE 114, BELLEVUE, WA 98007, USA",,
8044,"900 DEXTER AVE N, SEATTLE, WA 98109, USA",47.6272954,-122.342096
8045,"17620 NE 69TH CT, 160, REDMOND, WA 98052, USA",,
8046,"3525 STONE WAY N, SEATTLE, WA 98103, USA",47.6503315,-122.3430069
8047,"1218 N 45th ST, SEATTLE, WA 98103, USA",47.6615362,-122.3424975
8048,"5214 BALLARD AVE NW, SEATTLE, WA 98107, USA",47.6661106,-122.3826226
8049,"1313 156TH AVE NE, #100, BELLEVUE, WA 98007, USA",47.6217706,-122.133067
8050,"33320 PACIFIC HWY S, 102-C, FEDERAL WAY, WA 98003, USA",,
8051,"41604 264TH AVE SE, Enumclaw, WA 98022, USA",47.228183,-121.989239
8052,"2220 QUEEN ANNE AVE N, 102, Seattle, WA 98109, USA",,
8053,"19501 144TH AVE NE, A500, WOODINVILLE, WA 98072, USA",,
8054,"11011 NE 9TH ST, B, BELLEVUE, WA 98004, USA",,
8055,"94 PIKE ST, #34, SEATTLE, WA 98101, USA",47.6089737,-122.3406021
8056,"1001 1ST AVE, SEATTLE, WA 98104, USA",47.6047433,-122.3365398
8057,"16783 SE 272nd ST, A, COVINGTON, WA 98042, USA",47.3577159,-122.1160024
8058,"1108 NW 52ND ST, SEATTLE, WA 98107, USA",47.6666124,-122.3711856
8059,"6704 NE 181ST ST, 100, KENMORE, WA 98028, USA",,
8060,"18400 International BLVD, SeaTac, WA 98188-4208, USA",47.4377894,-122.2952767
8061,"174 ROY ST, SEATTLE, WA 98109, USA",47.6255756,-122.352988
8062,"2711 3RD AVE, SEATTLE, WA 98121, USA",47.6172661,-122.3494842
8063,"5465 LEARY AVE NW, SEATTLE, WA 98107, USA",47.668232,-122.38429
8064,"3861 1ST AVE S, SEATTLE, WA 98134, USA",47.5679515,-122.334907
8065,"11811 WILLOWS RD NE, Redmond, WA 98052, USA",47.7084234,-122.1568521
8066,"15291 NE 40TH ST, REDMOND, WA 98052, USA",47.6453116,-122.1363995
8067,"15101 NE 40TH ST, REDMOND, WA 98052, USA",47.645336,-122.139002
8068,"3640 150TH AVE NE, REDMOND, WA 98052, USA",47.6430133,-122.1380421
8069,"15030 NE 36TH ST, REDMOND, WA 98052, USA",47.643203,-122.1356918
8070,"3850 148TH AVE NE, REDMOND, WA 98052, USA",47.6448169,-122.142752
8071,"15050 NE 36TH ST, REDMOND, WA 98052, USA",47.6410888,-122.1363203
8072,"1635 E OLIVE WAY, SEATTLE, WA 98102, USA",47.6194827,-122.3241621
8073,"30 LOGAN AVE S, Renton, WA 98057, USA",47.4850981,-122.2088356
8074,"9031 25TH AVE SW, SEATTLE, WA 98126, USA",47.5224494,-122.365555
8075,"15015 MAIN ST, Bellevue, WA 98007, USA",47.6082812,-122.140963
8076,"1529 W MEEKER ST, Kent, WA 98032, USA",47.3816467,-122.2555693
8077,"27203 216TH AVE SE, 4, MAPLE VALLEY, WA 98038, USA",47.357729,-122.0552821
8078,"1220 HOWELL ST, SEATTLE, WA 98101, USA",47.6174921,-122.3300108
8079,"27237 172ND AVE SE, SUITE 111, COVINGTON, WA 98042, USA",,
8080,"2338 RAINIER AVE S, Seattle, WA 98144, USA",47.5819222,-122.3005466
8081,"345 15TH AVE E, Seattle, WA 98112, USA",47.6217399,-122.3129013
8082,"12722 SE 312TH ST, B, AUBURN, WA 98092, USA",,
8083,"22141 SE 237TH ST, 201, Maple Valley, WA 98038, USA",,
8084,"2628 BELLEVUE WAY NE, BELLEVUE, WA 98004, USA",47.6344515,-122.2007194
8085,"4336 ROOSEVELT WAY NE, #E, SEATTLE, WA 98105, USA",,
8086,"4301 STONE WAY N, #A, SEATTLE, WA 98103, USA",,
8087,"8433 S 212TH ST, #100, KENT, WA 98031, USA",,
8088,"6975 COAL CREEK PKWY SE, B7, NEWCASTLE, WA 98059, USA",47.5382667,-122.1665681
8089,"25625 104TH AVE SE, KENT, WA 98030, USA",47.3723286,-122.2025478
8090,"11523 AVONDALE RD NE, Suite 103, Redmond, WA 98052, USA",,
8091,"327 NE THORNTON PL, SEATTLE, WA 98125, USA",47.7027266,-122.324431
8092,"9305 RAINIER AVE S, SEATTLE, WA 98118, USA",47.5196187,-122.2671246
8093,"14606 MAIN ST, DUVALL, WA 98019, USA",47.733585,-121.9868088
8094,"8014 LAKE CITY WAY NE, C, SEATTLE, WA 98115, USA",47.6870308,-122.312472
8095,"703 228TH AVE NE, SAMMAMISH, WA 98074, USA",47.6155921,-122.0361423
8096,"1646 SW DASH POINT RD, FEDERAL WAY, WA 98023, USA",47.3230649,-122.3561192
8097,"3320 W MCGRAW ST, SEATTLE, WA 98199, USA",47.6397703,-122.4003893
8098,"14712 NE 91ST ST, #500, REDMOND, WA 98052, USA",,
8099,"12354 15TH AVE NE, C, SEATTLE, WA 98125, USA",,
8100,"26565 Maple Valley-Blk Diamond RD SE, MAPLE VALLEY, WA 98038, USA",,
8101,"1410 156TH AVE NE, BELLEVUE, WA 98007, USA",47.6226394,-122.132095
8102,"1120 106TH AVE NE, BELLEVUE, WA 98004, USA",47.6204226,-122.198926
8103,"300 110TH AVE NE, 105, BELLEVUE, WA 98004, USA",,
8104,"23530 NE REDMOND FALL CITY RD, REDMOND, WA 98053, USA",47.6448981,-122.025448
8105,"800 S GRADY WAY, RENTON, WA 98057, USA",47.4732873,-122.2087027
8106,"1447 WEST VALLEY HWY N, AUBURN, WA 98001, USA",47.2961053,-122.2605803
8107,"34520 16TH AVE S, FEDERAL WAY, WA 98003, USA",47.2927947,-122.3101505
8108,"34815 PACIFIC HWY S, Federal Way, WA 98003, USA",47.2896181,-122.3192888
8109,"2423 2ND AVE, SEATTLE, WA 98121, USA",47.6150465,-122.3477236
8110,"20932 108TH AVE SE, KENT, WA 98031, USA",47.4144537,-122.1956575
8111,"2727 4TH AVE S, Seattle, WA 98134, USA",47.5789347,-122.3294652
8112,"235 ROOSEVELT AVE, C, ENUMCLAW, WA 98022, USA",,
8113,"6515 CALIFORNIA AVE SW, Seattle, WA 98136, USA",47.5443475,-122.3874079
8114,"17633 108TH AVE SE, Renton, WA 98055, USA",47.4444309,-122.1974553
8115,"10406 16TH AVE SW, Seattle, WA 98146, USA",47.5096715,-122.3547784
8116,"1800 NE 44TH ST, 110, RENTON, WA 98056, USA",47.5325319,-122.1942586
8117,"19987 1ST AVE S, 107, NORMANDY PARK, WA 98148, USA",,
8118,"5603 4TH AVE S, Seattle, WA 98108, USA",47.5525392,-122.3297865
8119,"2148 SW 336TH ST, Federal Way, WA 98023, USA",47.300877,-122.3623538
8120,"12620 NE 85TH ST, #106, KIRKLAND, WA 98033, USA",,
8121,"806 12TH AVE, SEATTLE, WA 98122, USA",47.6094924,-122.3165649
8122,"12121 NE NORTHUP WAY, 215, BELLEVUE, WA 98005, USA",,
8123,"1250 SW 43RD ST, RENTON, WA 98057, USA",47.4416884,-122.2341751
8124,"3004 ISSAQUAH-PINELAKE RD SE, SAMMAMISH, WA 98075, USA",,
8125,"32925 1ST AVE S, #M, FEDERAL WAY, WA 98003, USA",,
8126,"305 LENORA ST, SEATTLE, WA 98121, USA",47.6132366,-122.3418638
8127,"7347 35TH AVE NE, F, SEATTLE, WA 98115, USA",,
8128,"6536 E LAKE SAMMAMISH PKWY NE, REDMOND, WA 98052, USA",47.6644981,-122.0993287
8129,"22310 NE MARKET PLACE DR, 114, REDMOND, WA 98053, USA",,
8130,"19918 68TH AVE S, KENT, WA 98032-2155, USA",47.4232301,-122.2493235
8131,"100 4TH AVE N, #120, SEATTLE, WA 98109, USA",,
8132,"97 DENNY WAY, SEATTLE, WA 98109, USA",47.618515,-122.354812
8133,"3829 DELRIDGE WAY SW, SEATTLE, WA 98106, USA",47.5687937,-122.3636063
8134,"12660 164th AVE SE, #C, RENTON, WA 98059, USA",,
8135,"10615 SE 240th ST, KENT, WA 98031, USA",47.3866122,-122.1990325
8136,"18501 AURORA AVE N, SHORELINE, WA 98133, USA",47.7638277,-122.3464383
8137,"17408 VASHON HWY SW, VASHON ISLAND, WA 98070, USA",47.4490161,-122.4602843
8138,"405 CENTRAL AVE N, KENT, WA 98032, USA",47.384288,-122.231554
8139,"12805 1ST AVE S, BURIEN, WA 98168, USA",47.488041,-122.3342537
8140,"485 RAINIER AVE S, RENTON, WA 98057, USA",47.4767075,-122.2157109
8141,"7016 NE BOTHELL WAY, KENMORE, WA 98028, USA",47.7585852,-122.2464916
8142,"17330 140TH AVE SE, RENTON, WA 98058, USA",47.4459267,-122.1527828
8143,"11511 NE 195TH ST, 103, BOTHELL, WA 98011, USA",,
8144,"1702 DUVALL AVE NE, RENTON, WA 98059, USA",47.5072531,-122.155828
8145,"951 JAMES ST, SEATTLE, WA 98104, USA",47.6057025,-122.3240388
8146,"1145 NW GILMAN BLVD, #G-7, ISSAQUAH, WA 98027, USA",,
8147,"594 SW 152ND ST, BURIEN, WA 98166, USA",47.4669552,-122.341683
8148,"305 TUKWILA PKWY, TUKWILA, WA 98188, USA",47.4608888,-122.2538581
8149,"15279 SE RENTON MAPLE VALLEY RD, 600, RENTON, WA 98058, USA",,
8150,"1101 OUTLET COLLECTION WAY SW, #1201, AUBURN, WA 98001, USA",,
8151,"4798 AUBURN WAY N, #102, AUBURN, WA 98002, USA",,
8152,"2756 NE 45TH ST, #103, SEATTLE, WA 98105, USA",,
8153,"20238 BALLINGER WAY NE, SHORELINE, WA 98155, USA",47.7761574,-122.3116114
8154,"10635 NE 68TH ST, KIRKLAND, WA 98033, USA",47.6658166,-122.1977037
8155,"13501 100TH AVE NE, 90, Kirkland, WA 98034, USA",47.7213516,-122.208335
8156,"1222 BRONSON WAY N, 104, RENTON, WA 98057, USA",,
8157,"1105 MADISON ST, SEATTLE, WA 98104, USA",47.6094548,-122.3244588
8158,"4020 NE 4TH ST, C, RENTON, WA 98056, USA",,
8159,"8757 HOLMAN RD NW, STE D, SEATTLE, WA 98117, USA",,
8160,"12925 SE KENT KANGLEY RD, 104, KENT, WA 98030, USA",,
8161,"18827 BOTHELL WAY NE, 107, BOTHELL, WA 98011, USA",,
8162,"5712 E LAKE SAMMAMISH PKWY SE, #101, ISSAQUAH, WA 98029, USA",,
8163,"470 E NORTH BEND WAY, NORTH BEND, WA 98045, USA",47.4923286,-121.7805191
8164,"4530 9TH AVE NW, SEATTLE, WA 98107, USA",47.6619417,-122.368221
8165,"1645 140TH AVE NE, #B5, BELLEVUE, WA 98005, USA",47.6261653,-122.154818
8166,"17432 SE 270TH PL, COVINGTON, WA 98042, USA",47.3611343,-122.1083534
8167,"762 SUPERMALL WAY, AUBURN, WA 98001, USA",47.3013905,-122.2409202
8168,"3840 A ST SE, AUBURN, WA 98002, USA",47.2740375,-122.2284184
8169,"14245 NE WOODINVILLE / DUVALL RD NE, Woodinville, WA 98072, USA",,
8170,"15500 1ST AVE S, BURIEN, WA 98148, USA",47.4639906,-122.3332114
8171,"16006 PACIFIC HWY S, SEA TAC, WA 98188, USA",,
8172,"6760 W MARGINAL WAY SW, Seattle, WA 98106, USA",47.541449,-122.3430285
8173,"29017 MILITARY RD S, FEDERAL WAY, WA 98003, USA",47.3414346,-122.3021221
8174,"8415 SE 68TH ST, #112, MERCER ISLAND, WA 98040, USA",,
8175,"32225 PACIFIC HWY S, 201, FEDERAL WAY, WA 98003, USA",,
8176,"8511 ROOSEVELT ROOSEVELT WAY NE, SEATTLE, WA 98115, USA",,
8177,"8511 ROOSEVELT WAY NE, SEATTLE, WA 98115, USA",47.6907758,-122.3179588
8178,"1419 12TH AVE, SEATTLE, WA 98122, USA",47.6136378,-122.3170567
8179,"110 REPUBLICAN ST, SEATTLE, WA 98109, USA",47.6233879,-122.3548432
8180,"320 E PINE ST, #101, SEATTLE, WA 98122, USA",,
8181,"1014 MADISON ST, SEATTLE, WA 98104, USA",47.609175,-122.3258494
8182,"2207 NE 65TH ST, SEATTLE, WA 98115, USA",47.6756717,-122.3040322
8183,"414 E PINE ST, SEATTLE, WA 98122, USA",47.6153516,-122.3260787
8184,"1725 WESTLAKE AVE N, SEATTLE, WA 98109, USA",47.6343895,-122.3407779
8185,"17636 100TH AVE SW, VASHON ISLAND, WA 98070, USA",,
8186,"14628 MILITARY RD S, TUKWILA, WA 98168, USA",47.4715291,-122.2891176
8187,"13225 NE 20TH ST, Bellevue, WA 98005, USA",47.6270723,-122.1626298
8188,"2001 WESTERN AVE, #110, SEATTLE, WA 98121, USA",,
8189,"10500 NE 8TH ST, 125, BELLEVUE, WA 98004, USA",,
8190,"1625 QUEEN ANNE AVE N, Seattle, WA 98109, USA",47.6343506,-122.3572732
8191,"6119 PHINNEY AVE N, Seattle, WA 98103, USA",47.6737415,-122.3545747
8192,"14509 NE 20th ST, BELLEVUE, WA 98007, USA",47.6271425,-122.1464394
8193,"17250 SOUTHCENTER PKWY, 148, TUKWILA, WA 98188, USA",,
8194,"530 SUMMIT AVE E, Seattle, WA 98102, USA",47.6240948,-122.3251505
8195,"601 SUMMIT AVE E, #102, Seattle, WA 98102, USA",47.6244062,-122.325569
8196,"9601 35TH AVE SW, SEATTLE, WA 98126, USA",47.5172099,-122.3777138
8197,"1025 S KING ST, SEATTLE, WA 98104, USA",47.597818,-122.3183669
8198,"25600 SE SUMMIT-LANDSBURG RD, MAPLE VALLEY, WA 98051, USA",47.3726826,-122.0013067
8199,"5000 University WAY NE, G, SEATTLE, WA 98105, USA",,
8200,"219 BROADWAY E, 18, SEATTLE, WA 98102, USA",47.6206201,-122.3210883
8201,"24525 RUSSELL RD, KENT, WA 98032, USA",47.3815096,-122.2609635
8202,"23745 225TH WAY SE, MAPLE VALLEY, WA 98038, USA",47.3883047,-122.0425969
8203,"12207 NE 116TH ST, Kirkland, WA 98034, USA",47.7036518,-122.1782509
8204,"2439 MAPLE VALLEY HWY, B, RENTON, WA 98059, USA",,
8205,"2800 ALKI AVE SW, Seattle, WA 98116, USA",47.5784578,-122.4122176
8206,"4301 INTERLAKE AVE N, SEATTLE, WA 98103, USA",47.6593499,-122.3408872
8207,"462 N 34th ST, Seattle, WA 98103, USA",47.6500659,-122.3518678
8208,"14020 SE PETROVITSKY RD, Renton, WA 98058, USA",47.4459145,-122.1525742
8209,"10410 GREENWOOD AVE N, #A, Seattle, WA 98133, USA",,
8210,"1504 NE 179th ST, SHORELINE, WA 98155, USA",47.7589291,-122.3130594
8211,"6404 9TH AVE NE, #100, SEATTLE, WA 98115, USA",47.6751757,-122.3185587
8212,"24629 42ND AVE S, KENT, WA 98032, USA",47.3809127,-122.2817982
8213,"3127 NW 85TH ST, SEATTLE, WA 98117, USA",47.6903909,-122.3979721
8214,"3200 ISSAQUAH PINE LAKE RD SE, SAMMAMISH, WA 98075, USA",47.5807771,-122.028742
8215,"2035 NW MARKET ST, Seattle, WA 98107, USA",47.668595,-122.3834112
8216,"15830 1ST AVE S, #103, BURIEN, WA 98148, USA",,
8217,"13038 INTERURBAN AVE S, TUKWILA, WA 98168, USA",47.4857081,-122.2726182
8218,"914 D ST NE, #104, AUBURN, WA 98002, USA",,
8219,"14404 DES MOINES MEMORIAL DR S, Seattle, WA 98168, USA",,
8220,"32225 PACIFIC HWY S, Suite 103, FEDERAL WAY, WA 98003, USA",,
8221,"1523 BROADWAY, Seattle, WA 98122, USA",47.6144032,-122.3209071
8222,"4545 Roosevelt WAY NE, Seattle, WA 98105, USA",47.6623096,-122.3179374
8223,"7821 AURORA AVE N, SEATTLE, WA 98103, USA",47.6857184,-122.3446658
8224,"7299 W LAKE SAMMAMISH PKWY NE, REDMOND, WA 98052, USA",47.6694091,-122.1305741
8225,"22300 132ND AVE SE, Kent, WA 98042, USA",47.4019977,-122.165227
8226,"899 OSCEOLA ST, Enumclaw, WA 98022, USA",,
8227,"14075 172ND AVE NE, Redmond, WA 98052, USA",47.7280193,-122.1086083
8228,"34410 16TH AVE S, #101, FEDERAL WAY, WA 98003, USA",,
8229,"20 Front ST S, ISSAQUAH, WA 98027, USA",47.5298662,-122.0364247
8230,"2184 NW SAMMAMISH RD, ISSAQUAH, WA 98027, USA",47.5519769,-122.05358
8231,"354 SUNSET BLVD N, Renton, WA 98057, USA",47.4883679,-122.193895
8232,"8115 RAINIER AVE S, SEATTLE, WA 98118, USA",47.5299356,-122.270221
8233,"4044 NE SUNSET BLVD, Renton, WA 98056, USA",47.5045045,-122.1652352
8234,"150 SW SUNSET BLVD, Renton, WA 98057, USA",47.4795072,-122.2202968
8235,"1021 UNIVERSITY S ST, Seattle, WA 98101, USA",,
8236,"4229 W LAKE SAMMAMISH PKWY SE, BELLEVUE, WA 98008, USA",47.5693165,-122.1027433
8237,"1607 145TH PL SE, Bellevue, WA 98007, USA",47.5956895,-122.1501448
8238,"2800 NE SUNSET BLVD, RENTON, WA 98056, USA",47.5001924,-122.180738
8239,"5433 BALLARD AVE NW, Seattle, WA 98107, USA",47.6681178,-122.3859946
8240,"15220 SE 272ND ST, Kent, WA 98042, USA",47.3585136,-122.138054
8241,"17705 15TH AVE NE, SHORELINE, WA 98155, USA",47.7576698,-122.3137135
8242,"6061 MARTIN LUTHER KING JR WAY S, Seattle, WA 98118, USA",47.5462434,-122.2863304
8243,"6051 MARTIN LUTHER KING JR WAY S, Seattle, WA 98118, USA",47.5465527,-122.2863318
8244,"17620 NE 69TH CT, #120, Redmond, WA 98052, USA",,
8245,"6402 LAKE WASHINGTON BLVD NE, KIRKLAND, WA 98033, USA",47.6639855,-122.2068122
8246,"11852 98TH AVE NE, Kirkland, WA 98034, USA",47.707173,-122.2100701
8247,"10210 SE 260TH ST, STE 101, KENT, WA 98030, USA",,
8248,"1507 S 348TH ST, K2101, FEDERAL WAY, WA 98003, USA",,
8249,"17100 SOUTHCENTER PKWY, #160, TUKWILA, WA 98188, USA",,
8250,"9051 35TH AVE SW, SEATTLE, WA 98126, USA",47.5223491,-122.3768394
8251,"166 S KING ST, SEATTLE, WA 98104, USA",47.598428,-122.3319039
8252,"10616 16TH AVE SW, Seattle, WA 98146, USA",47.508047,-122.3542446
8253,"4521 CALIFORNIA AVE SW, SEATTLE, WA 98116, USA",47.5622789,-122.387028
8254,"2202 7TH AVE, SEATTLE, WA 98121, USA",47.6167644,-122.3401576
8255,"120 PARK LN, B, KIRKLAND, WA 98033, USA",47.676225,-122.2060378
8256,"14603 NE 20TH ST, 4B, BELLEVUE, WA 98007, USA",,
8257,"509 S 3RD ST, #B, RENTON, WA 98057, USA",,
8258,"15110 90TH ST NE, 101, REDMOND, WA 98052, USA",,
8259,"10116 NE 8TH ST, 1, Bellevue, WA 98004, USA",,
8260,"15800 Redmond WAY, Redmond, WA 98052, USA",47.6742672,-122.1301408
8261,"7823 SE 28th ST, MERCER ISLAND, WA 98040, USA",47.5849647,-122.2326554
8262,"5700 24th AVE NW, SEATTLE, WA 98107, USA",47.6706609,-122.387274
8263,"425 URBAN PLZ, 100, Kirkland, WA 98033, USA",,
8264,"8867 161ST AVE NE, Redmond, WA 98052, USA",47.6810007,-122.1271572
8265,"1009 MONROE AVE, Enumclaw, WA 98022, USA",47.2005564,-121.99021
8266,"4800 4TH ST NE, RENTON, WA 98059, USA",47.4898049,-122.1548173
8267,"23475 NE NOVELTY HILL RD, Redmond, WA 98053, USA",47.6985688,-122.0259917
8268,"33702 21St AVE SW, Federal Way, WA 98023, USA",47.2979565,-122.3589037
8269,"100 NW 85TH ST, Seattle, WA 98117, USA",47.6920247,-122.3590104
8270,"2041 148TH AVE NE, Bellevue, WA 98007, USA",47.6289306,-122.1447173
8271,"14300 1St AVE S, Burien, WA 98168, USA",47.4753397,-122.3316225
8272,"12221 120th AVE NE, Kirkland, WA 98034, USA",47.7077168,-122.1842004
8273,"26520 MAPLE VALLEY BLACK DIAMON RD SE, Maple Valley, WA 98038, USA",,
8274,"6721 MARTIN LUTHER KING JR WAY S, SEATTLE, WA 98118, USA",47.5418934,-122.2839755
8275,"14350 Tukwila International, Tukwila, WA 98168, USA",,
8276,"90 CENTRAL WAY, KIRKLAND, WA 98033, USA",47.6765042,-122.2086857
8277,"101 E NORTH BEND WAY, NORTH BEND, WA 98045, USA",47.4947418,-121.7857059
8278,"2319 E MADISON ST, SEATTLE, WA 98112, USA",47.6193639,-122.3018673
8279,"211 3RD ST S, KIRKLAND, WA 98033, USA",47.6738877,-122.2035224
8280,"111 QUEEN ANNE AVE N, 102, Seattle, WA 98109, USA",,
8281,"900 S JACKSON ST, 215, SEATTLE, WA 98104, USA",,
8282,"4989 LAKEMONT BLVD SE, BELLEVUE, WA 98006, USA",47.5578388,-122.1158817
8283,"1400 NW 56TH ST, SEATTLE, WA 98107, USA",47.6698207,-122.3744943
8284,"2720 3RD AVE, 5, SEATTLE, WA 98121, USA",,
8285,"2331 6th AVE, Seattle, WA 98121, USA",47.617085,-122.3432318
8286,"4605 NE 4TH ST, #5, RENTON, WA 98059, USA",,
8287,"31448 PACIFIC HWY S, FEDERAL WAY, WA 98003, USA",47.3193208,-122.3129205
8288,"2618 BELLEVUE WAY NE, Bellevue, WA 98004, USA",47.634133,-122.2006745
8289,"2717 78TH AVE SE, MERCER ISLAND, WA 98040, USA",47.5861481,-122.234064
8290,"2968 EASTLAKE AVE E, SEATTLE, WA 98102, USA",47.6485754,-122.3233581
8291,"202 W GOWE ST, KENT, WA 98032, USA",47.3807826,-122.2339635
8292,"17848 GARDEN WAY NE, Woodinville, WA 98072, USA",47.7569466,-122.1546657
8293,"701 5TH AVE, 113, SEATTLE, WA 98104, USA",,
8294,"1420 5TH AVE, #203, SEATTLE, WA 98101, USA",47.610375,-122.3340529
8295,"1501 4TH AVE, #103, SEATTLE, WA 98101, USA",47.6102175,-122.3377635
8296,"10900 NE 4TH ST, 270, BELLEVUE, WA 98004, USA",,
8297,"1633 BELLEVUE AVE, STE B, Seattle, WA 98122, USA",,
8298,"1299 156TH AVE NE, #145, BELLEVUE, WA 98007, USA",,
8299,"2366 EASTLAKE AVE E, Seattle, WA 98102, USA",47.641428,-122.325667
8300,"100 ANDOVER PARK W, 160, TUKWILA, WA 98188, USA",,
8301,"3928 FACTORIA SQUARE MALL ST, B04, BELLEVUE, WA 98006, USA",,
8302,"1817 QUEEN ANNE AVE N, A, SEATTLE, WA 98109, USA",47.6352961,-122.35714
8303,"4116 E MADISON ST, SEATTLE, WA 98112, USA",47.6353009,-122.2790111
8304,"3801 STONE WAY N, D, SEATTLE, WA 98103, USA",47.6534183,-122.3427909
8305,"10024 MAIN ST, BOTHELL, WA 98011, USA",47.7602604,-122.2064482
8306,"660 S KING ST, Seattle, WA 98104, USA",47.5984711,-122.3244898
8307,"2034 NW 56TH ST, SEATTLE, WA 98107, USA",47.6695718,-122.3836631
8308,"34812 SE DOUGLAS ST, SNOQUALMIE, WA 98065, USA",47.5276923,-121.8755897
8309,"24817 PACIFIC HWY S, #206, KENT, WA 98032, USA",,
8310,"3423 S 160TH ST, SEA TAC, WA 98188, USA",,
8311,"3413 SW GRAHAM ST, SEATTLE, WA 98126, USA",47.5463409,-122.3757822
8312,"18001 NE 76TH ST, REDMOND, WA 98052, USA",47.6712992,-122.0993757
8313,"14504 NE 20TH ST, BELLEVUE, WA 98007, USA",47.6285221,-122.1468329
8314,"1610 S 341ST PL, J, FEDERAL WAY, WA 98003, USA",,
8315,"1610 S 341ST PL, #J, FEDERAL WAY, WA 98003, USA",,
8316,"13550 NE VILLAGE SQUARE DR, Suite 1030, WOODINVILLE, WA 98072, USA",,
8317,"9701 15TH AVE NW, Seattle, WA 98117, USA",47.6999464,-122.3782232
8318,"1920 DEXTER AVE N, Seattle, WA 98109, USA",47.6364763,-122.3422175
8319,"10610 NE 9TH PL, # 114, BELLEVUE, WA 98004, USA",,
8320,"4301 UNIVERSITY WAY NE, SEATTLE, WA 98105, USA",47.6599036,-122.3133371
8321,"1424 11TH AVE, SEATTLE, WA 98122, USA",47.6137158,-122.3177532
8322,"4516 MERIDIAN AVE N, 100A, Seattle, WA 98103, USA",,
8323,"1111 E MAIN ST, AUBURN, WA 98002, USA",47.308064,-122.214505
8324,"22021 7TH AVE S, #2, DES MOINES, WA 98198, USA",,
8325,"501 S JACKSON ST, SEATTLE, WA 98104, USA",47.5990462,-122.327509
8326,"620 AUBURN WAY S, STE B, AUBURN, WA 98002, USA",,
8327,"19600 144th AVE NE, WOODINVILLE, WA 98072, USA",47.7695619,-122.1476588
8328,"1215 GRIFFIN AVE, Enumclaw, WA 98022, USA",47.2038389,-121.9900705
8329,"12966 SE KENT KANGLEY RD, KENT, WA 98030, USA",47.3601487,-122.1660454
8330,"6116 PHINNEY AVE N, Seattle, WA 98103, USA",47.6736605,-122.3541714
8331,"11929 124TH AVE NE, KIRKLAND, WA 98034, USA",47.7064743,-122.1780486
8332,"5509 UNIVERSITY WAY NE, #C, SEATTLE, WA 98105, USA",,
8333,"641 NW RICHMOND BEACH RD, SEATTLE, WA 98177, USA",,
8334,"4017 A ST SE, 107, AUBURN, WA 98002, USA",,
8335,"1101 Outlet Collection Way Suite #1248, Auburn, WA 98001, USA",,
8336,"317 S MEEKER ST, KENT, WA 98032, USA",47.3812315,-122.2546838
8337,"4401 WALLINGFORD AVE N, Seattle, WA 98103, USA",47.6604268,-122.3363818
8338,"1530 11TH AVE, SEATTLE, WA 98122, USA",47.6151088,-122.3179752
8339,"801 LENORA ST, SEATTLE, WA 98121, USA",47.6164977,-122.3376528
8340,"11900 NE VILLAGE PLZ, 164, KIRKLAND, WA 98034, USA",,
8341,"3417 EVANSTON AVE N, #105, SEATTLE, WA 98103, USA",47.6506774,-122.351745
8342,"223 W GALER ST, A, SEATTLE, WA 98119, USA",47.6322095,-122.360304
8343,"17171 BOTHELL WAY NE, 001, LAKE FOREST PARK, WA 98155, USA",,
8344,"426 MAIN AVE S, NORTH BEND, WA 98045, USA",47.4921896,-121.787931
8345,"16222 SYLVESTER RD SW, Seattle, WA 98166, USA",,
8346,"14810 NE 145TH ST, Suite B, Woodinville, WA 98072, USA",,
8347,"18124 E VALLEY HWY, KENT, WA 98032, USA",47.4398259,-122.2211172
8348,"522 S KING ST, SEATTLE, WA 98104, USA",47.5984632,-122.3266587
8349,"2327 SW 336TH ST, FEDERAL WAY, WA 98023, USA",47.2998142,-122.3636241
8350,"12620 SE 41ST PL, BELLEVUE, WA 98006, USA",47.5728719,-122.1725322
8351,"2541 GRIFFIN AVE, ENUMCLAW, WA 98022, USA",47.2068545,-122.002648
8352,"37 103RD AVE NE, BELLEVUE, WA 98004, USA",47.6111708,-122.2032349
8353,"1250 1st AVE S, Seattle, WA 98134, USA",47.5913974,-122.332507
8354,"4056 FACTORIA MALL SE, BELLEVUE, WA 98006, USA",,
8355,"18223 BOTHELL WAY NE, BOTHELL, WA 98011, USA",47.7605511,-122.2080574
8356,"46630 SE NORTH BEND WAY, NORTH BEND, WA 98045, USA",47.4676364,-121.7168426
8357,"46600 SE NORTH BEND WAY, North Bend, WA 98045, USA",47.4683588,-121.7168867
8358,"458 SW MOUNT SI BLVD, B2, NORTH BEND, WA 98045, USA",,
8359,"213 3RD ST, KIRKLAND, WA 98033, USA",47.6768134,-122.203775
8360,"15213 MILITARY RD S, SEA TAC, WA 98188, USA",,
8361,"7211 NE 181ST ST, KENMORE, WA 98028, USA",47.7589095,-122.244143
8362,"4634 E MARGINAL WAY S, E120, SEATTLE, WA 98115, USA",,
8363,"13405 NE 175TH ST, Woodinville, WA 98072, USA",47.7540771,-122.1603249
8364,"31533 PACIFIC HWY S, Federal Way, WA 98003, USA",47.3190356,-122.313771
8365,"555 NW GILMAN BLVD, ISSAQUAH, WA 98027, USA",47.5420502,-122.0452757
8366,"2201 4TH AVE S, SEATTLE, WA 98134, USA",47.583819,-122.3295008
8367,"3705 FACTORIA BLVD SE, BELLEVUE, WA 98006, USA",47.577297,-122.1698705
8368,"14506 BOTHELL WAY NE, LAKE FOREST PARK, WA 98155, USA",47.7340589,-122.292011
8369,"10711 16TH AVE SW, Seattle, WA 98146, USA",47.506711,-122.3553895
8370,"17809 108TH AVE SE, Renton, WA 98055, USA",47.4427135,-122.1973957
8371,"15059 1ST AVE S, BURIEN, WA 98148, USA",47.4671622,-122.334249
8372,"27001 PACIFIC HWY S, DES MOINES, WA 98198, USA",47.3595107,-122.3090384
8373,"322 WASHINGTON AVE S, KENT, WA 98032, USA",47.379015,-122.2470056
8374,"16350 W VALLEY HWY, TUKWILA, WA 98188, USA",47.4571074,-122.2434315
8375,"2031 SW CAMPUS DR, Federal Way, WA 98023, USA",47.3004232,-122.3604959
8376,"1330 S 348TH ST, Federal Way, WA 98003, USA",47.2898573,-122.3173782
8377,"1960 148TH AVE NE, REDMOND, WA 98052, USA",47.6274362,-122.1427395
8378,"320 RAINIER AVE S, Renton, WA 98057, USA",47.4794414,-122.2167929
8379,"23920 104TH AVE SE, KENT, WA 98031, USA",47.3875543,-122.2021032
8380,"501 15TH ST NE, AUBURN, WA 98002, USA",47.3209401,-122.2231363
8381,"11624 124TH AVE NE, KIRKLAND, WA 98034, USA",47.7047587,-122.1753529
8382,"710 AUBURN WAY S, AUBURN, WA 98002, USA",47.3006349,-122.2239379
8383,"18812 INTERNATIONAL BLVD S, SEATAC, WA 98188, USA",,
8384,"1110 N 90TH ST, SEATTLE, WA 98103, USA",47.6943339,-122.3443337
8385,"5918 15TH AVE NW, SEATTLE, WA 98107, USA",47.6721005,-122.375861
8386,"727 ROOSEVELT AVE, ENUMCLAW, WA 98022, USA",47.1998111,-121.987248
8387,"16989 REDMOND WAY, REDMOND, WA 98052, USA",47.6712239,-122.1137086
8388,"23848 225TH WAY SE, MAPLE VALLEY, WA 98038, USA",47.3873911,-122.0419017
8389,"5212 RAINIER AVE S, SEATTLE, WA 98118, USA",47.5557326,-122.2829134
8390,"2136 1ST AVE, SEATTLE, WA 98121, USA",47.6126345,-122.344926
8391,"725 PIKE ST, Seattle, WA 98101, USA",47.6117021,-122.3324996
8392,"908 STEWART ST, SEATTLE, WA 98101, USA",47.6158628,-122.3344834
8393,"1010 BELLEVUE SQUARE, BELLEVUE, WA 98004, USA",,
8394,"7100 FUN CENTER WAY, #140, TUKWILA, WA 98188, USA",,
8395,"677 120TH AVE NE, Bellevue, WA 98005, USA",47.6162309,-122.1808153
8396,"210 MAIN ST, KIRKLAND, WA 98033, USA",47.6766457,-122.2046819
8397,"11016 8TH AVE NE, SEATTLE, WA 98125, USA",47.7092728,-122.3202727
8398,"8004 GREENWOOD AVE N, SEATTLE, WA 98103, USA",47.6871376,-122.3550656
8399,"18404 120TH AVE NE, 102, BOTHELL, WA 98011, USA",,
8400,"1033 NE 65TH ST, SEATTLE, WA 98115, USA",47.675689,-122.3160243
8401,"330 SW 43RD ST, SUITE M, RENTON, WA 98057, USA",,
8402,"365 S GRADY WAY, 3G, RENTON, WA 98057, USA",,
8403,"865 WATSON ST N, Enumclaw, WA 98022, USA",47.1984809,-121.9786912
8404,"1302 W MEEKER ST, KENT, WA 98032, USA",47.3809486,-122.2499971
8405,"5 14TH ST NE, AUBURN, WA 98002, USA",47.3202236,-122.2300865
8406,"15037 TUKWILLA INTERNATIONAL BLVD, TUKWILA, WA 98188, USA",,
8407,"1125 NW GILMAN BLVD, ISSAQUAH, WA 98027, USA",47.5449366,-122.053496
8408,"2212 RAINIER AVE S, SEATTLE, WA 98144, USA",47.5832043,-122.3013919
8409,"3500 SW AVALON WAY, Seattle, WA 98126, USA",47.5644673,-122.3765789
8410,"14006 SE PETROVITSKY RD, Renton, WA 98058, USA",47.4457791,-122.15337
8411,"10055 16TH AVE SW, SEATTLE, WA 98146, USA",47.5120695,-122.3553647
8412,"15010 AURORA AVE N, SEATTLE, WA 98133, USA",47.7382035,-122.3447057
8413,"5611 221ST PL SE, ISSAQUAH, WA 98027, USA",47.5517467,-122.0459516
8414,"4114 NE 4TH ST, Renton, WA 98059, USA",47.488874,-122.1627757
8415,"35500 ENCHANTED PKWY S, FEDERAL WAY, WA 98003, USA",47.281897,-122.312921
8416,"726 MT SI BLVD, NORTH BEND, WA 98045, USA",,
8417,"809 KENT DES MOINES RD, Seattle, WA 98198, USA",,
8418,"101 2nd ST, RENTON, WA 98057, USA",47.4821183,-122.2201454
8419,"1140 ELLIOTT AVE W, SEATTLE, WA 98119, USA",47.6296035,-122.3716966
8420,"12430 116TH AVE NE, Kirkland, WA 98034, USA",47.712042,-122.1856556
8421,"11701 LAKE CITY WAY NE, SEATTLE, WA 98125, USA",47.7145809,-122.2985253
8422,"6733 NE 181ST ST, KENMORE, WA 98028, USA",47.7594634,-122.2508759
8423,"430 228TH AVE NE, SAMMAMISH, WA 98074, USA",47.6136547,-122.0350737
8424,"12005 NE 85TH ST, KIRKLAND, WA 98033, USA",47.6790355,-122.1801781
8425,"2853 NW MARKET ST, SEATTLE, WA 98107, USA",47.6685704,-122.3933775
8426,"6820 S 180TH ST, TUKWILA, WA 98188, USA",47.4416693,-122.2478144
8427,"17140 REDMOND WAY, Redmond, WA 98052, USA",47.6712939,-122.1122967
8428,"15305 8TH AVE SW, Seattle, WA 98166, USA",47.5191362,-122.3454449
8429,"23315 MV-BLACK DIAMOND RD SE, MAPLE VALLEY, WA 98038, USA",,
8430,"3920 FACTORIA BLVD SE, Bellevue, WA 98006, USA",47.5750528,-122.1689667
8431,"17211 SE 272ND ST, KENT, WA 98042, USA",47.3580052,-122.1387069
8432,"25649 104TH AVE SE, KENT, WA 98030, USA",47.3711807,-122.2027214
8433,"13912 NE 175TH ST, Woodinville, WA 98072, USA",47.7545625,-122.1538042
8434,"1928 S COMMONS MALL, H 10, FEDERAL WAY, WA 98003, USA",,
8435,"9211 HOLMAN RD NW, SEATTLE, WA 98117, USA",47.696869,-122.3724228
8436,"14201 INTERURBAN AVE S, Seattle, WA 98168, USA",,
8437,"2215 E UNION ST, SEATTLE, WA 98122, USA",47.6127817,-122.302989
8438,"1608 S ROBERTO MAESTAS FESTIVAL ST, SEATTLE, WA 98144, USA",47.5795632,-122.3115269
8439,"219 BROADWAY E, #26B, SEATTLE, WA 98102, USA",,
8440,"830 DEXTER AVE N, SEATTLE, WA 98109, USA",47.6265779,-122.3422102
8441,"1620 BROADWAY, 100H, Seattle, WA 98122, USA",,
8442,"18036 E MARGINAL WAY S, TUKWILA, WA 98168, USA",47.4935248,-122.2858922
8443,"14130 JUANITA DR NE, #101, KIRKLAND, WA 98034, USA",,
8444,"14400 AMBAUM BLVD SW, E, BURIEN, WA 98166, USA",,
8445,"400 1ST AVE N, ALGONA, WA 98001, USA",47.2789283,-122.2496631
8446,"12225 AURORA AVE N, SEATTLE, WA 98133, USA",47.7186049,-122.3450436
8447,"540 RAINIER AVE S, RENTON, WA 98057, USA",47.4924046,-122.2186974
8448,"24608 36TH AVE S, KENT, WA 98032, USA",47.3584344,-122.2879492
8449,"8515 35TH AVE NE, Seattle, WA 98115, USA",47.6906381,-122.2911635
8450,"25638 MAPLE VALLEY BLK DIAMOND RD SE, Maple Valley, WA 98038, USA",,
8451,"24425 SE 216TH ST, Maple Valley, WA 98038, USA",47.4072516,-122.014642
8452,"27500 228TH AVE SE, MAPLE VALLEY, WA 98038, USA",47.3497568,-122.0376969
8453,"655 S KING ST, SEATTLE, WA 98104, USA",47.5982365,-122.3247951
8454,"180 BELLEVUE WAY, BELLEVUE, WA 98004, USA",47.6156756,-122.2028476
8455,"6757 8TH AVE NW, Seattle, WA 98117, USA",47.6794598,-122.3662573
8456,"3012 NE BLAKELEY ST, SEATTLE, WA 98105, USA",47.6646279,-122.2952899
8457,"1471 NW 85TH ST, Seattle, WA 98117, USA",47.6904829,-122.3756517
8458,"4718 CALIFORNIA AVE SW, SEATTLE, WA 98116, USA",47.5605097,-122.3865915
8459,"2300 TALBOT RD S, Renton, WA 98055, USA",47.4585362,-122.2110953
8460,"5907 24TH AVE NW, SEATTLE, WA 98107, USA",47.6719038,-122.387829
8461,"7800 S 132ND ST, SEATTLE, WA 98178, USA",47.4853991,-122.2371628
8462,"5909 24TH AVE NW, SEATTLE, WA 98107, USA",47.6719658,-122.3878282
8463,"1313 183RD AVE NE, BELLEVUE, WA 98008, USA",47.621826,-122.0974161
8464,"514 E PINE ST, SEATTLE, WA 98122, USA",47.6154268,-122.3253103
8465,"1036 S JACKSON ST, A, SEATTLE, WA 98104, USA",,
8466,"7101 M L KING JR WAY S, SEATTLE, WA 98118, USA",,
8467,"1112 S 344TH ST, 304, FEDERAL WAY, WA 98003, USA",,
8468,"1212 S MAIN ST, Seattle, WA 98144, USA",47.6001682,-122.3164187
8469,"312 Central Way, # 103, Kirkland, WA 98033, USA",47.6777865,-122.2027022
8470,"9733 NE 117TH LN, KIRKLAND, WA 98034, USA",47.7054832,-122.211227
8471,"345 15TH AVE E, 201, Seattle, WA 98112, USA",,
8472,"21850 PACIFIC HWY S, DES MOINES, WA 98198, USA",47.405491,-122.2982076
8473,"219 BROADWAY E, #14, SEATTLE, WA 98102, USA",47.6205327,-122.321342
8474,"14603 NE 20TH ST, #4-3, BELLEVUE, WA 98007, USA",,
8475,"1480 NW 70TH ST, SEATTLE, WA 98117, USA",47.679633,-122.376346
8476,"2106 N 55TH ST, SEATTLE, WA 98103, USA",47.6687837,-122.333474
8477,"19600 144TH AVE NE, B, WOODINVILLE, WA 98072, USA",,
8478,"803 DEXTER AVE N, SEATTLE, WA 98109, USA",47.6269357,-122.3425442
8479,"989 112TH AVE NE, #105, BELLEVUE, WA 98004, USA",47.6192057,-122.1913009
8480,"317 NW GILMAN BLVD, Issaquah, WA 98027, USA",47.5399898,-122.0423627
8481,"6920 COAL CREEK PKWY SE, NEWCASTLE, WA 98059, USA",47.5395198,-122.1647384
8482,"2120 4TH AVE, SEATTLE, WA 98121, USA",47.6143781,-122.341884
8483,"15230 NE 24TH ST, 1-R, REDMOND, WA 98052, USA",,
8484,"4908-A RAINIER AVE S, SEATTLE, WA 98118, USA",47.5564431,-122.2840965
8485,"193 106TH AVE NE, BELLEVUE, WA 98004, USA",47.6118218,-122.1989738
8486,"1011 VALLEY ST, SEATTLE, WA 98109, USA",47.6255812,-122.3366232
8487,"10256 16th AVE SW, Seattle, WA 98146, USA",47.510226,-122.3546981
8488,"3300 4th AVE S, A, Seattle, WA 98134, USA",,
8489,"4435 A ST SE, C, AUBURN, WA 98002, USA",,
8490,"217 SW 152ND ST, BURIEN, WA 98166, USA",47.4666459,-122.3373043
8491,"17825 1st AVE S, NORMANDY PARK, WA 98148, USA",47.4426875,-122.334769
8492,"10050 15th AVE SW, SEATTLE, WA 98146, USA",47.51224,-122.3536136
8493,"2645 S 298th ST, FEDERAL WAY, WA 98023, USA",47.3346856,-122.2982377
8494,"23839 Pacific HWY S, DES MOINES, WA 98198, USA",47.3871748,-122.2968119
8495,"17825 1ST AVE S, NORMANDY PARK, WA 98148, USA",47.4426875,-122.334769
8496,"1225 GRIFFIN ALY, ENUMCLAW, WA 98022, USA",,
8497,"25415 104th AVE SE, Kent, WA 98030, USA",47.3739606,-122.2028381
8498,"16720 REDMOND WAY, A, Redmond, WA 98052, USA",,
8499,"7200 AURORA AVE N, SEATTLE, WA 98103, USA",47.6817959,-122.3439993
8500,"1841 120th ST, SEATTLE, WA 98168, USA",47.7156743,-122.3089945
8501,"7300 RAINIER AVE S, SEATTLE, WA 98118, USA",47.5366922,-122.2699113
8502,"2101 AUBURN WAY N, AUBURN, WA 98002, USA",47.3258651,-122.2219617
8503,"4003 A ST SE, AUBURN, WA 98002, USA",47.2729901,-122.2294935
8504,"2002 S 320TH ST, FEDERAL WAY, WA 98003, USA",47.3154842,-122.3082653
8505,"2921 MARTIN LUTHER KING JR WAY S, SEATTLE, WA 98144, USA",47.5769813,-122.2968156
8506,"4619 NE SUNSET BLVD, Renton, WA 98059, USA",47.5052747,-122.1576621
8507,"301 N CENTRAL AVE, Kent, WA 98032, USA",47.3834931,-122.2314049
8508,"25914 PACIFIC HWY S, Kent, WA 98032, USA",47.3690979,-122.3029022
8509,"15101 AMBAUM BLVD SW, BURIEN, WA 98166, USA",47.4674278,-122.3458439
8510,"2255 140TH AVE NE, A, Bellevue, WA 98005, USA",,
8511,"415 Central AVE N, KENT, WA 98032, USA",47.3845425,-122.2314528
8512,"15221 AURORA AVE N, SHORELINE, WA 98133, USA",47.7391766,-122.3450284
8513,"9600 16TH AVE SW, SEATTLE, WA 98106, USA",47.5391237,-122.3550033
8514,"3427 RAINIER AVE S, SEATTLE, WA 98144, USA",47.5720651,-122.2937041
8515,"551 S MICHIGAN ST, SEATTLE, WA 98108, USA",47.5456611,-122.3268527
8516,"3172 NE SUNSET BLVD, Renton, WA 98056, USA",47.5044346,-122.1770737
8517,"2824 AUBURN WAY N, AUBURN, WA 98002, USA",47.3329253,-122.2207152
8518,"314 PARK AVE N, RENTON, WA 98057, USA",47.4862607,-122.2024462
8519,"13256 NEWCASTLE COMMONS, NEWCASTLE, WA 98059, USA",47.5437064,-122.1620651
8520,"20034 INTERNATIONAL BLVD, SEATAC, WA 98198, USA",47.4222761,-122.2966279
8521,"4222 UNIVERSITY WAY NE, SEATTLE, WA 98105, USA",47.6590377,-122.3130072
8522,"9641 15TH AVE SW, SEATTLE, WA 98146, USA",47.5161858,-122.3542063
8523,"15423 SE 272ND ST, 104, KENT, WA 98042, USA",,
8524,"2322 SW 336TH ST, FEDERAL WAY, WA 98023, USA",47.3013476,-122.363556
8525,"31248 PACIFIC HWY S, STE B, FEDERAL WAY, WA 98003, USA",,
8526,"530 RAINIER AVE S, Renton, WA 98057, USA",47.4921171,-122.2185737
8527,"730 NW GILMAN BLVD, C105, Issaquah, WA 98027, USA",,
8528,"1529 W MEEKER ST, 104, KENT, WA 98032, USA",47.3815225,-122.2549818
8529,"13621 AMBAUM BLVD SW, BURIEN, WA 98166, USA",47.4805485,-122.3486282
8530,"1841 S 120TH ST, Burien, WA 98168, USA",47.495406,-122.3085767
8531,"17308 SOUTHCENTER PKWY, TUKWILA, WA 98188, USA",47.4484027,-122.2616015
8532,"10256 12TH AVE SW, SEATTLE, WA 98146, USA",47.5102969,-122.3499066
8533,"11064 LAKE CITY WAY NE, 14, SEATTLE, WA 98125, USA",,
8534,"301 NW 85TH ST, Seattle, WA 98117, USA",47.6903392,-122.3608285
8535,"23646 PACIFIC HWY S, KENT, WA 98032, USA",47.3901667,-122.295309
8536,"1452 NW 70TH ST, Seattle, WA 98117, USA",47.6796495,-122.3749071
8537,"4053 FACTORIA SQUARE MALL, BELLEVUE, WA 98006, USA",,
8538,"1215 NORTH LANDING WAY, RENTON, WA 98057, USA",47.4963659,-122.1998716
8539,"2201 S COMMONS, FEDERAL WAY, WA 98003, USA",47.3131675,-122.3054303
8540,"1401 2ND AVE, SEATTLE, WA 98101, USA",47.6082644,-122.3386109
8541,"26301 104TH AVE SE, KENT, WA 98030, USA",47.3659203,-122.2034605
8542,"272 116TH AVE NE, BELLEVUE, WA 98004, USA",47.6124647,-122.1850746
8543,"302 NE NORTHGATE WAY, SEATTLE, WA 98125, USA",47.709453,-122.3248342
8544,"301 STRANDER BLVD, TUKWILA, WA 98188, USA",47.4550348,-122.2588669
8545,"755 NW GILMAN BLVD, Issaquah, WA 98027, USA",47.5422019,-122.049598
8546,"4053 FACTORIA SQUARE MALL SE, Bellevue, WA 98006, USA",47.5741986,-122.1729242
8547,"17700 NE 76TH ST, REDMOND, WA 98052, USA",47.6725645,-122.1034403
8548,"600 W CROCKETT ST, SEATTLE, WA 98119, USA",47.6378861,-122.365163
8549,"14450 WOODINVILLE REDMOND RD NE, 103, WOODINVILLE, WA 98072, USA",,
8550,"26011 104TH AVE SE, KENT, WA 98030, USA",47.3686501,-122.2027781
8551,"6815 RAINIER AVE S, SEATTLE, WA 98118, USA",47.5409403,-122.2722181
8552,"6536 E LAKE SAMMAMISH PKWY NE, 107, REDMOND, WA 98052, USA",,
8553,"5517 ROOSEVELT WAY NE, SEATTLE, WA 98105, USA",47.6690767,-122.3175771
8554,"5507 ROOSEVELT WAY NE, SEATTLE, WA 98105, USA",47.6689162,-122.3176168
8555,"2300 CALIFORNIA AVE SW, Seattle, WA 98116, USA",47.5828828,-122.3862617
8556,"4523 UNIVERSITY WAY NE, Seattle, WA 98105, USA",47.6619755,-122.3132932
8557,"14509 NE 20TH ST, D, BELLEVUE, WA 98007, USA",,
8558,"124 CENTRAL AVE N, KENT, WA 98032, USA",47.3822844,-122.2306754
8559,"18230 E VALLEY HWY, #153, KENT, WA 98032, USA",47.4385839,-122.220247
8560,"10216 SE 256TH ST, 111, KENT, WA 98030, USA",,
8561,"1046 S JACKSON ST, SEATTLE, WA 98104, USA",47.5994844,-122.3176014
8562,"24202 104TH AVE SE, #106, KENT, WA 98030, USA",,
8563,"707 148TH AVE NE, BELLEVUE, WA 98007, USA",47.6163075,-122.1437555
8564,"3700 FACTORIA BLVD SE, F, BELLEVUE, WA 98006, USA",47.5773729,-122.167799
8565,"2217 140TH AVE NE, BELLEVUE, WA 98005, USA",47.629857,-122.15487
8566,"1810 12TH AVE NW, D, ISSAQUAH, WA 98027, USA",47.5513256,-122.0549427
8567,"157 YESLER WAY S, SEATTLE, WA 98104, USA",47.6016018,-122.3324637
8568,"3808 18TH AVE SW, SEATTLE, WA 98106, USA",47.5697806,-122.3566182
8569,"18230 E VALLEY HWY, #136, KENT, WA 98032, USA",47.4385839,-122.220247
8570,"903 19TH AVE E, A, SEATTLE, WA 98112, USA",,
8571,"505 BELLEVUE SQ, BELLEVUE, WA 98004, USA",,
8572,"1406 12TH AVE, SEATTLE, WA 98122, USA",47.6132837,-122.316628
8573,"501 E PIKE ST, 100, SEATTLE, WA 98122, USA",,
8574,"16050 CLEVELAND ST, 110, REDMOND, WA 98052, USA",,
8575,"2323 2ND AVE, SEATTLE, WA 98121, USA",47.6144388,-122.3466684
8576,"3627 STONE WAY N, SEATTLE, WA 98103, USA",47.6516471,-122.3431061
8577,"15035 MILITARY RD S, SEATAC, WA 98188, USA",47.4676614,-122.2895022
8578,"410 OCCIDENTAL AVE S, SEATTLE, WA 98104, USA",47.5988248,-122.3326622
8579,"1521 MELROSE AVE, SEATTLE, WA 98122, USA",47.6146314,-122.3280607
8580,"124 REPUBLICAN ST, SEATTLE, WA 98109, USA",47.6234367,-122.3544054
8581,"1514 4TH AVE, Seattle, WA 98101, USA",47.6107581,-122.3366804
8582,"410 STEWART ST, SEATTLE, WA 98101, USA",47.6125905,-122.3386268
8583,"1631 E OLIVE WAY, SEATTLE, WA 98102, USA",47.6194168,-122.3242875
8584,"1420 NE 65TH ST, Unit # 2, SEATTLE, WA 98115, USA",,
8585,"1525 HARVARD AVE, SEATTLE, WA 98122, USA",47.6148763,-122.3223742
8586,"22309 7TH AVE S, D1, DES MOINES, WA 98198, USA",,
8587,"1600 DEXTER AVE N, SEATTLE, WA 98109, USA",47.6331303,-122.3421047
8588,"4527 UNIVERSITY WAY NE, SEATTLE, WA 98105, USA",47.6621033,-122.3132913
8589,"711 228th AVE NE, Sammamish, WA 98074, USA",47.6157347,-122.0363769
8590,"16854 SOUTHCENTER PKWY, TUKWILA, WA 98188, USA",47.4525778,-122.261572
8591,"17651 1ST AVE S, 104, NORMANDY PARK, WA 98148, USA",,
8592,"13317 NE 175TH ST, UNIT U, WOODINVILLE, WA 98072, USA",,
8593,"15230 NE 24TH ST, H, REDMOND, WA 98052, USA",47.6319326,-122.1366327
8594,"7803 SE 27th ST, 176, Mercer Island, WA 98040, USA",,
8595,"1012 NE 65TH ST, Seattle, WA 98115, USA",47.6759083,-122.3170998
8596,"15600 NE 8TH ST, SUITE H-7, BELLEVUE, WA 98008, USA",,
8597,"14705 AURORA AVE N, SHORELINE, WA 98133, USA",47.7353264,-122.3457088
8598,"552 DENNY WAY, SEATTLE, WA 98109, USA",47.6187394,-122.3460434
8599,"1020 108TH AVE NE, BELLEVUE, WA 98004, USA",47.6198717,-122.1959344
8600,"126 S JACKSON ST, Seattle, WA 98104, USA",47.5993131,-122.333232
8601,"2524 S JACKSON ST, SEATTLE, WA 98144, USA",47.5993461,-122.2994898
8602,"516 S JACKSON ST, SEATTLE, WA 98104, USA",47.5993774,-122.326822
8603,"1299 156TH AVE NE, BELLEVUE, WA 98007, USA",47.6211273,-122.1331859
8604,"233 106TH AVE NE, BELLEVUE, WA 98004, USA",47.6129804,-122.1993322
8605,"504 5TH AVE S, Seattle, WA 98104, USA",47.5976328,-122.327506
8606,"311 NE THORTON PL, SEATTLE, WA 98125, USA",,
8607,"2414 BEACON AVE S, SEATTLE, WA 98144, USA",47.5815997,-122.314125
8608,"1903 10TH AVE W, #C, SEATTLE, WA 98119, USA",,
8609,"718 TAYLOR AVE N, Seattle, WA 98109, USA",47.6260321,-122.3457831
8610,"3080 148TH AVE SE, 101, Bellevue, WA 98007, USA",,
8611,"13027 AURORA AVE N, SEATTLE, WA 98133, USA",47.7243841,-122.3454764
8612,"16256 MILITARY RD S, #110, SEA TAC, WA 98188, USA",,
8613,"4017 A ST SE, AUBURN, WA 98002, USA",47.2723462,-122.2298655
8614,"5400 RAINIER AVE S, SEATTLE, WA 98118, USA",47.5532629,-122.278924
8615,"6100 E LAKE SAMMAMISH PKWY SE, B, ISSAQUAH, WA 98029, USA",,
8616,"4207 GILMAN AVE W, SEATTLE, WA 98199, USA",47.6577752,-122.3892433
8617,"3121 E MADISON ST, Seattle, WA 98112, USA",47.6263341,-122.2915402
8618,"13620 NE 175th ST, #104, WOODINVILLE, WA 98072, USA",,
8619,"364 RENTON CENTER WAY SW, #55, RENTON, WA 98057, USA",,
8620,"1425 130TH AVE NE, BELLEVUE, WA 98005, USA",47.6230654,-122.167587
8621,"806 NW 85TH ST, Seattle, WA 98117, USA",47.6909264,-122.3666943
8622,"1040 STEVENSON AVE, I, ENUMCLAW, WA 98022, USA",,
8623,"4957 LAKEMONT BLVD SE, Bellevue, WA 98006, USA",47.5577884,-122.1148493
8624,"1608 SW DASH POINT RD, FEDERAL WAY, WA 98023, USA",47.3239054,-122.3557502
8625,"1263 N 205TH ST, #103, SHORELINE, WA 98133, USA",,
8626,"111 15TH AVE E, SEATTLE, WA 98112, USA",47.6189001,-122.312906
8627,"2100 N NORTHGATE WAY, #B, Seattle, WA 98040, USA",,
8628,"11512 124TH AVE NE, KIRKLAND, WA 98033, USA",47.7032374,-122.1751935
8629,"14419 GREENWOOD AVE N, B, SEATTLE, WA 98133, USA",,
8630,"80 ANDOVER PARK W, TUKWILA, WA 98188, USA",47.4605886,-122.253606
8631,"12813 SE 38TH ST, BELLEVUE, WA 98006, USA",47.5757401,-122.1686482
8632,"20320 BALLINGER WAY NE, SHORELINE, WA 98155, USA",47.7765529,-122.3121942
8633,"820 HARVEY RD NE, B&C, Auburn, WA 98002, USA",,
8634,"1717 NE 44TH ST, #D, Renton, WA 98056, USA",,
8635,"16747 SE 272ND ST, Kent, WA 98042, USA",47.3580129,-122.1308365
8636,"2130 SW 336TH ST, Federal Way, WA 98023, USA",47.30143,-122.3624455
8637,"11511 NE 195TH ST, 101, BOTHELL, WA 98011, USA",,
8638,"1101 D ST SE, AUBURN, WA 98002, USA",47.2977434,-122.2244959
8639,"1501 A MELROSE AVE, SEATTLE, WA 98122, USA",47.6139631,-122.3278749
8640,"5625 119TH AVE SE, BELLEVUE, WA 98006, USA",47.5522789,-122.1797708
8641,"4301 228TH AVE NE, REDMOND, WA 98053, USA",47.6482054,-122.038318
8642,"303 SW 148TH ST, BURIEN, WA 98166, USA",47.4702007,-122.3384044
8643,"18336 AURORA AVE N, #116, SHORELINE, WA 98133, USA",,
8644,"34817 ENCHANTED PKWY S, FEDERAL WAY, WA 98003, USA",47.2891259,-122.3139384
8645,"13723 100TH AVE NE, B & C, KIRKLAND, WA 98034, USA",,
8646,"211 1ST AVE S, KENT, WA 98032, USA",47.3805347,-122.2339012
8647,"8020 DOUGLAS AVE SE, SNOQUALMIE, WA 98065, USA",47.5286077,-121.8764611
8648,"323 NE THORNTON PL, SEATTLE, WA 98125, USA",47.7025685,-122.324434
8649,"15 NICKERSON ST, SEATTLE, WA 98109, USA",47.649283,-122.3570292
8650,"7430 164th AVE NE, 225, REDMOND, WA 98052, USA",,
8651,"3717 128TH AVE SE, BELLEVUE, WA 98006, USA",47.5768082,-122.1699673
8652,"14130 JUANITA DR NE, #109, KIRKLAND, WA 98034, USA",,
8653,"563 BELLEVUE SQ, BELLEVUE, WA 98004, USA",,
8654,"412 BROADWAY, Seattle, WA 98122, USA",47.6060965,-122.3205276
8655,"401 NE RAVENNA BLVD, C, Seattle, WA 98115, USA",47.678306,-122.3251274
8656,"2904 1ST AVE, SEATTLE, WA 98121, USA",47.6171623,-122.3526255
8657,"503 S WELLER ST, SEATTLE, WA 98104, USA",47.5973954,-122.3273108
8658,"26321 NE VALLEY ST, Duvall, WA 98019, USA",47.7375759,-121.986799
8659,"8305 15TH AVE NW, Seattle, WA 98117, USA",47.6888691,-122.377185
8660,"201 BOREN AVE N, SEATTLE, WA 98109, USA",47.6199905,-122.3361679
8661,"2021 NW MARKET ST, B, SEATTLE, WA 98107, USA",,
8662,"4543 UNIVERSITY WAY NE, SEATTLE, WA 98105, USA",47.662514,-122.3132854
8663,"600 228th AVE NE, SAMMAMISH, WA 98074, USA",47.6149713,-122.0353461
8664,"13450 1ST AVE S, BURIEN, WA 98168, USA",47.4825691,-122.3337017
8665,"15920 NE 8TH ST, #4, BELLEVUE, WA 98008, USA",,
8666,"8516 122ND AVE NE, C-2, Kirkland, WA 98033, USA",,
8667,"20831 WA 410 E, BONNEY LAKE, WA 98391, USA",,
8668,"6705 GREENWOOD AVE N, SEATTLE, WA 98103, USA",47.678018,-122.355444
8669,"4207 UNIVERSITY WAY NE, Seattle, WA 98105, USA",47.6586007,-122.3133668
8670,"527 BROADWAY E, SEATTLE, WA 98102, USA",47.6238838,-122.3211171
8671,"2309 N 45TH ST, SEATTLE, WA 98103, USA",47.6610051,-122.3311306
8672,"1248 S KING ST, #B, SEATTLE, WA 98144, USA",,
8673,"1200 S JACKSON ST, #8, Seattle, WA 98144, USA",,
8674,"6033 M L KING JR WAY S, SEATTLE, WA 98118, USA",,
8675,"805 NE 65TH ST, #E, SEATTLE, WA 98115, USA",,
8676,"2822 M L KING JR WAY S, SEATTLE, WA 98144, USA",,
8677,"1425 31ST AVE S, SEATTLE, WA 98144, USA",47.5895405,-122.292667
8678,"2122 14TH AVE S, SEATTLE, WA 98144, USA",47.5838333,-122.3144423
8679,"4515 BROOKLYN AVE NE, SEATTLE, WA 98105, USA",47.6620357,-122.3146031
8680,"913 S JACKSON ST, B, SEATTLE, WA 98104, USA",,
8681,"4226 E MADISON ST, SEATTLE, WA 98112, USA",47.6362868,-122.2775671
8682,"959 BROADWAY E, SEATTLE, WA 98102, USA",47.628471,-122.3216569
8683,"2221 NW MARKET ST NW, SEATTLE, WA 98107, USA",,
8684,"812 rainier AVE S, Seattle, WA 98144, USA",47.5955147,-122.3110327
8685,"9796 HOLMAN RD NW, SEATTLE, WA 98117, USA",47.7008833,-122.3635161
8686,"4511 CALIFORNIA AVE SW, SEATTLE, WA 98116, USA",47.5625293,-122.3870064
8687,"8010 RAILROAD AVE, SNOQUALMIE, WA 98065, USA",47.528675,-121.8251217
8688,"3509 SW HENDERSON ST, SEATTLE, WA 98126, USA",47.5227733,-122.3771814
8689,"4609 14TH AVE NW, 108, SEATTLE, WA 98107, USA",47.6623463,-122.3745292
8690,"9839 17TH AVE SW, SEATTLE, WA 98106, USA",47.5144138,-122.3567945
8691,"4131 UNIVERSITY WAY NE, Seattle, WA 98105, USA",47.657773,-122.313395
8692,"5401 CALIFORNIA AVE SW, SEATTLE, WA 98136, USA",47.5537796,-122.3872696
8693,"18916 N Creek Parkway #101, #101, BOTHELL, WA 98011, USA",,
8694,"2000 BENSON RD, RENTON, WA 98055, USA",47.4625821,-122.2032811
8695,"6301 CALIFORNIA AVE SW, SEATTLE, WA 98136, USA",47.5465679,-122.3874781
8696,"22712 SE 436th ST, ENUMCLAW, WA 98022, USA",47.2110485,-122.03866
8697,"919 E JAMES ST, Seattle, WA 98122, USA",47.6066867,-122.3192236
8698,"213 1ST AVE S, SEATTLE, WA 98104, USA",47.6003478,-122.3343945
8699,"1610 2ND AVE, SEATTLE, WA 98101, USA",47.6111373,-122.3399742
8700,"1508 PIKE PL, Seattle, WA 98101, USA",47.6089587,-122.3408098
8701,"19697 SR-2, MONROE, WA 98272, USA",,
8702,"7410 Greenwood AVE N, Seattle, WA 98103, USA",47.6828712,-122.3551054
8703,"30361 SE HIGH POINT WAY, ISSAQUAH, WA 98027, USA",,
8704,"145 NW GILMAN BLVD, ISSAQUAH, WA 98027, USA",47.5389236,-122.0381994
8705,"400 DEXTER AVE N, SEATTLE, WA 98109, USA",47.6227073,-122.3419335
8706,"3642 33RD AVE S, C-6, SEATTLE, WA 98144, USA",,
8707,"255 LENORA ST, 35, SEATTLE, WA 98121, USA",,
8708,"10029 NE 183RD ST, BOTHELL, WA 98011, USA",47.7607864,-122.2062846
8709,"8310 GREENWOOD AVE N, SEATTLE, WA 98103, USA",47.6895162,-122.3550934
8710,"901 FAIRVIEW AVE N, C100, SEATTLE, WA 98109, USA",47.6275761,-122.3339647
8711,"18010 8TH AVE S, Seattle, WA 98148, USA",47.5179116,-122.3232839
8712,"15706 1ST AVE S, BURIEN, WA 98148, USA",47.4622416,-122.3325289
8713,"3041 78TH AVE SE, 904, MERCER ISLAND, WA 98040, USA",,
8714,"1413 E OLIVE WAY, SEATTLE, WA 98122, USA",47.6174647,-122.3262742
8715,"2505 1ST AVE, SEATTLE, WA 98121, USA",47.6146474,-122.3490734
8716,"43030 SE NORTH BEND WAY, NORTH BEND, WA 98045, USA",47.4842471,-121.7636397
8717,"411 1ST AVE S, 104, SEATTLE, WA 98104, USA",,
8718,"18000 INTERNATIONAL BLVD, SEATAC, WA 98188, USA",47.4414106,-122.2953482
8719,"301 NE 65TH ST, SEATTLE, WA 98115, USA",47.6757995,-122.3252848
8720,"708 NW 65TH ST, SEATTLE, WA 98117, USA",47.6761005,-122.3649587
8721,"1368 31ST AVE S, SEATTLE, WA 98144, USA",47.5906124,-122.2921385
8722,"1456 COLE ST, ENUMCLAW, WA 98022, USA",47.2029636,-121.9906192
8723,"375 NW Gilman BLVD, 101A, Issaquah, WA 98027, USA",,
8724,"1511 S LUCILE ST, SEATTLE, WA 98108, USA",47.5533186,-122.3127951
8725,"5520 RAINIER AVE S, SEATTLE, WA 98118, USA",47.5522307,-122.2777628
8726,"6969 CALIFORNIA AVE SW, SEATTLE, WA 98136, USA",47.5408915,-122.3874472
8727,"3300 1ST AVE S, 100, Seattle, WA 98134, USA",,
8728,"810 E ROY ST, SEATTLE, WA 98102, USA",47.62522,-122.321622
8729,"2623 NE UNIVERSITY VILLAGE ST, 7, SEATTLE, WA 98105, USA",,
8730,"13510 100TH AVE NE, Kirkland, WA 98034, USA",47.7215803,-122.2071801
8731,"2319 NW MARKET ST, SEATTLE, WA 98107, USA",47.668597,-122.3867058
8732,"521 QUEEN ANNE AVE N, SEATTLE, WA 98109, USA",47.6239447,-122.3568632
8733,"2701 CALIFORNIA AVE SW, SEATTLE, WA 98116, USA",47.5791923,-122.3871296
8734,"535 W McGraw ST, Seattle, WA 98119, USA",47.6394797,-122.364771
8735,"15611 MAIN ST NE, DUVALL, WA 98019, USA",47.7411185,-121.9863545
8736,"8500 LAKE CITY WAY NE, SEATTLE, WA 98115, USA",47.6906035,-122.307285
8737,"111 PINE ST, SEATTLE, WA 98101, USA",47.6098909,-122.3403787
8738,"18116 101ST AVE NE, BOTHELL, WA 98011, USA",47.7598496,-122.2052533
8739,"4541 CALIFORNIA AVE SW, Seattle, WA 98116, USA",47.5617448,-122.3869958
8740,"21919 MARINE VIEW DR S, Des Moines, WA 98198, USA",47.4053491,-122.325161
8741,"15021 Aurora AVE N, Shoreline, WA 98133, USA",47.7370519,-122.3449541
8742,"1666 GARRETT ST, Enumclaw, WA 98022, USA",,
8743,"7214 WOODLAWN AVE NE, SEATTLE, WA 98115, USA",47.680722,-122.3246961
8744,"8498 SEAVIEW PL NW, SEATTLE, WA 98117, USA",47.6917803,-122.4039684
8745,"935 6th ST S, Kirkland, WA 98033, USA",47.6673707,-122.1965411
8746,"5828 ROOSEVELT WAY NE, Seattle, WA 98105, USA",47.6714723,-122.3171255
8747,"19231 DES MOINES MEMORIAL DR S, SEATTLE, WA 98148, USA",,
8748,"8544 122ND AVE NE, Kirkland, WA 98033, USA",47.6803241,-122.1775605
8749,"5107 BALLARD AVE NW, SEATTLE, WA 98107, USA",47.6645689,-122.3812745
8750,"15178 8TH AVE, BURIEN, WA 98166, USA",47.4670951,-122.344328
8751,"15178 8TH AVE SW, SEATTLE, WA 98166, USA",47.5191362,-122.3454449
8752,"18498 BALLINGER WAY NE, LAKE FOREST PARK, WA 98155, USA",47.7631474,-122.2915091
8753,"907 S 3RD ST, RENTON, WA 98057, USA",47.4795838,-122.205005
8754,"14477 JUANITA DR NE, KENMORE, WA 98028, USA",47.7332026,-122.2573138
8755,"22125 SE 237TH ST, 106, MAPLE VALLEY, WA 98038, USA",,
8756,"14300 NE 145TH ST, 100, WOODINVILLE, WA 98072, USA",,
8757,"8929 ROOSEVELT WAY NE, Seattle, WA 98115, USA",47.6939194,-122.3178788
8758,"118 S WASHINGTON ST, SEATTLE, WA 98104, USA",47.6010083,-122.3333734
8759,"4707 CALIFORNIA AVE SW, B, SEATTLE, WA 98116, USA",47.5608924,-122.3872868
8760,"3100 Airport WAY S, 3-4, Seattle, WA 98134, USA",,
8761,"6503 CALIFORNIA AVE SW, SEATTLE, WA 98136, USA",47.5446407,-122.38742
8762,"2206 CALIFORNIA AVE SW, A, SEATTLE, WA 98116, USA",47.583752,-122.386189
8763,"127 W NORTH BEND WAY, NORTH BEND, WA 98045, USA",47.4951381,-121.7865784
8764,"14515 NE 20th ST, O, Bellevue, WA 98007, USA",,
8765,"2121 N 45TH ST, Seattle, WA 98103, USA",47.6612626,-122.332721
8766,"4302 SW Alaska ST, 204, SEATTLE, WA 98116, USA",,
8767,"3019 MARTIN LUTHER KING JR WAY S, Seattle, WA 98144, USA",47.5762243,-122.29703
8768,"2821 THORNDYKE AVE W, Seattle, WA 98199, USA",47.6454394,-122.3829791
8769,"23225 NE GREENS CROSSING RD, REDMOND, WA 98053, USA",47.7070466,-122.028652
8770,"435 SW 152ND ST, BURIEN, WA 98166, USA",47.4665935,-122.3407871
8771,"1518 1ST AVE S, Seattle, WA 98134, USA",47.5895903,-122.3336988
8772,"820 4th AVE, Seattle, WA 98104, USA",47.6053096,-122.3316569
8773,"1809 MINOR AVE, 101, SEATTLE, WA 98101, USA",,
8774,"17620 140TH AVE SE, C7, RENTON, WA 98058, USA",47.4446712,-122.153506
8775,"10598 NE 10TH ST NE, BELLEVUE, WA 98004, USA",,
8776,"216 STEWART ST, SEATTLE, WA 98101, USA",47.6115023,-122.3400275
8777,"1006 Spring ST, Seattle, WA 98104, USA",47.6098576,-122.3267652
8778,"2051 E MADISON ST, B, SEATTLE, WA 98122, USA",,
8779,"9602 16th AVE SW, SEATTLE, WA 98106, USA",47.5171783,-122.354959
8780,"2122 152ND AVE NE, REDMOND, WA 98052, USA",47.6297315,-122.1366848
8781,"326 9TH AVE, SEATTLE, WA 98104, USA",47.6043661,-122.3233133
8782,"911 164TH AVE NE, BELLEVUE, WA 98008, USA",47.6187868,-122.1221902
8783,"811 5TH AVE, SEATTLE, WA 98104, USA",47.6052373,-122.330741
8784,"1249 S CLOVERDALE ST, SEATTLE, WA 98108, USA",47.5263373,-122.3154114
8785,"16095 CLEVELAND ST, 110, REDMOND, WA 98052, USA",,
8786,"516 HARRISON ST, SEATTLE, WA 98109, USA",47.622775,-122.3468703
8787,"7777 15TH AVE NE, SEATTLE, WA 98115, USA",47.6865034,-122.3123628
8788,"2340 E Cherry ST, Seattle, WA 98122, USA",47.6080882,-122.3022098
8789,"4603 TOLT AVE, CARNATION, WA 98014, USA",47.6487595,-121.9138982
8790,"14800 NE 144TH ST, Woodinville, WA 98072, USA",47.7325575,-122.1439799
8791,"1156 11TH AVE, SEATTLE, WA 98122, USA",47.61262,-122.3179614
8792,"2806 17TH AVE S 5TH, Suite B, SEATTLE, WA 98144, USA",,
8793,"8310 5TH AVE NE, SEATTLE, WA 98115, USA",47.689275,-122.3227822
8794,"426 S Massachusetts ST, seattle, WA 98134, USA",47.5885641,-122.3280552
8795,"1525 1ST AVE, #16, SEATTLE, WA 98101, USA",,
8796,"501 E PINE ST, Seattle, WA 98122, USA",47.6150856,-122.3251369
8797,"1628 DEXTER AVE N, B, SEATTLE, WA 98109, USA",47.6338758,-122.342022
8798,"226 E NORTH BEND WAY, NORTH BEND, WA 98045, USA",47.4941873,-121.7837572
8799,"621 1/2 QUEEN ANNE AVE N, SEATTLE, WA 98109, USA",47.6252403,-122.3569223
8800,"1414 E YESLER WAY, Seattle, WA 98122, USA",47.6021138,-122.3133784
8801,"1011 1ST ST, SNOHOMISH, WA 98290, USA",47.9112271,-122.0953268
8802,"10000 AURORA AVE N, 14, SEATTLE, WA 98133, USA",47.7016442,-122.343802
8803,"1801 E OLIVE WAY, SEATTLE, WA 98102, USA",47.619794,-122.3219212
8804,"65 112TH AVE NE, Bellevue, WA 98004, USA",47.6107149,-122.1909597
8805,"7630 NE BOTHELL WAY, KENMORE, WA 98028, USA",47.7567964,-122.2379293
8806,"3800 LATONA AVE NE, Seattle, WA 98105, USA",47.6545936,-122.3254001
8807,"7815 CENTER BLVD SE, SNOQUALMIE, WA 98065, USA",47.5299164,-121.8730517
8808,"317 NW GILMAN BLVD, 43, ISSAQUAH, WA 98027, USA",47.5399898,-122.0423627
8809,"2118 2ND AVE, SEATTLE, WA 98121, USA",47.6129842,-122.3434526
8810,"6510 PHINNEY AVE N, SEATTLE, WA 98103, USA",47.6763512,-122.3541234
8811,"7409 AURORA AVE N, SEATTLE, WA 98103, USA",47.6830383,-122.3448433
8812,"14276 SE 176TH ST, 08B, RENTON, WA 98058, USA",,
8813,"4401 NW WALLINGFORD AVE N, SEATTLE, WA 98103, USA",,
8814,"23324 MAPLE VALLEY BLACK DIAMON RD SE, MAPLE VALLEY, WA 98038, USA",,
8815,"14516 SE PETROVITSKY RD, RENTON, WA 98058, USA",47.4439575,-122.1470335
8816,"4532 19TH AVE NE, Seattle, WA 98105, USA",47.6622688,-122.3068847
8817,"4522 18TH AVE NE, SEATTLE, WA 98105, USA",47.6619954,-122.3079891
8818,"3330 RAINIER AVE S, SEATTLE, WA 98144, USA",47.5732618,-122.293681
8819,"80 102ND AVE NE, BELLEVUE, WA 98004, USA",47.6107966,-122.2039362
8820,"9749 NE 119th WAY, Kirkland, WA 98034, USA",47.707094,-122.2109008
8821,"9041 HOLMAN RD NW, Seattle, WA 98117, USA",47.695226,-122.3751861
8822,"1253 THOMAS ST, Seattle, WA 98109, USA",47.620733,-122.331522
8823,"4248 S 288TH ST, AUBURN, WA 98001, USA",47.3451587,-122.2787012
8824,"233 SUMMIT AVE E, SEATTLE, WA 98102, USA",47.6206599,-122.3254596
8825,"915 THOMAS ST, SEATTLE, WA 98109, USA",47.6207496,-122.339237
8826,"110 STEWART ST, SEATTLE, WA 98101, USA",47.6105512,-122.3413319
8827,"4415 S 150TH ST, TUKWILA, WA 98188, USA",47.468231,-122.276629
8828,"7712 40TH AVE NE, SEATTLE, WA 98115, USA",47.6854037,-122.2838549
8829,"1514 PIKE PL, SEATTLE, WA 98101, USA",47.6090569,-122.3409283
8830,"6209 15TH AVE NW, SEATTLE, WA 98107, USA",47.6741426,-122.3764624
8831,"23525 NE NOVELTY HILL RD, A101, REDMOND, WA 98053, USA",,
8832,"918 NE 64TH ST, SEATTLE, WA 98115, USA",47.675097,-122.3177624
8833,"136 Park LN, KIRKLAND, WA 98033, USA",47.6763719,-122.205367
8834,"12549 116TH AVE NE, Kirkland, WA 98034, USA",47.7125034,-122.1875183
8835,"42018 264TH AVE SE, Enumclaw, WA 98022, USA",47.2233526,-121.9870526
8836,"7515 15TH AVE NW, SEATTLE, WA 98117, USA",47.6837077,-122.3770869
8837,"2401 S IRVING ST, SEATTLE, WA 98144, USA",47.5908461,-122.2994808
8838,"2510 4TH AVE, SEATTLE, WA 98121, USA",47.6170766,-122.3464629
8839,"300 NE NORTHGATE WAY, SEATTLE, WA 98125, USA",47.7087726,-122.3235942
8840,"12816 SE 38TH ST, K, BELLEVUE, WA 98006, USA",,
8841,"15230 NE 24TH ST, P, REDMOND, WA 98052, USA",,
8842,"108 106th AVE NE, BELLEVUE, WA 98004, USA",47.6105055,-122.1984806
8843,"927 HARRINGTON AVE NE, RENTON, WA 98056, USA",47.4979857,-122.1821475
8844,"4111 A ST SE, 101, AUBURN, WA 98002, USA",,
8845,"4111 A ST SE, #101, AUBURN, WA 98002, USA",,
8846,"24202 104th AVE SE, 104, KENT, WA 98030, USA",,
8847,"10614 SE KENT KANGLEY RD, Kent, WA 98030, USA",47.3714066,-122.1979831
8848,"3946 TOLT AVE, CARNATION, WA 98014, USA",47.6441925,-121.9152514
8849,"10426 SE KENT KANGLEY RD, KENT, WA 98030, USA",47.372269,-122.2000445
8850,"2337 SW 336TH ST, Federal Way, WA 98023, USA",47.2998293,-122.3640233
8851,"1601 LAKE YOUNGS WAY SE, Renton, WA 98058, USA",47.4649861,-122.1779065
8852,"5240 UNIVERSITY WAY NE, C, SEATTLE, WA 98105, USA",,
8853,"14701 NE 20TH ST, M12, BELLEVUE, WA 98007, USA",,
8854,"102 FRONT ST S, ISSAQUAH, WA 98027, USA",47.5291649,-122.0363311
8855,"14331 ISSAQUAH HOBART RD, ISSAQUAH, WA 98027, USA",47.473274,-122.024714
8856,"1422 2nd AVE, SEATTLE, WA 98101, USA",47.6089368,-122.3382813
8857,"1902 E YESLER WAY, #8, SEATTLE, WA 98122, USA",,
8858,"15420 AMBAUM BLVD SW, BURIEN, WA 98166, USA",47.4642814,-122.3432481
8859,"11909 NE 8TH ST, Bellevue, WA 98005, USA",47.6167346,-122.1813008
8860,"407 CEDAR ST, SEATTLE, WA 98121, USA",47.6179341,-122.3475939
8861,"5048 CALIFORNIA AVE SW, Seattle, WA 98136, USA",47.5561107,-122.386683
8862,"1280 160TH AVE SE, BELLEVUE, WA 98008, USA",47.5990446,-122.1250466
8863,"1110 GRIFFIN AVE, ENUMCLAW, WA 98022, USA",47.2031179,-121.989168
8864,"9655 16th AVE SW, SEATTLE, WA 98106, USA",47.5158507,-122.3557004
8865,"19115 215TH WAY NE, Woodinville, WA 98077, USA",47.7673203,-122.0519206
8866,"100 TIMBER RIDGE WAY NW, ISSAQUAH, WA 98027, USA",47.5315333,-122.0661577
8867,"34412 SE SWENSON DR, SNOQUALMIE, WA 98065, USA",47.5255965,-121.8819282
8868,"9900 NE REDMOND RIDGE DR, REDMOND, WA 98053, USA",47.6881461,-122.0314061
8869,"69705 SE SNOQUALMIE PASS SUMMIT RD, SNOQUALMIE PASS, WA 98068, USA",,
8870,"2812 THORNDYKE AVE W, SEATTLE, WA 98199, USA",47.6454149,-122.3823871
8871,"4537 UNIVERSITY WAY NE, SEATTLE, WA 98105, USA",47.6623223,-122.3132881
8872,"420 10TH AVE, KIRKLAND, WA 98033, USA",47.6832692,-122.2007999
8873,"1000 NE 50TH ST, SEATTLE, WA 98105, USA",47.6652711,-122.3171865
8874,"14320 NE 20TH ST, D, BELLEVUE, WA 98007, USA",47.6282448,-122.1493475
8875,"1580 NW GILMAN BLVD, D5, ISSAQUAH, WA 98027, USA",,
8876,"34525 16TH AVE S, FEDERAL WAY, WA 98003, USA",47.2918172,-122.3140426
8877,"512 NW 65TH ST, SEATTLE, WA 98117, USA",47.6760806,-122.3629711
8878,"600 QUEEN ANNE AVE N, SEATTLE, WA 98109, USA",47.6248638,-122.3564297
8879,"923 SW 152ND ST, BURIEN, WA 98166, USA",47.4666293,-122.3468768
8880,"22125 SE 237TH ST, 102, MAPLE VALLEY, WA 98038, USA",,
8881,"20910 108TH AVE SE, KENT, WA 98031, USA",47.4144911,-122.1965375
8882,"19495 144TH AVE NE, A110, WOODINVILLE, WA 98072, USA",,
8883,"5951 AIRPORT WAY S, SEATTLE, WA 98108, USA",47.5494343,-122.3173853
8884,"16345 CLEVELAND ST, #170, REDMOND, WA 98052, USA",,
8885,"14111 NE WOODINVILLE DUVALL RD, WOODINVILLE, WA 98072, USA",47.7542792,-122.1506564
8886,"720 NW GILMAN BLVD, ISSAQUAH, WA 98027, USA",47.5442509,-122.0493214
8887,"730 N 34th ST, SEATTLE, WA 98103, USA",47.649559,-122.3484774
8888,"2114 N 45TH ST, SEATTLE, WA 98103, USA",47.6615257,-122.3329348
8889,"4417 FAUNTLEROY WAY SW, SEATTLE, WA 98126, USA",47.5642988,-122.3777046
8890,"7130 WOODLAWN AVE NE, SEATTLE, WA 98115, USA",47.6802556,-122.324486
8891,"4756 15TH AVE NE, SEATTLE, WA 98105, USA",47.6647086,-122.311771
8892,"901 DEXTER AVE N, SEATTLE, WA 98109, USA",47.6272667,-122.342541
8893,"101 YESLER WAY, SEATTLE, WA 98104, USA",47.601392,-122.3268777
8894,"278 106th AVE NE, 102-A, Bellevue, WA 98004, USA",47.612669,-122.19865
8895,"35999 16TH AVE S, FEDERAL WAY, WA 98003, USA",47.2777924,-122.3163266
8896,"12816 SE 38th ST, #G, BELLEVUE, WA 98006, USA",,
8897,"438 RAMSAY WAY, 111, KENT, WA 98032, USA",,
8898,"31507 PACIFIC HWY S, FEDERAL WAY, WA 98003, USA",47.3197743,-122.3154439
8899,"3500 FACTORIA BLVD SE, Bellevue, WA 98006, USA",47.5793781,-122.1682155
8900,"1404 S 320TH ST, FEDERAL WAY, WA 98003, USA",47.3155223,-122.3156712
8901,"13317 NE 175TH ST, STE L, WOODINVILLE, WA 98072, USA",,
8902,"1504 145TH PL SE, BELLEVUE, WA 98007, USA",47.5969865,-122.1499093
8903,"18800 142ND AVE NE, 5B, WOODINVILLE, WA 98072, USA",,
8904,"8465 S 212TH ST, KENT, WA 98031, USA",47.4114417,-122.2263032
8905,"3740 TOLT AVE, Carnation, WA 98014, USA",47.6424586,-121.91425
8906,"304 Wells AVE S, Renton, WA 98057, USA",47.4794483,-122.2053
8907,"3306 S 170TH ST, SEA TAC, WA 98188, USA",,
8908,"6512 NE BOTHELL WAY, KENMORE, WA 98028, USA",47.7589886,-122.2529756
8909,"74 RAINIER AVE S, RENTON, WA 98057, USA",47.4841452,-122.2172192
8910,"9811 16th AVE SW, SEATTLE, WA 98106, USA",47.5152097,-122.3553756
8911,"668 S WELLER ST, Seattle, WA 98104, USA",47.5976273,-122.324158
8912,"6020 M L KING JR WAY S, SEATTLE, WA 98118, USA",,
8913,"34008 9TH AVE S, B 105, FEDERAL WAY, WA 98003, USA",,
8914,"6501 15TH AVE NW, Seattle, WA 98117, USA",47.6762229,-122.3772353
8915,"14215 NE Woodinville Duvall RD, Woodinville, WA 98072, USA",47.7542526,-122.1489107
8916,"7701 AURORA AVE N, SEATTLE, WA 98103, USA",47.6849257,-122.3448056
8917,"12450 SE 38TH ST, BELLEVUE, WA 98006, USA",47.5780961,-122.1724091
8918,"2124 5TH AVE, SEATTLE, WA 98121, USA",47.615236,-122.3411261
8919,"10610 NE 9TH PL, BELLEVUE, WA 98004, USA",47.6188196,-122.1986172
8920,"4709 CALIFORNIA AVE SW, SEATTLE, WA 98116, USA",47.5608253,-122.3869938
8921,"1235 NW MAPLE ST, ISSAQUAH, WA 98027, USA",47.5430744,-122.0580057
8922,"6855 35TH AVE NE, SEATTLE, WA 98115, USA",47.6791196,-122.2906618
8923,"1206 MADISON ST, SEATTLE, WA 98104, USA",47.6100591,-122.323827
8924,"1416 NW 46TH ST, #102, SEATTLE, WA 98107, USA",,
8925,"815 N 10TH ST N, #F, RENTON, WA 98057, USA",47.4975095,-122.204424
8926,"11701 97TH LN NE, KIRKLAND, WA 98034, USA",47.7056406,-122.2118043
8927,"609 SUMMIT AVE, SEATTLE, WA 98102, USA",47.6246357,-122.325475
8928,"888 WESTERN AVE, SEATTLE, WA 98104, USA",47.6033319,-122.3361395
8929,"720 3RD AVE, SEATTLE, WA 98104, USA",47.6041256,-122.3321877
8930,"780 LOGAN AVE N, RENTON, WA 98057, USA",47.4941987,-122.2069495
8931,"2500 FRANKLIN AVE E, SEATTLE, WA 98102, USA",47.6424361,-122.3240662
8932,"202 SW 153RD ST, BURIEN, WA 98166, USA",47.4662507,-122.3367555
8933,"14912 AMBAUM BLVD SW, BURIEN, WA 98166, USA",47.4690857,-122.3460621
8934,"30420 PACIFIC HWY S, #1-2, FEDERAL WAY, WA 98003, USA",,
8935,"3813 NE 4TH ST, RENTON, WA 98056, USA",47.488159,-122.1668611
8936,"8425 SE 68TH ST, 118, MERCER ISLAND, WA 98040, USA",,
8937,"6830 NE BOTHELL WAY, D, KENMORE, WA 98028, USA",,
8938,"959 6TH ST S, Kirkland, WA 98033, USA",47.6671129,-122.1968531
8939,"9029 25TH AVE SW, SEATTLE, WA 98126, USA",47.5225279,-122.3655581
8940,"4038 FACTORIA BLVD SE, BELLEVUE, WA 98006, USA",47.5735339,-122.1683757
8941,"14200 1ST AVE S, F, BURIEN, WA 98168, USA",,
8942,"3715 NE 45TH ST, Seattle, WA 98105, USA",47.6608237,-122.2876503
8943,"10618 MAIN ST, BELLEVUE, WA 98004, USA",47.6104903,-122.1980371
8944,"1706 RAINIER AVE S, Seattle, WA 98144, USA",47.5881984,-122.3054558
8945,"525 NE NORTHGATE WAY, SEATTLE, WA 98125, USA",47.7084026,-122.321297
8946,"699 120TH AVE NE, B, BELLEVUE, WA 98005, USA",47.6160199,-122.1823676
8947,"2501 SW TRENTON ST, SEATTLE, WA 98106, USA",47.5243617,-122.3651038
8948,"32095 PACIFIC HWY S, FEDERAL WAY, WA 98003, USA",47.3128112,-122.3152293
8949,"1550 W ARMORY WAY, SEATTLE, WA 98119, USA",47.6388592,-122.377362
8950,"300 Andover PARK W, #500, TUKWILA, WA 98188, USA",47.4546919,-122.2529885
8951,"12412 116th AVE NE, KIRKLAND, WA 98034, USA",47.7118035,-122.18622
8952,"11322 NE 124TH ST, Kirkland, WA 98034, USA",47.7115778,-122.1895967
8953,"1906 PIKE PL, Seattle, WA 98101, USA",47.6098951,-122.3423969
8954,"14622 15TH AVE NE, SHORELINE, WA 98155, USA",47.735591,-122.3124214
8955,"601 QUEEN ANNE AVE N, SEATTLE, WA 98109, USA",47.6247045,-122.3568682
8956,"7589 170TH AVE NE, 110, REDMOND, WA 98052, USA",,
8957,"625 5TH AVE S, 120, SEATTLE, WA 98104, USA",,
8958,"101 TERRY AVE N, SEATTLE, WA 98109, USA",47.6188088,-122.3374367
8959,"2001 2ND AVE, SEATTLE, WA 98121, USA",47.61175,-122.341971
8960,"4989 LAKEMONT BLVD SE, Bellevue, WA 98006, USA",47.5578388,-122.1158817
8961,"15410 MAIN ST NE, Duvall, WA 98019, USA",47.7395177,-121.9857166
8962,"13925 TUKWILA INTERNATIONAL BLVD, TUKWILA, WA 98168, USA",47.4781236,-122.2842344
8963,"12543 LAKE CITY WAY NE, Seattle, WA 98125, USA",47.7205203,-122.294759
8964,"679 S KING ST, SEATTLE, WA 98104, USA",47.5982187,-122.3239869
8965,"1312 NE 45TH ST, SEATTLE, WA 98105, USA",47.6614081,-122.3136236
8966,"211 PARK LN, KIRKLAND, WA 98033, USA",47.6763344,-122.2039525
8967,"1133 LAKE WASHINGTON BLVD N, #83, RENTON, WA 98056, USA",47.5026619,-122.2028433
8968,"5213 BALLARD AVE NW, Seattle, WA 98107, USA",47.6657081,-122.382803
8969,"15563 NE 24TH ST, BELLEVUE, WA 98007, USA",47.6308948,-122.1331668
8970,"12520 TOTEM LAKE BLVD NE, 116, KIRKLAND, WA 98034, USA",,
8971,"1758 S 320TH ST, FEDERAL WAY, WA 98003, USA",47.3167766,-122.3108877
8972,"1916 QUEEN ANNE AVE N, SEATTLE, WA 98109, USA",47.6364969,-122.3566714
8973,"4555 ROOSEVELT WAY NE, SEATTLE, WA 98105, USA",47.6626473,-122.317644
8974,"975 NW GILMAN BLVD, A, ISSAQUAH, WA 98027, USA",,
8975,"4609 14TH AVE NW, SEATTLE, WA 98107, USA",47.6623316,-122.374163
8976,"4545 FAUNTLEROY WAY SW, SEATTLE, WA 98126, USA",47.5618872,-122.381043
8977,"490 228TH AVE NE, SAMMAMISH, WA 98074, USA",47.6136438,-122.0338158
8978,"416 116TH AVE NE, BELLEVUE, WA 98004, USA",47.6164928,-122.1855093
8979,"12968 SE KENT KANGLEY RD, KENT, WA 98030, USA",47.3588775,-122.1688418
8980,"1201 N 175TH ST, SHORELINE, WA 98133, USA",47.7549978,-122.3439834
8981,"8726 GREENWOOD AVE N, SEATTLE, WA 98103, USA",47.6930035,-122.355065
8982,"14035 NE WOODINVILLE DUVALL RD, Woodinville, WA 98072, USA",47.7534206,-122.1504957
8983,"1700 E MADISON ST, SEATTLE, WA 98122, USA",47.6160857,-122.3096671
8984,"15932 REDMOND WAY, REDMOND, WA 98052, USA",47.6760203,-122.127693
8985,"15868 1ST AVE S, SEATTLE, WA 98148, USA",47.5228934,-122.3348648
8986,"1118 NW 50TH ST, STE 1, SEATTLE, WA 98107, USA",,
8987,"16908 SE 269TH PL, COVINGTON, WA 98042, USA",47.360592,-122.1153125
8988,"31835 PACIFIC HWY S, A, FEDERAL WAY, WA 98003, USA",,
8989,"320 SW MT SI BLVD, NORTH BEND, WA 98045, USA",47.4893772,-121.7915602
8990,"1537 COLE ST, ENUMCLAW, WA 98022, USA",47.2034154,-121.9897666
8991,"468 SOUTHCENTER MALL, TUKWILA, WA 98188, USA",47.4577314,-122.2591598
8992,"700 5TH AVE, 302, Seattle, WA 98104, USA",,
8993,"825 SW 152ND ST, BURIEN, WA 98166, USA",47.4666538,-122.3456305
8994,"6922 PRESTON FALL CITY RD SE, ISSAQUAH, WA 98027, USA",47.5383539,-121.9103856
8995,"822 N 10TH PL, C, RENTON, WA 98057, USA",47.4984233,-122.2041574
8996,"1142 COLE ST, ENUMCLAW, WA 98022, USA",47.2007644,-121.993069
8997,"3507 FREMONT PL N, SEATTLE, WA 98103, USA",47.6508151,-122.3508326
8998,"3807 REITH RD, KENT, WA 98032, USA",47.3692544,-122.2843305
8999,"4301 ROOSEVELT WAY NE, SEATTLE, WA 98105, USA",47.6595719,-122.3179468
9000,"216 UNION ST, SEATTLE, WA 98101, USA",47.6086439,-122.337685
9001,"3000 S 176TH ST, Seattle, WA 98188, USA",47.8391737,-122.3017624
9002,"19510 144TH AVE NE, E6, WOODINVILLE, WA 98072, USA",,
9003,"15323 WESTMINSTER WAY N, SHORELINE, WA 98133, USA",47.7409021,-122.3493107
9004,"3750 E VALLEY RD, RENTON, WA 98057, USA",47.445667,-122.2174632
9005,"8461 164TH AVE NE, REDMOND, WA 98052, USA",47.6779991,-122.122344
9006,"2612 NE VILLAGE LN, SEATTLE, WA 98105, USA",47.6624116,-122.299379
9007,"19510 144TH AVE NE, B-1, Woodinville, WA 98072, USA",,
9008,"7018 NE BOTHELL WAY, A, KENMORE, WA 98028, USA",,
9009,"5723 RAINIER AVE S, SEATTLE, WA 98118, USA",47.5505285,-122.2775819
9010,"825 HARVEY RD NE, Auburn, WA 98002, USA",,
9011,"395 CORPORATE DR S, TUKWILA, WA 98188, USA",47.4489366,-122.2547408
9012,"1524 PIKE PL, SEATTLE, WA 98101, USA",47.6092872,-122.341335
9013,"601 AURORA AVE N, SEATTLE, WA 98109, USA",47.6249908,-122.3440936
9014,"31457 28TH AVE S, FEDERAL WAY, WA 98003, USA",47.3192849,-122.2997385
9015,"31455 28TH AVE S, Federal Way, WA 98003, USA",47.3187046,-122.2988179
9016,"13590 NE VILLAGE SQUARE DR, 1045, WOODINVILLE, WA 98072, USA",,
9017,"4611 36th Ave SW, SEATTLE, WA 98126, USA",47.5617127,-122.3777685
9018,"13550 NE VILLAGE SQUARE DR, 1070, WOODINVILLE, WA 98072, USA",,
9019,"805 S KING ST S, Seattle, WA 98104, USA",47.5982275,-122.3221418
9020,"6421 LATONA AVE NE, Seattle, WA 98115, USA",47.6757104,-122.3256094
9021,"537 1ST AVE N, Seattle, WA 98109, USA",47.6242863,-122.3556446
9022,"5603 RAINIER AVE S, SEATTLE, WA 98118, USA",47.5518065,-122.2783165
9023,"10415 BEARDSLEE BLVD, BOTHELL, WA 98011, USA",47.760332,-122.2003263
9024,"1625 W DRAVUS ST, Seattle, WA 98119, USA",47.6482804,-122.3785406
9025,"15060 TUKWILA INTERNATIONAL BLVD, TUKWILA, WA 98188, USA",47.4672063,-122.2872473
9026,"5939 S 149TH ST, TUKWILA, WA 98168, USA",47.4689496,-122.2591945
9027,"14905 INTERURBAN AVE S, TUKWILA, WA 98168, USA",47.4693389,-122.2536436
9028,"1100 5TH AVE, SEATTLE, WA 98101, USA",47.607413,-122.332446
9029,"11205 16TH AVE SW, BURIEN, WA 98146, USA",47.502543,-122.3554601
9030,"20930 108TH AVE SE, Kent, WA 98031, USA",47.4145297,-122.195655
9031,"25618 104th AVE SE, KENT, WA 98030, USA",47.3718526,-122.2008279
9032,"1930 PIKE PL, Seattle, WA 98101, USA",47.6103399,-122.343122
9033,"15500 SIX PENNY LN, Renton, WA 98059, USA",,
9034,"9000 HOLMAN RD NW, 1/D, SEATTLE, WA 98117, USA",,
9035,"813 5TH AVE N, SEATTLE, WA 98109, USA",47.6267583,-122.347723
9036,"4918 RAINIER AVE S, SEATTLE, WA 98118, USA",47.5572106,-122.2845232
9037,"4411 STONE WAY N, SEATTLE, WA 98103, USA",47.6604556,-122.3425761
9038,"715 NW GILMAN BLVD, Issaquah, WA 98027, USA",47.5442844,-122.0494088
9039,"15600 NE 8TH ST, J-1, Bellevue, WA 98008, USA",,
9040,"1060 Stilson AVE SE, NORTH BEND, WA 98045, USA",47.4832085,-121.7630986
9041,"11251 120th AVE NE, #110, KIRKLAND, WA 98033, USA",,
9042,"2514 E CHERRY ST, SEATTLE, WA 98122, USA",47.6081896,-122.2994054
9043,"5609 RAINIER AVE S, SEATTLE, WA 98118, USA",47.5515893,-122.2781622
9044,"15321 MAIN ST NE, 205, DUVALL, WA 98019, USA",,
9045,"46910 SE MIDDLE FORK RD, NORTH BEND, WA 98045, USA",47.4733481,-121.7146785
9046,"4612 SW 320TH ST, Federal Way, WA 98023, USA",47.3157105,-122.3918969
9047,"4400 SW 320TH ST, Federal Way, WA 98023, USA",47.3165597,-122.3886137
9048,"3583 SW 320TH ST, FEDERAL WAY, WA 98023, USA",47.312835,-122.3791181
9049,"3420 SW 320TH ST, FEDERAL WAY, WA 98023, USA",47.3142901,-122.3751191
9050,"17920 SOUTHCENTER PKWY, TUKWILA, WA 98188, USA",47.4420172,-122.2601197
9051,"14500 468TH AVE SE, NORTH BEND, WA 98045, USA",47.4683038,-121.7153907
9052,"129 W NORTH BEND WAY, NORTH BEND, WA 98045, USA",47.4951619,-121.7866322
9053,"4446 PRESTON FALL CITY RD SE, FALL CITY, WA 98024, USA",47.5626059,-121.8836683
9054,"655 156TH AVE SE, A1/A2, BELLEVUE, WA 98007, USA",,
9055,"12631 NE WOODINVILLE DR, Woodinville, WA 98072, USA",47.7531673,-122.1706258
9056,"2100 S WALKER ST, SEATTLE, WA 98144, USA",47.5838445,-122.3045241
9057,"4424 S 188TH ST, SEATTLE, WA 98188, USA",,
9058,"13630 SE ALLEN RD, Bellevue, WA 98006, USA",47.5737415,-122.1585598
9059,"114 REPUBLICAN ST, SEATTLE, WA 98109, USA",47.6233635,-122.3546806
9060,"2245 8TH AVE, 1A, SEATTLE, WA 98121, USA",,
9061,"4455 Stone WAY N, Seattle, WA 98103, USA",47.6609496,-122.3424229
9062,"4515 UNIVERSITY WAY NE, SEATTLE, WA 98105, USA",47.6617852,-122.3132959
9063,"7517 AURORA AVE N, SEATTLE, WA 98103, USA",47.6838284,-122.3448418
9064,"308 105TH AVE NE, BELLEVUE, WA 98004, USA",47.6130177,-122.1998065
9065,"19939 BALLINGER WAY NE, #B, SHORELINE, WA 98155, USA",,
9066,"1309 NE 43RD ST, Seattle, WA 98105, USA",47.6597146,-122.3138263
9067,"1607 W DRAVUS ST, SEATTLE, WA 98119, USA",47.6483839,-122.3777428
9068,"16360 42ND AVE S, Seattle, WA 98188, USA",47.5150416,-122.2807418
9069,"91 PIKE ST, Seattle, WA 98101, USA",47.6086142,-122.3402161
9070,"6421 15th AVE NW, B, SEATTLE, WA 98107, USA",47.6758961,-122.3766554
9071,"9099 SEWARD PARK AVE S, SEATTLE, WA 98118, USA",47.5204923,-122.263295
9072,"80 SE BUSH ST, ISSAQUAH, WA 98027, USA",47.5286418,-122.035238
9073,"2230 1ST AVE, SEATTLE, WA 98121, USA",47.613295,-122.346055
9074,"12670 120th AVE NE, E, KIRKLAND, WA 98034, USA",47.7133274,-122.1799874
9075,"512 S KING ST, SEATTLE, WA 98104, USA",47.5984734,-122.3271514
9076,"6226 SEAVIEW AVE NW, SEATTLE, WA 98107, USA",47.6748239,-122.4061303
9077,"7302 15TH AVE NW, Seattle, WA 98117, USA",47.6815704,-122.3765271
9078,"319 W GALER ST, SEATTLE, WA 98119, USA",47.6322037,-122.3613827
9079,"14017 1ST AVE S, 103, BURIEN, WA 98168, USA",,
9080,"8601 14TH AVE S, SEATTLE, WA 98108, USA",47.5263167,-122.315113
9081,"5408 SAND POINT WAY NE, SEATTLE, WA 98105, USA",47.6682194,-122.27708
9082,"321 WILLIAMS AVE S, Renton, WA 98057, USA",47.4788649,-122.2067981
9083,"918 AUBURN WAY S, AUBURN, WA 98002, USA",47.3002938,-122.2217842
9084,"119 1ST AVE S, LL2, SEATTLE, WA 98104, USA",,
9085,"4302 FREMONT AVE N, SEATTLE, WA 98103, USA",47.6595001,-122.3497646
9086,"2800 SOUTHCENTER MALL, K0738, TUKWILA, WA 98188, USA",,
9087,"1118 E PIKE ST, SEATTLE, WA 98122, USA",47.614234,-122.317246
9088,"1009 E UNION ST, C, SEATTLE, WA 98122, USA",,
9089,"23324 MAPLEY VALLEY BLK DIAMOND RD SE, MAPLE VALLEY, WA 98038, USA",,
9090,"20409 AURORA AVE N, SHORELINE, WA 98133, USA",47.7770822,-122.345906
9091,"8135 RAINIER AVE S, SEATTLE, WA 98118, USA",47.5293936,-122.2701921
9092,"3020 S 128TH ST, Seattle, WA 98168, USA",47.7220363,-122.303237
9093,"996 21ST AVE, Seattle, WA 98122, USA",47.6127443,-122.304753
9094,"8824 RENTON AVE S, SEATTLE, WA 98118, USA",47.5235132,-122.2761785
9095,"3645 WALLINGFORD AVE N, SEATTLE, WA 98103, USA",47.6518324,-122.3365365
9096,"509 S JACKSON ST, SEATTLE, WA 98104, USA",47.5990385,-122.327102
9097,"8131 RAINIER AVE S, SEATTLE, WA 98118, USA",47.5294979,-122.2701928
9098,"4554 16TH AVE NE, Seattle, WA 98105, USA",47.6628292,-122.3105114
9099,"4359 ROOSEVELT WAY NE, Seattle, WA 98105, USA",47.6609868,-122.3181165
9100,"1004 BOREN AVE, Seattle, WA 98104, USA",47.6097658,-122.324996
9101,"4140 ROOSEVELT WAY NE, SEATTLE, WA 98105, USA",47.6577547,-122.317522
9102,"8000 25th AVE NE, SEATTLE, WA 98115, USA",47.6876829,-122.2994445
9103,"8000 25TH AVE NE, Seattle, WA 98115, USA",47.6876829,-122.2994445
9104,"5036 25TH AVE NE, Seattle, WA 98105, USA",47.6658583,-122.2995196
9105,"5100 25th AVE NE, SEATTLE, WA 98105, USA",47.6667257,-122.3001863
9106,"458 SW MOUNT SI BLVD, NORTH BEND, WA 98045, USA",47.4874228,-121.7913725
9107,"1619 HARBOR AVE SW, SEATTLE, WA 98126, USA",47.5891335,-122.3814696
9108,"14455 WOODINVILLE REDMOND RD, A, WOODINVILLE, WA 98072, USA",,
9109,"6016 NE BOTHELL WAY, #L, KENMORE, WA 98028, USA",47.7588135,-122.2626335
9110,"200 QUEEN ANNE AVE N, Seattle, WA 98109, USA",47.619894,-122.356626
9111,"2504 4TH AVE, SEATTLE, WA 98121, USA",47.6169346,-122.3462858
9112,"3223 W MCGRAW ST, SEATTLE, WA 98199, USA",47.639422,-122.3994577
9113,"4301 SW EDMUNDS ST, SEATTLE, WA 98116, USA",47.5591729,-122.3875524
9114,"219 1ST AVE N, 101, SEATTLE, WA 98109, USA",47.6204014,-122.3555931
9115,"1066 S 320TH ST, E, FEDERAL WAY, WA 98003, USA",,
9116,"4811 California AVE SW, Seattle, WA 98116, USA",47.5586893,-122.3870659
9117,"7850 E GREENLAKE DR N, Seattle, WA 98103, USA",,
9118,"3212 LAKE WASHINGTON BLVD N, RENTON, WA 98056, USA",47.5204122,-122.2086592
9119,"512 AUBURN WAY N, AUBURN, WA 98002, USA",47.3117549,-122.2259337
9120,"1900 4TH AVE, SEATTLE, WA 98101, USA",47.6125881,-122.3388386
9121,"9744 NE 119TH WAY, KIRKLAND, WA 98034, USA",47.7071707,-122.2114708
9122,"1103 NW 52ND ST, SEATTLE, WA 98107, USA",47.6661818,-122.37103
9123,"1900 W NICKERSON ST, 114, Seattle, WA 98119, USA",,
9124,"230 FAIRVIEW AVE N, SEATTLE, WA 98109, USA",47.6205297,-122.3339305
9125,"2001 8TH AVE, 105C, SEATTLE, WA 98121, USA",,
9126,"16006 INTERNATIONAL BLVD S, SEATAC, WA 98188, USA",47.4592218,-122.291439
9127,"524 BROADWAY, SEATTLE, WA 98122, USA",47.6069484,-122.3205283
9128,"13102 STONE AVE N, SEATTLE, WA 98133, USA",47.7247284,-122.3417772
9129,"1760 4TH AVE S, Seattle, WA 98134, USA",47.5866972,-122.327927
9130,"230 ANDOVER PARK E, Seattle, WA 98188, USA",,
9131,"1155 NW BALLARD WAY, Seattle, WA 98107, USA",47.6627758,-122.3728583
9132,"1915 21ST AVE S, SEATTLE, WA 98144, USA",47.5858863,-122.3058445
9133,"18438 120TH AVE NE, BOTHELL, WA 98011, USA",47.7622822,-122.1768118
9134,"21504 84TH AVE S, KENT, WA 98032, USA",47.408911,-122.2272783
9135,"1628 S 344TH ST, FEDERAL WAY, WA 98003, USA",47.2939427,-122.3119345
9136,"600 5TH AVE S, SEATTLE, WA 98104, USA",47.5973034,-122.3270377
9137,"699 120TH AVE NE, BELLEVUE, WA 98005, USA",47.6157451,-122.182247
9138,"210 S Lucile ST, Seattle, WA 98108, USA",47.5536026,-122.3317122
9139,"2901 NE BLAKELEY ST, SEATTLE, WA 98105, USA",47.6661128,-122.2976758
9140,"18230 E Valley HWY, Ste 165, Kent, WA 98032, USA",,
9141,"14810 NE 145TH ST, A, WOODINVILLE, WA 98072, USA",,
9142,"405 15TH AVE E, SEATTLE, WA 98112, USA",47.6221817,-122.312829
9143,"1421 S Dean St, SEATTLE, WA 98144, USA",47.5949386,-122.3127658
9144,"1421 S Dean St S, Seattle, WA 98144, USA",47.5949386,-122.3127658
9145,"1421 S DEAN ST, Seattle, WA 98144, USA",47.5949386,-122.3127658
9146,"1421 S Dean St, Seattle, WA 98144, USA",47.5949386,-122.3127658
9147,"2000 TERRY AVE, SEATTLE, WA 98121, USA",47.617191,-122.334936
9148,"5405 LEARY AVE NW, SEATTLE, WA 98107, USA",47.6669218,-122.382668
9149,"10204 MAIN ST, BELLEVUE, WA 98004, USA",47.6102774,-122.2037977
9150,"1368 SOUTHCENTER MALL, #150, TUKWILA, WA 98188, USA",,
9151,"27847 42ND AVE S, AUBURN, WA 98001, USA",47.3516166,-122.2831116
9152,"8202 GREENWOOD AVE N, Seattle, WA 98103, USA",47.6885817,-122.355042
9153,"2630 77TH AVE SE, 112, MERCER ISLAND, WA 98040, USA",,
9154,"1312 2ND ST SE, Auburn, WA 98002, USA",47.3056357,-122.2112588
9155," 3209 278th Ave Ne, Redmond, WA 98053, USA",,
9156,"22240 SE 272ND ST, MAPLE VALLEY, WA 98038, USA",47.3583808,-122.0440335
9157,"18230 E VALLEY HWY, #135, KENT, WA 98032, USA",47.4385839,-122.220247
9158,"28855 MILITARY RD S, Federal Way, WA 98003, USA",47.3418886,-122.3020649
9159,"16111 MAIN ST NE, DUVALL, WA 98019, USA",47.7448706,-121.9859144
9160,"320 1ST AVE N, ALGONA, WA 98001, USA",47.279183,-122.2519647
9161,"15729 MAIN ST NE, DUVALL, WA 98019, USA",47.7421546,-121.9863174
9162,"17622 46TH AVE S, Seattle, WA 98188, USA",47.510487,-122.2752212
9163,"10400 NE 4TH ST, BELLEVUE, WA 98004, USA",47.6142467,-122.200717
9164,"3509 STONE WAY N, SEATTLE, WA 98103, USA",47.6498565,-122.3431137
9165,"3617 NE 45TH ST, Seattle, WA 98105, USA",47.6609824,-122.2884327
9166,"1801 N 34TH ST, Seattle, WA 98103, USA",47.6479015,-122.336074
9167,"10824 VASHON HWY SW, VASHON ISLAND, WA 98070, USA",47.5085577,-122.4638328
9168,"17506 VASHON HWY SW, VASHON ISLAND, WA 98070, USA",47.4481809,-122.4602574
9169,"9600 SW 204th ST, VASHON ISLAND, WA 98070, USA",,
9170,"17639 100TH AVE SW, VASHON ISLAND, WA 98070, USA",47.446206,-122.4630783
9171,"17803 VASHON HWY SW, VASHON ISLAND, WA 98070, USA",47.4452352,-122.4608411
9172,"17723 VASHON HWY SW, Vashon Island, WA 98070, USA",,
9173,"9740 SW BANK RD, VASHON ISLAND, WA 98070, USA",,
9174,"1430 NW RICHMOND BEACH RD, SHORELINE, WA 98177, USA",47.7697952,-122.375934
9175,"8825 M L KING JR WAY S, SEATTLE, WA 98118, USA",,
9176,"8518 122nd AVE NE, KIRKLAND, WA 98033, USA",47.6798037,-122.1774443
9177,"3605 S MCCLELLAN ST, SEATTLE, WA 98144, USA",47.5781719,-122.2879723
9178,"1126 34TH AVE, SEATTLE, WA 98122, USA",47.6124437,-122.2891364
9179,"5819 24TH AVE NW, SEATTLE, WA 98107, USA",47.6715284,-122.3878342
9180,"25451 104th AVE SE, 101, KENT, WA 98030, USA",,
9181,"5417 22ND AVE NW, SEATTLE, WA 98107, USA",47.6683926,-122.3849118
9182,"500 NW MARKET ST, SEATTLE, WA 98107, USA",47.6688772,-122.3634392
9183,"7320 35TH AVE NE, SEATTLE, WA 98115, USA",47.6819138,-122.2901486
9184,"1508 11TH AVE, SEATTLE, WA 98122, USA",47.6144208,-122.3179514
9185,"1764 NW 56th ST, SEATTLE, WA 98107, USA",47.6695642,-122.3819435
9186,"106 PINE ST, SEATTLE, WA 98101, USA",47.6100865,-122.3406212
9187,"4330 148TH AVE NE, Redmond, WA 98052, USA",47.6484722,-122.142297
9188,"416 BURNETT AVE S, Renton, WA 98057, USA",47.4776117,-122.2075947
9189,"660 S INDUSTRIAL WAY, SEATTLE, WA 98108, USA",47.566453,-122.324976
9190,"5300 TALLMAN AVE NW, SEATTLE, WA 98107, USA",47.6684397,-122.3804754
9191,"801 BROADWAY, SEATTLE, WA 98122, USA",47.6093487,-122.3213881
9192,"223 YALE AVE N, SEATTLE, WA 98109, USA",47.6202595,-122.3307839
9193,"500 17TH AVE, SEATTLE, WA 98122, USA",47.6071122,-122.310904
9194,"22636 MARINE VIEW DR S, DES MOINES, WA 98198, USA",47.39824,-122.3240404
9195,"913 E PIKE ST, SEATTLE, WA 98122, USA",47.6139546,-122.319989
9196,"317 W GALER ST, SEATTLE, WA 98119, USA",47.6322046,-122.361327
9197,"1600 Eastlake AVE E, Seattle, WA 98102, USA",47.6340547,-122.3252779
9198,"7993 GILMAN ST, REDMOND, WA 98052, USA",47.6745408,-122.1219817
9199,"2060 NW MARKET ST, SEATTLE, WA 98107, USA",47.6689489,-122.3845251
9200,"108 PINE ST, SEATTLE, WA 98101, USA",47.610122,-122.3405426
9201,"1130 THOMAS ST, SEATTLE, WA 98109, USA",47.6210098,-122.334753
9202,"3215 BEACON AVE S, SEATTLE, WA 98144, USA",47.5745978,-122.3093005
9203,"300 PINE ST, SEATTLE, WA 98101, USA",47.6112636,-122.337947
9204,"411 15TH AVE E, SEATTLE, WA 98112, USA",47.6223517,-122.312829
9205,"310 E PIKE ST, SEATTLE, WA 98122, USA",47.6143896,-122.3272988
9206,"3828 S GRAHAM ST, C, SEATTLE, WA 98118, USA",,
9207,"2825 NE SUNSET BLVD, RENTON, WA 98056, USA",47.501398,-122.1780135
9208,"17620 140TH AVE SE, C3, RENTON, WA 98058, USA",47.4446709,-122.1537376
9209,"1629 6TH ST, SEATTLE, WA 98101, USA",,
9210,"1303 MADISON ST, SEATTLE, WA 98104, USA",47.6103083,-122.3224299
9211,"5701 15th AVE NW, #A, SEATTLE, WA 98107, USA",,
9212,"1038 S JACKSON ST, #A, SEATTLE, WA 98104, USA",,
9213,"6841 180TH ST, TUKWILA, WA 98188, USA",47.439455,-122.2472676
9214,"7047 50TH AVE NE, SEATTLE, WA 98115, USA",47.680807,-122.2770107
9215,"5815 NE 77TH ST, SEATTLE, WA 98115, USA",47.6843803,-122.2650967
9216,"10525 3RD AVE NW, SEATTLE, WA 98177, USA",47.7060968,-122.3618214
9217,"5001 NE 50TH ST, Seattle, WA 98105, USA",47.6636981,-122.2709342
9218,"2203 1ST AVE, SEATTLE, WA 98121, USA",47.6126053,-122.3455542
9219,"2800 SOUTHCENTER MALL, FC-4, TUKWILA, WA 98188, USA",,
9220,"1101 OUTLET COLLECTION WAY, AUBURN, WA 98001, USA",47.2993393,-122.2477712
9221,"23630 WITTE RD SE, Maple Valley, WA 98038, USA",47.3895151,-122.0459716
9222,"23636 WITTE RD SE, MAPLE VALLEY, WA 98038, USA",47.3893347,-122.046253
9223,"31711 PACIFIC HWY S, Federal Way, WA 98003, USA",47.3170665,-122.3138316
9224,"20150 BALLINGER WAY NE, SHORELINE, WA 98155, USA",47.7762848,-122.3105447
9225,"17801 INTERNATIONAL BLVD, NS-19, SEATAC, WA 98158, USA",,
9226,"16150 NE 85TH ST, REDMOND, WA 98052, USA",47.6789482,-122.1247103
9227,"5211 UNIVERSITY WAY NE, Seattle, WA 98105, USA",47.6668432,-122.3132577
9228,"14450 WOODINVILLE-REDMOND RD NE, 111, WOODINVILLE, WA 98072, USA",,
9229,"429 FAIRVIEW AVE N, SEATTLE, WA 98109, USA",47.6230436,-122.334573
9230,"15623 1ST AVE S, #B, BURIEN, WA 98148, USA",,
9231,"2134 WESTLAKE AVE, SEATTLE, WA 98121, USA",47.6171278,-122.3380944
9232,"499 URBAN PLZ, F, KIRKLAND, WA 98033, USA",,
9233,"1521 1ST AVE S, SEATTLE, WA 98134, USA",47.5888081,-122.334714
9234,"10818 MYERS WAY S, SEATTLE, WA 98168, USA",47.5059497,-122.3322893
9235,"6621 S 211th ST, KENT, WA 98032, USA",47.413067,-122.2512089
9236,"22830 NE 8TH ST, 107, SAMMAMISH, WA 98074, USA",,
9237,"32411 PACIFIC HWY S, Federal Way, WA 98003, USA",47.3112864,-122.3146146
9238,"2815 NE SUNSET BLVD, Renton, WA 98056, USA",47.5005705,-122.178188
9239,"15223 4TH AVE SW, BURIEN, WA 98166, USA",47.4660819,-122.3394026
9240,"116 CLAY ST NW, A3, AUBURN, WA 98001, USA",,
9241,"2322 1ST AVE, SEATTLE, WA 98121, USA",47.6139415,-122.3471252
9242,"800 N 10TH PL, E, RENTON, WA 98057, USA",47.4981422,-122.2046959
9243,"99 FRONT ST N, ISSAQUAH, WA 98027, USA",47.5313144,-122.0366896
9244,"742 SW MT SI BLVD, NORTH BEND, WA 98045, USA",47.4891764,-121.7939316
9245,"24081 SE 264TH ST, #100, MAPLE VALLEY, WA 98038, USA",,
9246,"1734 12TH AVE, SEATTLE, WA 98122, USA",47.6172944,-122.3167044
9247,"1937 1ST AVE, Seattle, WA 98101, USA",47.6108583,-122.34263
9248,"2739 E MADISON ST, SEATTLE, WA 98112, USA",47.6232975,-122.296028
9249,"3601 FREMONT AVE N, 207, SEATTLE, WA 98103, USA",47.6516235,-122.3502512
9250,"514 S KING ST, Seattle, WA 98104, USA",47.5984734,-122.327096
9251,"651 S JACKSON ST, SEATTLE, WA 98104, USA",47.5990408,-122.3249126
9252,"4033 NE SUNSET BLVD, 4, RENTON, WA 98056, USA",,
9253,"26015 PACIFIC HWY S, DES MOINES, WA 98198, USA",47.3682371,-122.3046418
9254,"530 BROADWAY E, SEATTLE, WA 98102, USA",47.6238355,-122.3206122
9255,"600 UNION ST, SEATTLE, WA 98101, USA",47.6103644,-122.3335166
9256,"2441 76TH AVE SE, 150, MERCER ISLAND, WA 98040, USA",,
9257,"6105 13TH AVE S, SEATTLE, WA 98108, USA",47.5483821,-122.3162702
9258,"2805 E MADISON ST, SEATTLE, WA 98112, USA",47.6235381,-122.2958876
9259,"112 W NORTH BEND WAY, NORTH BEND, WA 98045, USA",47.4953089,-121.7860576
9260,"101 KIRKLAND AVE, #104, KIRKLAND, WA 98033, USA",,
9261,"1501 17TH AVE E, SEATTLE, WA 98112, USA",47.6324464,-122.3101429
9262,"15029 WOODINVILLE REDMOND RD NE, 100, WOODINVILLE, WA 98072, USA",,
9263,"115 PARK LN, Kirkland, WA 98033, USA",47.6759934,-122.206022
9264,"530 QUEEN ANNE AVE N, SEATTLE, WA 98109, USA",47.6242406,-122.3565749
9265,"10713 MAIN ST, BELLEVUE, WA 98004, USA",47.6098887,-122.197295
9266,"1201 PINE ST, SEATTLE, WA 98101, USA",47.6148431,-122.3285088
9267,"15 LAKE ST, #103, KIRKLAND, WA 98033, USA",47.6759823,-122.2073251
9268,"1200 6TH AVE, #150, SEATTLE, WA 98101, USA",,
9269,"15423 SE 272ND ST, 100, KENT, WA 98042, USA",,
9270,"6855 176TH AVE NE, Suite 200, Redmond, WA 98052, USA",,
9271,"17171 BOTHELL WAY NE, A015, LAKE FOREST PARK, WA 98155, USA",47.7548338,-122.2803185
9272,"10455 NE 5TH PL, BELLEVUE, WA 98004, USA",47.6149791,-122.2002705
9273,"1112 4TH AVE, Seattle, WA 98101, USA",47.6073974,-122.3336573
9274,"4909 RAINIER AVE S, SEATTLE, WA 98118, USA",47.5575964,-122.2851258
9275,"10410 HOLMAN RD N, Seattle, WA 98133, USA",47.7044174,-122.3559668
9276,"1011 STATE ROUTE 906, SNOQUALMIE, WA 98068, USA",,
9277,"13434 1ST AVE S, SEATTLE, WA 98168, USA",47.5228934,-122.3348648
9278,"15636 DES MOINES MEMORIAL DR, SEATAC, WA 98148, USA",,
9279,"28817 MILITARY RD S, FEDERAL WAY, WA 98003, USA",47.3431504,-122.3013334
9280,"34008 HOYT RD SW, FEDERAL WAY, WA 98023, USA",47.2967907,-122.3814467
9281,"1701 AUBURN WAY S, AUBURN, WA 98002, USA",47.2931652,-122.212839
9282,"27130 172ND AVE SE, COVINGTON, WA 98042, USA",47.3588616,-122.1120223
9283,"6330 35TH AVE SW, SEATTLE, WA 98126, USA",47.5455097,-122.375999
9284,"5409 15TH AVE NW, Seattle, WA 98107, USA",47.6682122,-122.3768802
9285,"647 140TH AVE NE, Bellevue, WA 98005, USA",47.615865,-122.1537154
9286,"7707 SE 27TH ST, Mercer Island, WA 98040, USA",47.5861249,-122.2344231
9287,"14656 AMBAUM BLVD SW, SEATTLE, WA 98166, USA",,
9288,"859 NE NORTHGATE WAY, Seattle, WA 98125, USA",47.7082538,-122.3182176
9289,"275 RAINIER AVE S, Renton, WA 98057, USA",47.4853623,-122.2176745
9290,"4412 RAINIER AVE S, SEATTLE, WA 98118, USA",47.563594,-122.2873447
9291,"222 PIKE ST, SEATTLE, WA 98101, USA",47.6097823,-122.3381513
9292,"11607 98TH AVE NE, KIRKLAND, WA 98034, USA",47.7049808,-122.2111355
9293,"27112 132ND AVE SE, KENT, WA 98042, USA",47.3587083,-122.1647581
9294,"6300 EAST LAKE SAMMAMISH PKWY SE, ISSAQUAH, WA 98029, USA",47.5452954,-122.0372857
9295,"8500 15TH AVE NW, KIRKLAND, WA 98117, USA",,
9296,"1531 BROADWAY, SEATTLE, WA 98122, USA",47.6144778,-122.3209083
9297,"500 15TH AVE E, SEATTLE, WA 98112, USA",47.6236514,-122.3122774
9298,"3011 NE SUNSET BLVD, RENTON, WA 98056, USA",47.5025865,-122.1769169
9299,"1416 HARVEY RD, AUBURN, WA 98002, USA",47.3200842,-122.2198784
9300,"17524 AURORA AVE N, SHORELINE, WA 98133, USA",47.7568198,-122.3453144
9301,"23003 PACIFIC HWY S, DES MOINES, WA 98198, USA",47.3951375,-122.2954436
9302,"15585 NE 24TH ST, BELLEVUE, WA 98007, USA",47.6307251,-122.1329131
9303,"3716 S 144 ST, TUKWILA, WA 98168, USA",,
9304,"4105 NE 4TH ST, RENTON, WA 98059, USA",47.488268,-122.163298
9305,"17520 AVONDALE RD NE, WOODINVILLE, WA 98077, USA",,
9306,"951 MERCER ST, Seattle, WA 98109, USA",47.6244147,-122.3382203
9307,"12405 NE 85TH ST, Kirkland, WA 98033, USA",47.6789845,-122.1753108
9308,"1350 GARRET ST, ENUMCLAW, WA 98022, USA",,
9309,"4468 STONE WAY N, SEATTLE, WA 98103, USA",47.6612326,-122.341894
9310,"26705 MAPLE VALLEY-BLK DIAMOND RD SE, MAPLE VALLEY, WA 98038, USA",,
9311,"14510 AURORA AVE N, SHORELINE, WA 98133, USA",47.7348952,-122.3445228
9312,"566 DENNY WAY, SEATTLE, WA 98109, USA",47.6187787,-122.3455087
9313,"601 UNION ST #2, Seattle, WA 98101, USA",,
9314,"4649 SUNNYSIDE AVE N, 140, Seattle, WA 98103, USA",47.6639199,-122.3311925
9315,"1420 45TH ST, SEATTLE, WA 98103, USA",47.6616788,-122.3395407
9316,"22531 MARINE VIEW DR S, Des Moines, WA 98198, USA",47.3994881,-122.3247408
9317,"2218 S JACKSON ST, SEATTLE, WA 98144, USA",47.5994029,-122.3024222
9318,"15063 MAIN ST, BELLEVUE, WA 98007, USA",47.6087019,-122.1396314
9319,"762 OUTLET COLLECTION DR SW, AUBURN, WA 98001, USA",,
9320,"1900 S 314TH ST, FEDERAL WAY, WA 98003, USA",47.3218684,-122.3097827
9321,"4743 BALLARD AVE NW, #1B, SEATTLE, WA 98107, USA",,
9322,"4201 NE SUNSET BLVD, Renton, WA 98059, USA",47.5032728,-122.1633768
9323,"1818 NE 45th ST, Seattle, WA 98105, USA",47.661483,-122.3076097
9324,"17801 International BLVD, CC-29, Seattle, WA 98158, USA",,
9325,"7762 BEACON AVE S, Seattle, WA 98118, USA",47.5325537,-122.2884555
9326,"20855 108TH AVE SE, KENT, WA 98031, USA",47.414187,-122.1973159
9327,"401 LENORA ST, Seattle, WA 98121, USA",47.6137586,-122.3406008
9328,"2311 2ND AVE, SEATTLE, WA 98121, USA",47.6140824,-122.3462594
9329,"1325 6TH AVE, SEATTLE, WA 98101, USA",47.6097167,-122.3336001
9330,"20 E ST NE, Auburn, WA 98002, USA",47.3081799,-122.2222648
9331,"2101 S JACKSON ST, SEATTLE, WA 98144, USA",47.5981452,-122.3037052
9332,"14330 SE HUSKY WAY, AUBURN, WA 98092, USA",47.3078244,-122.1504113
9333,"23811 104TH AVE SE, 103, Kent, WA 98031, USA",,
9334,"2400 NE 65TH ST, SEATTLE, WA 98115, USA",47.6759647,-122.3014961
9335,"6855 176TH AVE NE, #205, REDMOND, WA 98052, USA",,
9336,"22307 Dock AVE S, Des Moines, WA 98198, USA",,
9337,"1300 ALASKAN WAY, SEATTLE, WA 98101, USA",47.60603,-122.34038
9338,"10104 3RD AVE NE, SEATTLE, WA 98125, USA",47.701915,-122.3255337
9339,"4242 ROOSEVELT WAY NE, SEATTLE, WA 98105, USA",47.6596086,-122.3173544
9340,"901 FAIRVIEW AVE N, A120, SEATTLE, WA 98109, USA",47.6278074,-122.3330134
9341,"15510 WOODINVILLE REDMOND RD NE, E110, WOODINVILLE, WA 98072, USA",47.7398964,-122.1537618
9342,"146 SW 152ND ST, BURIEN, WA 98166, USA",47.4674063,-122.3358917
9343,"801 NE 65TH ST, #C, SEATTLE, WA 98115, USA",47.6757068,-122.319878
9344,"411 CEDAR ST, SEATTLE, WA 98121, USA",47.6179973,-122.3475193
9345,"8515 35TH AVE NE, SEATTLE, WA 98115, USA",47.6906381,-122.2911635
9346,"8230 35TH AVE NE, SEATTLE, WA 98115, USA",47.6893232,-122.2901818
9347,"2720 NE 85TH ST, SEATTLE, WA 98115, USA",47.6907607,-122.2974362
9348,"3804 CALIFORNIA AVE SW, SEATTLE, WA 98116, USA",47.5698853,-122.3865445
9349,"16501 NE 195TH ST, Woodinville, WA 98072, USA",47.7674549,-122.1202292
9350,"34506 16TH AVE S, FEDERAL WAY, WA 98003, USA",47.2922028,-122.3129734
9351,"2543 RAINIER AVE S, SEATTLE, WA 98144, USA",47.5801535,-122.3014334
9352,"10619 SE CARR RD, RENTON, WA 98055, USA",47.4449364,-122.1985118
9353,"31243 3RD AVE, BLACK DIAMOND, WA 98010, USA",47.321735,-122.0065459
9354,"15700 1ST AVE S, SEATTLE, WA 98148, USA",47.5228934,-122.3348648
9355,"16300 W VALLEY HWY, TUKWILA, WA 98188, USA",47.4577751,-122.2434157
9356,"25350 PACIFIC HWY S, KENT, WA 98032, USA",47.3750851,-122.3006293
9357,"302 15TH AVE NE, AUBURN, WA 98002, USA",,
9358,"11744 LAKE CITY WAY NE, SEATTLE, WA 98125, USA",47.7150325,-122.2973165
9359,"15945 REDMOND WAY, REDMOND, WA 98052, USA",47.6744652,-122.127869
9360,"11525 NE 124TH ST, KIRKLAND, WA 98034, USA",47.7109677,-122.1870014
9361,"940 BELLEVUE WAY NE, BELLEVUE, WA 98004, USA",47.6190358,-122.2012836
9362,"5315 15TH AVE NW, Seattle, WA 98107, USA",47.6677358,-122.3766815
9363,"15010 TUKWILA INTERNATIONAL BLVD, TUKWILA, WA 98188, USA",47.4683888,-122.2868587
9364,"230 RAINIER AVE S, RENTON, WA 98057, USA",47.4805816,-122.2168412
9365,"10050 16TH AVE SW, SEATTLE, WA 98146, USA",47.5123572,-122.3546557
9366,"16703 SE 272ND ST, COVINGTON, WA 98042, USA",47.3579,-122.1189762
9367,"505 E SMITH ST, KENT, WA 98030, USA",47.3836321,-122.2278359
9368,"1913 2ND AVE, Seattle, WA 98101, USA",47.6111204,-122.3410265
9369,"816 S 216TH ST, DES MOINES, WA 98198, USA",47.409031,-122.3209452
9370,"401 W MAIN ST, Auburn, WA 98001, USA",47.3082109,-122.2347938
9371,"2255 HARBOR AVE SW, SEATTLE, WA 98126, USA",47.5833244,-122.3746686
9372,"4332 LEARY WAY NW, SEATTLE, WA 98107, USA",47.6598123,-122.3652258
9373,"3615 W VALLEY HWY N, 103, AUBURN, WA 98001, USA",,
9374,"24526 36TH AVE S, Kent, WA 98032, USA",47.3584344,-122.2879492
9375,"24526 36TH AVE S, KENT, WA 98032, USA",47.3584344,-122.2879492
9376,"210 W MAIN ST, Auburn, WA 98001, USA",47.3073076,-122.2327029
9377,"4141 81ST AVE SE, Mercer Island, WA 98040, USA",47.5716273,-122.2310544
9378,"3770 SW ALASKA ST, Seattle, WA 98126, USA",47.5611813,-122.3799214
9379,"3501 SW AVALON WAY, SEATTLE, WA 98126, USA",47.5638312,-122.3764326
9380,"4426 CALIFORNIA AVE SW, Seattle, WA 98116, USA",47.5638301,-122.3865617
9381,"6760 34TH AVE SW, SEATTLE, WA 98126, USA",47.5411646,-122.3742154
9382,"9005 35TH AVE SW, SEATTLE, WA 98126, USA",47.5226145,-122.3769004
9383,"4470 35TH AVE SW, SEATTLE, WA 98126, USA",47.5621733,-122.3728582
9384,"2141 CALIFORNIA AVE SW, SEATTLE, WA 98116, USA",47.5841214,-122.3866194
9385,"9405 16TH AVE SW, SEATTLE, WA 98106, USA",47.5188946,-122.355361
9386,"2629 SW ANDOVER ST, SEATTLE, WA 98126, USA",47.5679967,-122.3676426
9387,"3000 CALIFORNIA AVE SW, SEATTLE, WA 98116, USA",47.5761065,-122.3850407
9388,"6425 SW ADMIRAL WAY, SEATTLE, WA 98116, USA",47.5758805,-122.4149125
9389,"5275 CALIFORNIA AVE SW, SEATTLE, WA 98136, USA",47.5541895,-122.3873843
9390,"4201 SW MORGAN ST, SEATTLE, WA 98136, USA",47.5447063,-122.3870106
9391,"3618 WEST VALLEY HWY, AUBURN, WA 98001, USA",47.3402698,-122.2492107
9392,"900 POPLAR PL S, F, SEATTLE, WA 98144, USA",,
9393,"2329 CALIFORNIA AVE SW, Seattle, WA 98116, USA",47.5821486,-122.3867171
9394,"5601 4TH AVE NW, SEATTLE, WA 98107, USA",47.6697453,-122.3621815
9395,"2001 8th AVE, Seattle, WA 98121, USA",47.6160223,-122.337357
9396,"2001 8TH AVE, STE #450, SEATTLE, WA 98121, USA",,
9397,"5700 1ST AVE S, SEATTLE, WA 98108, USA",47.5517195,-122.3338826
9398,"1412 156TH AVE NE, BELLEVUE, WA 98007, USA",47.6227133,-122.1319176
9399,"251 SUNSET BLVD N, #B, Renton, WA 98057, USA",,
9400,"19515 88TH AVE NE, Bothell, WA 98011, USA",47.7702635,-122.2255031
9401,"600 BELLEVUE WAY NE, BELLEVUE, WA 98004, USA",47.6158504,-122.2008915
9402,"1900 5TH AVE, SEATTLE, WA 98101, USA",47.613687,-122.3382688
9403,"2132 WESTLAKE AVE N, Seattle, WA 98109, USA",47.6385488,-122.3405474
9404,"5201 UNIVERSITY WAY NE, B, SEATTLE, WA 98105, USA",47.6666898,-122.3135223
9405,"1509 E MADISON ST, #A, SEATTLE, WA 98122, USA",,
9406,"1111 3RD AVE, PLZ02, Seattle, WA 98101, USA",,
9407,"2501 N NORTHLAKE WAY, SEATTLE, WA 98103, USA",47.6517614,-122.3288022
9408,"21200 SE 416TH ST, Enumclaw, WA 98022, USA",47.2295566,-122.0577372
9409,"1215 NE 65TH ST, SEATTLE, WA 98115, USA",47.6757049,-122.3150052
9410,"7908 35TH AVE SW, SEATTLE, WA 98126, USA",47.5315631,-122.3761836
9411,"1109 N 35TH ST, SEATTLE, WA 98103, USA",47.6494094,-122.343591
9412,"633 SOUTHCENTER MALL, 9240, TUKWILA, WA 98188, USA",,
9413,"1928-B S COMMONS, #H1-A, FEDERAL WAY, WA 98003, USA",,
9414,"1085 BELLEVUE SQ, BELLEVUE, WA 98004, USA",,
9415,"10630 Main ST, BELLEVUE, WA 98004, USA",47.6104848,-122.1977207
9416,"160 BELLEVUE SQ, 160, BELLEVUE, WA 98004, USA",,
9417,"9808 16th AVE SW, SEATTLE, WA 98106, USA",47.5151644,-122.3548347
9418,"9808 16TH AVE SW, SEATTLE, WA 98106, USA",47.5151644,-122.3548347
9419,"927 AUBURN WAY N, AUBURN, WA 98002, USA",47.3170505,-122.222164
9420,"1110 NW 50th ST, SEATTLE, WA 98107, USA",47.6652291,-122.371432
9421,"2122 2ND AVE, #101, SEATTLE, WA 98121, USA",,
9422,"6451 CALIFORNIA AVE SW, SEATTLE, WA 98136, USA",47.5451395,-122.3874303
9423,"809 S 4TH ST, RENTON, WA 98057, USA",47.4780171,-122.2062081
9424,"116 RAILROAD AVE E, SKYKOMISH, WA 98288, USA",47.7094757,-121.3597528
9425,"15830 1st AVE S, BURIEN, WA 98148, USA",47.4611848,-122.332427
9426,"10452 15TH AVE SW, Seattle, WA 98146, USA",47.5089809,-122.3528393
9427,"10016 16TH AVE SW, SEATTLE, WA 98146, USA",47.5131747,-122.3548478
9428,"10015 6TH AVE SW, SEATTLE, WA 98146, USA",47.5129431,-122.3439561
9429,"1505 SW ROXBURY ST, Seattle, WA 98106, USA",47.5172952,-122.3542493
9430,"5600 ROOSEVELT WAY NE, K112, SEATTLE, WA 98105, USA",,
9431,"1908 POST ALY, SEATTLE, WA 98101, USA",47.6102021,-122.3420467
9432,"1730 RAILROAD AVE, ENUMCLAW, WA 98022, USA",,
9433,"1001 FAIRVIEW AVE N, SEATTLE, WA 98109, USA",47.629117,-122.3317974
9434,"1320 NW 75TH ST, SEATTLE, WA 98117, USA",47.6839154,-122.3734103
9435,"2001 15TH AVE W, SEATTLE, WA 98119, USA",47.6369803,-122.3769082
9436,"11449 RAINIER AVE S, Seattle, WA 98178, USA",47.4997919,-122.2212064
9437,"2255 140TH AVE NE, Bellevue, WA 98005, USA",47.6306101,-122.1543163
9438,"6021 MARTIN LUTHER KING JR WAY S, SEATTLE, WA 98118, USA",47.5472874,-122.2865371
9439,"2532 BEACON AVE S, SEATTLE, WA 98144, USA",47.5801508,-122.3127175
9440,"18230 EAST VALLEY HWY, 126, KENT, WA 98032, USA",47.4385839,-122.220247
9441,"94 PIKE ST, A, SEATTLE, WA 98101, USA",47.6088938,-122.3403867
9442,"500 BELLEVUE WAY NE, 110, BELLEVUE, WA 98004, USA",,
9443,"2202 8TH AVE, SEATTLE, WA 98121, USA",47.6176921,-122.3393278
9444,"1401 3RD AVE, SEATTLE, WA 98101, USA",47.6087816,-122.3371955
9445,"305 BURNETT AVE S, #B, Renton, WA 98057, USA",,
9446,"1408 NW 85TH ST, SEATTLE, WA 98117, USA",47.6908699,-122.3745664
9447,"1900 W NICKERSON ST, Seattle, WA 98119, USA",47.657156,-122.3797826
9448,"909 112TH AVE NE, #108, BELLEVUE, WA 98004, USA",,
9449,"202 1ST AVE S, KENT, WA 98032, USA",47.3808037,-122.2333969
9450,"8020 RAILROAD AVE, SNOQUALMIE, WA 98065, USA",47.5287156,-121.8248029
9451,"23701 MAPLE VALLEY BLK DIAMOND RD, Maple Valley, WA 98038, USA",,
9452,"835 NW GILMAN BLVD, ISSAQUAH, WA 98027, USA",47.5444496,-122.0506215
9453,"1021 E PIKE ST, Seattle, WA 98122, USA",47.6139709,-122.3182962
9454,"2405 S 300TH ST, FEDERAL WAY, WA 98003, USA",47.3321856,-122.301379
9455,"9214 45TH AVE SW, Seattle, WA 98136, USA",47.5209058,-122.390023
9456,"1400 NW 53RD ST, SEATTLE, WA 98107, USA",47.6674124,-122.3739021
9457,"15705 MAIN ST NE, A, DUVALL, WA 98019, USA",,
9458,"7802 CENTER BLVD SE, A, SNOQUALMIE, WA 98065, USA",,
9459,"4619 26TH AVE NE, SEATTLE, WA 98105, USA",47.6623061,-122.300044
9460,"214 WILLIAMS AVE S, Renton, WA 98057, USA",47.4806669,-122.2063455
9461,"216 BELLEVUE SQUARE, Bellevue, WA 98004, USA",,
9462,"25014 74TH AVE S, Kent, WA 98032, USA",47.3772731,-122.2422397
9463,"2100 6TH AVE, SEATTLE, WA 98121, USA",47.6153914,-122.3396249
9464,"13002 SE 304TH ST, AUBURN, WA 98092, USA",47.3297357,-122.1681922
9465,"14858 NE 95TH ST, REDMOND, WA 98052, USA",47.6862274,-122.142272
9466,"14580 NE 145TH ST S, WOODINVILLE, WA 98072, USA",,
9467,"12280 REDMOND WOODINVILLE RD NE, REDMOND, WA 98052, USA",47.7096423,-122.1298854
9468,"10402 WILLOWS RUN RD NE, Redmond, WA 98052, USA",,
9469,"10402 WILLOWS RD NE, Redmond, WA 98052, USA",47.6969853,-122.147117
9470,"160 SW CAMPUS DR, FEDERAL WAY, WA 98023, USA",47.2969298,-122.3449094
9471,"21100 91ST PL S, KENT, WA 98031, USA",47.4142951,-122.219034
9472,"21100 S 91ST PL S, KENT, WA 98031, USA",,
9473,"5918 PHINNEY AVE N, SEATTLE, WA 98103, USA",47.672328,-122.3541759
9474,"317 NW GILMAN BLVD, 30B, Issaquah, WA 98027, USA",,
9475,"17205 VASHON HWY SW, VASHON ISLAND, WA 98070, USA",47.4506848,-122.4614252
9476,"1934 POST ALY, SEATTLE, WA 98101, USA",47.6103147,-122.3421554
9477,"7818 GREENWOOD AVE N, Seattle, WA 98103, USA",47.6861003,-122.3550206
9478,"1201 ALASKAN WAY, 101, SEATTLE, WA 98101, USA",,
9479,"3701 S KENYON ST, SEATTLE, WA 98118, USA",47.5302754,-122.2847849
9480,"1001 NE 67th ST, SEATTLE, WA 98115, USA",47.6771476,-122.3171336
9481,"15702 1st AVE S, BURIEN, WA 98148, USA",47.4622559,-122.3338011
9482,"3208 RAINIER AVE S, SEATTLE, WA 98144, USA",47.5748196,-122.2952592
9483,"2600 SW BARTON ST, #B8, SEATTLE, WA 98126, USA",47.5226992,-122.3667633
9484,"10002 AURORA AVE N, SEATTLE, WA 98133, USA",47.7022123,-122.3441264
9485,"110 Denny WAY, SEATTLE, WA 98109, USA",47.6187382,-122.3549108
9486,"13032 SE KENT KANGLEY RD, KENT, WA 98030, USA",47.3585299,-122.1666997
9487,"4710 NE 4th ST, 103, RENTON, WA 98059, USA",,
9488,"1812 BROADWAY, R202, Seattle, WA 98122, USA",,
9489,"20121 AURORA AVE N, B, SHORELINE, WA 98133, USA",,
9490,"31653 PACIFIC HWY S, A, FEDERAL WAY, WA 98003, USA",,
9491,"4025 A ST SE, B108, Auburn, WA 98002, USA",,
9492,"14875 MAIN ST, BELLEVUE, WA 98007, USA",47.6095328,-122.1414037
9493,"17424 SOUTHCENTER PKWY, TUKWILA, WA 98188, USA",47.4465334,-122.261554
9494,"804 N LANDING WAY, A, RENTON, WA 98057, USA",,
9495,"321 RAMSAY WAY, KENT, WA 98032, USA",47.3839066,-122.2351445
9496,"10500 NE 8TH ST, 218, Bellevue, WA 98004, USA",,
9497,"826-B NW 49th ST, SEATTLE, WA 98107, USA",47.6643042,-122.359931
9498,"301 FRONT ST N, Issaquah, WA 98029, USA",47.532895,-122.036578
9499,"19501 144TH AVE NE, A400, WOODINVILLE, WA 98072, USA",,
9500,"18012 W VALLEY HWY, 103, KENT, WA 98032, USA",,
9501,"420 ELLINGSON RD, 102, PACIFIC, WA 98047, USA",,
9502,"801 AUBURN WAY N, A, AUBURN, WA 98002, USA",,
9503,"405 CENTRAL AVE N, 101, KENT, WA 98032, USA",,
9504,"6316 6TH AVE S, Seattle, WA 98108, USA",47.5457313,-122.3258349
9505,"225 108th AVE NE, 200, BELLEVUE, WA 98004, USA",,
9506,"9617 16th AVE SW, B, Seattle, WA 98106, USA",,
9507,"1105 6TH AVE, Seattle, WA 98101, USA",47.6078828,-122.3319371
9508,"1800 S JACKSON ST, E, SEATTLE, WA 98144, USA",47.5993658,-122.3080024
9509,"2231 QUEEN ANNE AVE N, Seattle, WA 98109, USA",47.6392843,-122.3571948
9510,"210 12TH AVE S, SEATTLE, WA 98144, USA",47.6003805,-122.316738
9511,"515 1ST AVE N, SEATTLE, WA 98109, USA",47.6235473,-122.3555347
9512,"989 112TH AVE NE, ,#205, BELLEVUE, WA 98004, USA",47.6190839,-122.1912725
9513,"2513 S JACKSON ST, SEATTLE, WA 98144, USA",47.5991362,-122.29925
9514,"16175 CLEVELAND ST, #109, REDMOND, WA 98052, USA",,
9515,"13550 NE VILLAGE SQUARE DR, 1010, WOODINVILLE, WA 98072, USA",,
9516,"12950 NE 195TH ST, Bothell, WA 98011, USA",47.7678866,-122.1672295
9517,"13940 NE 166TH ST, WOODINVILLE, WA 98072, USA",47.7481095,-122.1717612
9518,"14126 NE WOODINVILLE/ DUVALL RD, D-21, WOODINVILLE, WA 98072, USA",,
9519,"17410 133RD AVE NE, Suite 101, WOODINVILLE, WA 98072, USA",,
9520,"14170 WOODINVILLE DUV RD NE, Woodinville, WA 98072, USA",,
9521,"15902 WOODINVILLE REDMOND RD NE, D, WOODINVILLE, WA 98072, USA",,
9522,"12801 NE 175TH ST, WOODINVILLE, WA 98072, USA",47.7530705,-122.1689605
9523,"19819 136TH AVE NE, WOODINVILLE, WA 98072, USA",47.7707408,-122.1612865
9524,"14509 WOODINVILLE-REDMOND RD NE, WOODINVILLE, WA 98072, USA",47.7333929,-122.1531717
9525,"1417 NW 54TH ST, SEATTLE, WA 98107, USA",47.6677883,-122.3751536
9526,"5500 PHINNEY AVE N, Seattle, WA 98103, USA",47.6685211,-122.3528737
9527,"1200 CARILLON PT, Kirkland, WA 98033, USA",47.6570963,-122.2068635
9528,"26454 16TH AVE S, Seattle, WA 98198, USA",47.5253832,-122.3128328
9529,"12225 NE 160TH ST, Bothell, WA 98011, USA",47.7436049,-122.1777793
9530,"12619 SE 20TH PL, BELLEVUE, WA 98005, USA",47.5921235,-122.1727418
9531,"15610 SE 272ND ST, B101, KENT, WA 98042, USA",,
9532,"2002 BELLEVUE SQ, BELLEVUE, WA 98004, USA",,
9533,"7819 S 196TH ST, KENT, WA 98032, USA",47.4258876,-122.2358224
9534,"700 BELLEVUE WAY NE, 140, BELLEVUE, WA 98004, USA",,
9535,"18367 8TH AVE S, BURIEN, WA 98148, USA",47.4378524,-122.3250574
9536,"19508 AURORA AVE N, SHORELINE, WA 98133, USA",47.7708882,-122.3457257
9537,"2116 S 314th ST, FEDERAL WAY, WA 98003, USA",47.3210684,-122.3066573
9538,"8976 161ST AVE NE, REDMOND, WA 98052, USA",47.681993,-122.1251966
9539,"672 S KING ST, SEATTLE, WA 98104, USA",47.5984658,-122.3240964
9540,"2200 ALASKAN WAY, SEATTLE, WA 98121, USA",47.6112016,-122.3476189
9541,"1915 1ST AVE W, SEATTLE, WA 98119, USA",47.6368457,-122.3589766
9542,"5999 Rainier AVE S, Seattle, WA 98118, USA",47.5475503,-122.2769907
9543,"19495 144th AVE NE, #210, WOODINVILLE, WA 98072, USA",,
9544,"14339 NE 20TH ST, D, Bellevue, WA 98007, USA",,
9545,"1111 E PIKE ST, 11, SEATTLE, WA 98122, USA",,
9546,"3318 NE 55TH ST, SEATTLE, WA 98105, USA",47.6686572,-122.2919139
9547,"5259 UNIVERSITY WAY NE, SEATTLE, WA 98105, USA",47.6681942,-122.3132012
9548,"1075 BELLEVUE WAY NE, B-2, BELLEVUE, WA 98004, USA",47.6197288,-122.2027458
9549,"278 106TH AVE NE, 102D, BELLEVUE, WA 98004, USA",,
9550,"14509 NE 20th ST, I, Bellevue, WA 98007, USA",,
9551,"13200 AURORA AVE N, A, SEATTLE, WA 98133, USA",,
9552,"1905 4th AVE, SEATTLE, WA 98101, USA",47.6122913,-122.3391522
9553,"306 23RD AVE S, Seattle, WA 98144, USA",47.6001494,-122.3021139
9554,"1424 11TH AVE, #A, SEATTLE, WA 98122, USA",,
9555,"315 2ND AVE S, 100, Seattle, WA 98104, USA",,
9556,"3401 4TH AVE S, Seattle, WA 98134, USA",47.5735891,-122.3295347
9557,"17321 BOTHELL WAY NE, Bothell, WA 98011, USA",47.7533283,-122.2125935
9558,"1510 E OLIVE WAY, SEATTLE, WA 98122, USA",47.6180814,-122.3261573
9559,"434 MAIN AVE S, NORTH BEND, WA 98045, USA",47.4922673,-121.7881245
9560,"4744 UNIVERSITY WAY NE, Seattle, WA 98105, USA",47.6644102,-122.3129288
9561,"8510 122ND AVE NE, KIRKLAND, WA 98033, USA",47.6795362,-122.177435
9562,"6920 COAL CREEK PKWY SE, 10, NEWCASTLE, WA 98059, USA",,
9563,"4730 UNIVERSITY WAY NE, #103, SEATTLE, WA 98105, USA",47.6636997,-122.3129525
9564,"7419 GREENWOOD AVE N, Seattle, WA 98103, USA",47.683085,-122.3554868
9565,"1404 S CENTRAL AVE, 104, KENT, WA 98032, USA",,
9566,"8313 GREENWOOD AVE N, SEATTLE, WA 98103, USA",47.6888512,-122.3557588
9567,"1501 4TH AVE, #118, SEATTLE, WA 98101, USA",,
9568,"3200 15TH AVE W, Seattle, WA 98119, USA",47.6486633,-122.3759838
9569,"5309 22nd AVE NW, D, Seattle, WA 98107, USA",47.6669347,-122.3849664
9570,"6969 COAL CREEK PKWY SE, NEWCASTLE, WA 98059, USA",47.538195,-122.1661117
9571,"922 E YESLER WAY, Seattle, WA 98122, USA",47.601855,-122.3198323
9572,"2332 E MADISON ST, SEATTLE, WA 98112, USA",47.6200605,-122.301488
9573,"8014 15TH AVE NE, SEATTLE, WA 98115, USA",47.6871381,-122.3119945
9574,"575 BELLEVUE SQUARE SQ, #175, BELLEVUE, WA 98004, USA",,
9575,"10617 NE 2ND ST, BELLEVUE, WA 98004, USA",47.6118535,-122.1982764
9576,"683 156TH AVE SE, BELLEVUE, WA 98007, USA",47.6040681,-122.1326366
9577,"116 CENTRAL WAY, KIRKLAND, WA 98033, USA",47.676658,-122.2075411
9578,"16860 SOUTHCENTER PKWY, TUKWILA, WA 98188, USA",47.4525751,-122.2614587
9579,"14725 AURORA AVE N, SHORELINE, WA 98133, USA",47.7358025,-122.3455105
9580,"18105 142ND AVE NE, WOODINVILLE, WA 98072, USA",47.758384,-122.1497094
9581,"3970 W LAKE SAMMAMISH PKWY NE, REDMOND, WA 98052, USA",47.6457167,-122.1072152
9582,"1101 34TH AVE, SEATTLE, WA 98122, USA",47.6117799,-122.2895304
9583,"34024 HOYT RD SW, B, FEDERAL WAY, WA 98023, USA",,
9584,"1903 YALE PL E, 108, SEATTLE, WA 98102, USA",47.6359165,-122.3259919
9585,"10218 SE 240TH ST, Kent, WA 98031, USA",47.3876449,-122.2037112
9586,"16743 Aurora AVE N, Shoreline, WA 98133, USA",47.7518256,-122.34612
9587,"2800 SOUTHCENTER MALL, 2628, TUKWILA, WA 98188, USA",,
9588,"518 S KING ST, SEATTLE, WA 98104, USA",47.598463,-122.3268185
9589,"10406 HOLMAN RD N, SEATTLE, WA 98133, USA",47.7044578,-122.3561119
9590,"1010 MADISON ST, Seattle, WA 98104, USA",47.6091236,-122.3259714
9591,"8620 139TH AVE SE, NEWCASTLE, WA 98059, USA",47.5244647,-122.155143
9592,"14322 124TH AVE NE, Kirkland, WA 98034, USA",47.7303704,-122.1754869
9593,"2110 N 45th ST, SEATTLE, WA 98103, USA",47.661502,-122.333122
9594,"13433 NE 20TH ST, J, BELLEVUE, WA 98005, USA",,
9595,"19239 DES MOINES MEMORIAL DR S, SEA TAC, WA 98148, USA",,
9596,"20809 72nd AVE S, 170, KENT, WA 98032, USA",,
9597,"9413 16TH AVE SW, SEATTLE, WA 98106, USA",47.5187113,-122.3553714
9598,"4129 UNIVERSITY WAY NE, Seattle, WA 98105, USA",47.6577128,-122.313397
9599,"17627 128TH PL NE, WOODINVILLE, WA 98072, USA",47.7512961,-122.1699409
9600,"10850 MYERS WAY S, SEATTLE, WA 98168, USA",47.5054254,-122.3332551
9601,"10641 16TH AVE SW, Seattle, WA 98146, USA",47.5075214,-122.3556137
9602,"900 N 160TH ST, SHORELINE, WA 98133, USA",47.7452622,-122.3478384
9603,"1401 Yesler WAY, SEATTLE, WA 98122, USA",47.6011058,-122.3137516
9604,"3217 W MCGRAW ST, Seattle, WA 98199, USA",47.6394165,-122.3991557
9605,"17847 1ST AVE S, NORMANDY PARK, WA 98148, USA",47.4418088,-122.335777
9606,"8421 SE 68TH ST, MERCER ISLAND, WA 98040, USA",47.5409439,-122.2259778
9607,"1540 NW GILMAN BLVD, ISSAQUAH, WA 98027, USA",47.5465573,-122.060388
9608,"3550 FACTORIA BLVD SE, BELLEVUE, WA 98006, USA",47.5786649,-122.1671848
9609,"2600 SW BARTON ST, SEATTLE, WA 98126, USA",47.5221092,-122.3679575
9610,"4570 KLAHANIE DR SE, ISSAQUAH, WA 98029, USA",47.5653472,-122.0034555
9611,"1531 NE 145TH ST, SEATTLE, WA 98125, USA",47.7332376,-122.3107372
9612,"1009 MONROE ST, ENUMCLAW, WA 98022, USA",,
9613,"1510 145th PL SE, BELLEVUE, WA 98007, USA",47.596884,-122.1485043
9614,"417 BROADWAY E, SEATTLE, WA 98102, USA",47.6224273,-122.3214738
9615,"33320 PACIFIC HWY S, 103B, FEDERAL WAY, WA 98003, USA",,
9616,"1857 NW 195TH ST, SHORELINE, WA 98177, USA",47.7703739,-122.3822558
9617,"4008 NE 55TH ST, SEATTLE, WA 98105, USA",47.6686261,-122.2842517
9618,"1319 N 49TH ST, SEATTLE, WA 98103, USA",47.664175,-122.341127
9619,"1928 S COMMONS, 24, FEDERAL WAY, WA 98003, USA",,
9620,"1306 UNION AVE NE, #12, Renton, WA 98059, USA",,
9621,"522 6TH AVE S, SEATTLE, WA 98104, USA",47.597718,-122.3261917
9622,"1250 SW 43RD ST, #C, RENTON, WA 98057, USA",,
9623,"8900 161ST AVE NE, 145, Redmond, WA 98052, USA",,
9624,"1902-A S COMMONS, B3, FEDERAL WAY, WA 98003, USA",,
9625,"17218 REDMOND WAY, REDMOND, WA 98052, USA",47.6726114,-122.1099678
9626,"28849 MILITARY RD S, FEDERAL WAY, WA 98003, USA",47.3421966,-122.3020096
9627,"10844 SE 208TH ST, Kent, WA 98031, USA",47.4160378,-122.1955651
9628,"622 1ST AVE N, Seattle, WA 98109, USA",47.6253299,-122.3551183
9629,"7729 RAINIER AVE S, #A, SEATTLE, WA 98118, USA",,
9630,"4400 RAINIER AVE S, Seattle, WA 98118, USA",47.5638872,-122.2878911
9631,"8461 SE 68TH ST, #104, MERCER ISLAND, WA 98040, USA",,
9632,"15600 NE 8TH ST, B6, BELLEVUE, WA 98008, USA",,
9633,"2722 E CHERRY ST, Seattle, WA 98122, USA",47.6081172,-122.2966719
9634,"1100 PIKE ST, SEATTLE, WA 98101, USA",47.6136753,-122.3288633
9635,"8000 LAKE CITY WAY NE, SEATTLE, WA 98115, USA",47.6868301,-122.3128185
9636,"17722 VASHON HWY SW, VASHON ISLAND, WA 98070, USA",,
9637,"3410 FREMONT AVE N, Seattle, WA 98103, USA",47.6499101,-122.3495767
9638,"540 RAINIER AVE S, Renton, WA 98057, USA",47.4922958,-122.2186527
9639,"2114 NE 65TH ST, SEATTLE, WA 98115, USA",47.6759088,-122.304399
9640,"7815 AURORA AVE N, SEATTLE, WA 98103, USA",47.6856869,-122.3446667
9641,"426 S Massachusetts ST, SEATTLE, WA 98134, USA",47.5885641,-122.3280552
9642,"1830 E MERCER ST, Seattle, WA 98112, USA",47.6245692,-122.3074746
9643,"16015 CLEVELAND ST, REDMOND, WA 98052, USA",47.6743887,-122.1271586
9644,"2108 NE 65TH ST, Seattle, WA 98115, USA",47.6759104,-122.3047966
9645,"1915 QUEEN ANNE AVE N, SEATTLE, WA 98109, USA",47.6365164,-122.3572078
9646,"15630 MAIN ST, Duvall, WA 98019, USA",47.741478,-121.9857419
9647,"6459 CALIFORNIA AVE SW, Seattle, WA 98136, USA",47.5450433,-122.3874243
9648,"419 DENNY WAY, SEATTLE, WA 98109, USA",47.6184647,-122.3478284
9649,"7900 E GREENLAKE DR N, Seattle, WA 98103, USA",,
9650,"2525 NE PARK DR, ISSAQUAH, WA 98029, USA",47.5475671,-121.9972143
9651,"9809 16TH AVE SW, SEATTLE, WA 98106, USA",47.5152554,-122.3553727
9652,"820 STEWART ST, B, SEATTLE, WA 98101, USA",,
9653,"171 S JACKSON ST, SEATTLE, WA 98104, USA",47.599091,-122.331856
9654,"21 CENTRAL WAY, KIRKLAND, WA 98033, USA",47.6762282,-122.2084407
9655,"1314 DENNY WAY, Seattle, WA 98109, USA",47.6186495,-122.3296333
9656,"14545 148TH AVE NE, WOODINVILLE, WA 98072, USA",47.7342874,-122.1423319
9657,"7111 RAINIER AVE S, Seattle, WA 98118, USA",47.5387767,-122.2710084
9658,"4703 21ST AVE NE, Seattle, WA 98105, USA",47.6632741,-122.3060402
9659,"1501 WESTERN AVE, Seattle, WA 98101, USA",47.6083206,-122.3415334
9660,"7525 166TH AVE NE, REDMOND, WA 98052, USA",47.6709477,-122.1190552
9661,"1431 MARKET ST, KIRKLAND, WA 98033, USA",47.6874104,-122.2102233
9662,"10645 16TH AVE SW, Seattle, WA 98146, USA",47.507394,-122.3556729
9663,"1314 Denny Way #103, Seattle, WA 98109, USA",,
9664,"1219 E JEFFERSON ST, SEATTLE, WA 98122, USA",47.6060688,-122.3159174
9665,"9901 8th Ave SW, Seattle, WA 98106-3036, USA",47.514518,-122.3454665
9666,"129 CENTRAL WAY, KIRKLAND, WA 98033, USA",47.6763592,-122.207194
9667,"2200 N 56TH ST, Seattle, WA 98103, USA",47.6688114,-122.332867
9668,"402 E MAIN ST, 102, AUBURN, WA 98002, USA",,
9669,"212 CENTRAL WAY, KIRKLAND, WA 98033, USA",47.6771938,-122.2054383
9670,"2615 NE 65TH ST, SEATTLE, WA 98115, USA",47.6756729,-122.2987429
9671,"628 S WELLER ST, SEATTLE, WA 98104, USA",47.5976314,-122.325256
9672,"10234 MAIN ST, BOTHELL, WA 98011, USA",47.7604964,-122.2023639
9673,"11752 15TH AVE NE, SEATTLE, WA 98125, USA",47.7156117,-122.3120561
